[02:16:52] Team Create init (log: A:\s&box projects\test\test\Libraries\teamcreate\logs\tc-20260905-021652.log)
[02:17:17] Connect 127.0.0.1:4877...
[02:17:17] Файловый синк: A:\s&box projects\test\test
[02:17:17] SceneDelta: watching A:\s&box projects\test\test\Assets\scenes + prefabs (tracked: 1)
[02:17:17] Password hash: ***
[02:17:17] Подключение к 127.0.0.1:4877...
[02:17:17] Подключено!
[02:17:17] Peers in room: 2
[02:17:17] Live watch: запущен
[02:17:17] [delta] resync: baseline сброшен
[02:17:17] Отправляю состояние проекта пирам...
[02:17:17] [in] file: Code/Assembly.cs (92 bytes)
[02:17:17] [in] file: ProjectSettings/Platform.config (244 bytes)
[02:17:17] [in] file: Editor/Assembly.cs (114 bytes)
[02:17:17] [in] file: ProjectSettings/Collision.config (649 bytes)
[02:17:17] [in] file: .gitignore (437 bytes)
[02:17:17] [in] file: ProjectSettings/Input.config (5038 bytes)
[02:17:17] Sync complete
[02:17:17] [in] snapshot: Assets/scenes/minimal.scene (87294 байт)
[02:17:17] [in] сцена обновлена: Assets/scenes/minimal.scene
[02:17:17] [out] snapshot: Assets/scenes/minimal.scene (87294 байт)
[02:17:17] [in] patch minimal.scene: 2 изменений
[02:17:17] [in] сцена обновлена: Assets/scenes/minimal.scene
[02:17:17] [out] patch minimal.scene: +0 >0 ~0 -0
[02:17:17] [live] слежу за Assets/scenes/minimal.scene
[02:17:20] [delta] тик 300, tracked: 2, files seen: 1
[02:17:23] [delta] тик 600, tracked: 2, files seen: 1
[02:17:26] [delta] тик 900, tracked: 2, files seen: 1
[02:17:29] [delta] тик 1200, tracked: 2, files seen: 1
[02:17:32] [delta] тик 1500, tracked: 2, files seen: 1
[02:17:34] [in] patch minimal.scene: 1 изменений
[02:17:34] [in] сцена обновлена: Assets/scenes/minimal.scene
[02:17:34] [out] patch minimal.scene: +0 >0 ~0 -1
[02:17:35] [out] live patch minimal.scene: +1 >0 ~0 -0
[02:17:35] [delta] тик 1800, tracked: 2, files seen: 1
[02:17:36] [in] patch minimal.scene: 1 изменений
[02:17:36] [in] сцена обновлена: Assets/scenes/minimal.scene
[02:17:36] [out] patch minimal.scene: +1 >0 ~0 -0
[02:17:37] [out] live patch minimal.scene: +0 >0 ~0 -1
[02:17:38] [in] patch minimal.scene: 1 изменений
[02:17:38] [in] сцена обновлена: Assets/scenes/minimal.scene
[02:17:38] [out] patch minimal.scene: +0 >0 ~0 -1
[02:17:39] [out] live patch minimal.scene: +1 >0 ~0 -0
[02:17:39] [delta] тик 2100, tracked: 2, files seen: 1
[02:17:40] [in] patch minimal.scene: 1 изменений
[02:17:40] [in] сцена обновлена: Assets/scenes/minimal.scene
[02:17:40] [out] patch minimal.scene: +1 >0 ~0 -0
[02:17:40] [out] live patch minimal.scene: +0 >0 ~0 -1
[02:17:42] [delta] тик 2400, tracked: 2, files seen: 1
[02:17:42] [in] patch minimal.scene: 1 изменений
[02:17:42] [in] сцена обновлена: Assets/scenes/minimal.scene
[02:17:42] [out] patch minimal.scene: +0 >0 ~0 -1
[02:17:42] [out] live patch minimal.scene: +1 >0 ~0 -0
[02:17:44] [in] patch minimal.scene: 1 изменений
[02:17:44] [in] сцена обновлена: Assets/scenes/minimal.scene
[02:17:44] [out] patch minimal.scene: +1 >0 ~0 -0
[02:17:44] [out] live patch minimal.scene: +0 >0 ~0 -1
[02:17:45] [delta] тик 2700, tracked: 2, files seen: 1
[02:17:47] [in] patch minimal.scene: 1 изменений
[02:17:47] [in] сцена обновлена: Assets/scenes/minimal.scene
[02:17:47] [out] patch minimal.scene: +0 >0 ~0 -1
[02:17:48] [out] live patch minimal.scene: +1 >0 ~0 -0
[02:17:48] [delta] тик 3000, tracked: 2, files seen: 1
[02:17:48] [in] patch minimal.scene: 1 изменений
[02:17:48] [in] сцена обновлена: Assets/scenes/minimal.scene
[02:17:49] [out] patch minimal.scene: +1 >0 ~0 -0
[02:17:49] [out] live patch minimal.scene: +0 >0 ~0 -1
[02:17:50] [in] patch minimal.scene: пропущено 1 (конфликт с удалением)
[02:17:51] [delta] тик 3300, tracked: 2, files seen: 1
[02:17:53] [in] patch minimal.scene: 1 изменений
[02:17:53] [in] сцена обновлена: Assets/scenes/minimal.scene
[02:17:53] [out] patch minimal.scene: +0 >0 ~0 -1
[02:17:53] [out] live patch minimal.scene: +1 >0 ~0 -0
[02:17:54] [delta] тик 3600, tracked: 2, files seen: 1
[02:17:58] [delta] тик 3900, tracked: 2, files seen: 1
[02:18:00] [in] patch minimal.scene: 1 изменений
[02:18:00] [in] сцена обновлена: Assets/scenes/minimal.scene
[02:18:00] [out] patch minimal.scene: +0 >0 ~0 -1
[02:18:00] [out] live patch minimal.scene: +1 >0 ~0 -0
[02:18:01] [delta] тик 4200, tracked: 2, files seen: 1
[02:18:02] [in] patch minimal.scene: 2 изменений
[02:18:02] [in] сцена обновлена: Assets/scenes/minimal.scene
[02:18:02] [out] patch minimal.scene: +2 >0 ~0 -0
[02:18:02] [out] live patch minimal.scene: +0 >0 ~0 -2
[02:18:04] [in] patch minimal.scene: 2 изменений
[02:18:04] [in] сцена обновлена: Assets/scenes/minimal.scene
[02:18:04] [out] patch minimal.scene: +0 >0 ~0 -2
[02:18:04] [delta] тик 4500, tracked: 2, files seen: 1
[02:18:04] [out] live patch minimal.scene: +2 >0 ~0 -0
[02:18:07] [delta] тик 4800, tracked: 2, files seen: 1
[02:18:08] [out] live patch minimal.scene: +0 >0 ~0 -2
[02:18:10] [delta] тик 5100, tracked: 2, files seen: 1
[02:18:13] [delta] тик 5400, tracked: 2, files seen: 1
[02:18:16] [delta] тик 5700, tracked: 2, files seen: 1
[02:18:19] [delta] тик 6000, tracked: 2, files seen: 1
[02:18:23] [delta] тик 6300, tracked: 2, files seen: 1
[02:18:26] [delta] тик 6600, tracked: 2, files seen: 1
[02:18:29] [delta] тик 6900, tracked: 2, files seen: 1
[02:18:32] [delta] тик 7200, tracked: 2, files seen: 1
[02:18:35] [delta] тик 7500, tracked: 2, files seen: 1
[02:18:38] [delta] тик 7800, tracked: 2, files seen: 1
[02:18:41] [delta] тик 8100, tracked: 2, files seen: 1
[02:18:44] [delta] тик 8400, tracked: 2, files seen: 1
[02:18:47] [delta] тик 8700, tracked: 2, files seen: 1
[02:18:51] [delta] тик 9000, tracked: 2, files seen: 1
[02:18:54] [delta] тик 9300, tracked: 2, files seen: 1
[02:18:57] [delta] тик 9600, tracked: 2, files seen: 1
[02:19:00] [delta] тик 9900, tracked: 2, files seen: 1
[02:19:03] [delta] тик 10200, tracked: 2, files seen: 1
[02:19:06] [delta] тик 10500, tracked: 2, files seen: 1
[02:19:09] [delta] тик 10800, tracked: 2, files seen: 1
[02:19:12] [delta] тик 11100, tracked: 2, files seen: 1
[02:19:15] [delta] тик 11400, tracked: 2, files seen: 1
[02:19:18] [delta] тик 11700, tracked: 2, files seen: 1
[02:19:22] [delta] тик 12000, tracked: 2, files seen: 1
[02:19:25] [delta] тик 12300, tracked: 2, files seen: 1
[02:19:28] [delta] тик 12600, tracked: 2, files seen: 1
[02:19:31] [delta] тик 12900, tracked: 2, files seen: 1
[02:19:34] [delta] тик 13200, tracked: 2, files seen: 1
[02:19:37] [delta] тик 13500, tracked: 2, files seen: 1
[02:19:40] [delta] тик 13800, tracked: 2, files seen: 1
[02:19:43] [delta] тик 14100, tracked: 2, files seen: 1
[02:19:46] [delta] тик 14400, tracked: 2, files seen: 1
[02:19:49] [delta] тик 14700, tracked: 2, files seen: 1
[02:19:53] [delta] тик 15000, tracked: 2, files seen: 1
[02:19:56] [delta] тик 15300, tracked: 2, files seen: 1
[02:19:59] [delta] тик 15600, tracked: 2, files seen: 1
[02:20:02] [delta] тик 15900, tracked: 2, files seen: 1
[02:20:05] [delta] тик 16200, tracked: 2, files seen: 1
[02:20:08] [delta] тик 16500, tracked: 2, files seen: 1
[02:20:11] [delta] тик 16800, tracked: 2, files seen: 1
[02:20:14] [delta] тик 17100, tracked: 2, files seen: 1
[02:20:17] [delta] тик 17400, tracked: 2, files seen: 1
[02:20:20] [delta] тик 17700, tracked: 2, files seen: 1
[02:20:24] [delta] тик 18000, tracked: 2, files seen: 1
[02:20:27] [delta] тик 18300, tracked: 2, files seen: 1
[02:20:30] [delta] тик 18600, tracked: 2, files seen: 1
[02:20:33] [delta] тик 18900, tracked: 2, files seen: 1
[02:20:36] [delta] тик 19200, tracked: 2, files seen: 1
[02:20:39] [delta] тик 19500, tracked: 2, files seen: 1
[02:20:42] [delta] тик 19800, tracked: 2, files seen: 1
[02:20:45] [delta] тик 20100, tracked: 2, files seen: 1
[02:20:48] [delta] тик 20400, tracked: 2, files seen: 1
[02:20:51] [delta] тик 20700, tracked: 2, files seen: 1
[02:20:55] [delta] тик 21000, tracked: 2, files seen: 1
[02:20:58] [delta] тик 21300, tracked: 2, files seen: 1
[02:21:01] [delta] тик 21600, tracked: 2, files seen: 1
[02:21:04] [delta] тик 21900, tracked: 2, files seen: 1
[02:21:07] [delta] тик 22200, tracked: 2, files seen: 1
[02:21:10] [delta] тик 22500, tracked: 2, files seen: 1
[02:21:13] [delta] тик 22800, tracked: 1, files seen: 1
[02:21:16] [delta] тик 23100, tracked: 2, files seen: 1
[02:21:19] [delta] тик 23400, tracked: 2, files seen: 1
[02:21:22] [delta] тик 23700, tracked: 2, files seen: 1
[02:21:26] [delta] тик 24000, tracked: 2, files seen: 1
[02:21:29] [delta] тик 24300, tracked: 2, files seen: 1
[02:21:32] [delta] тик 24600, tracked: 2, files seen: 1
[02:21:35] [delta] тик 24900, tracked: 2, files seen: 1
[02:21:38] [delta] тик 25200, tracked: 2, files seen: 1
[02:21:41] [delta] тик 25500, tracked: 2, files seen: 1
[02:21:44] [delta] тик 25800, tracked: 2, files seen: 1
[02:21:47] [delta] тик 26100, tracked: 2, files seen: 1
[02:21:50] [delta] тик 26400, tracked: 2, files seen: 1
[02:21:53] [delta] тик 26700, tracked: 2, files seen: 1
[02:21:57] [delta] тик 27000, tracked: 2, files seen: 1
[02:22:00] [delta] тик 27300, tracked: 2, files seen: 1
[02:22:03] [delta] тик 27600, tracked: 2, files seen: 1
[02:22:06] [delta] тик 27900, tracked: 2, files seen: 1
[02:22:09] [delta] тик 28200, tracked: 2, files seen: 1
[02:22:12] [delta] тик 28500, tracked: 1, files seen: 1
[02:22:15] [delta] тик 28800, tracked: 2, files seen: 1
[02:22:18] [delta] тик 29100, tracked: 2, files seen: 1
[02:22:21] [delta] тик 29400, tracked: 2, files seen: 1
[02:22:24] [delta] тик 29700, tracked: 2, files seen: 1
[02:22:28] [delta] тик 30000, tracked: 2, files seen: 1
[02:22:31] [delta] тик 30300, tracked: 2, files seen: 1
[02:22:34] [delta] тик 30600, tracked: 2, files seen: 1
[02:22:37] [delta] тик 30900, tracked: 2, files seen: 1
[02:22:40] [delta] тик 31200, tracked: 2, files seen: 1
[02:22:43] [delta] тик 31500, tracked: 2, files seen: 1
[02:22:46] [delta] тик 31800, tracked: 2, files seen: 1
[02:22:49] [delta] тик 32100, tracked: 2, files seen: 1
[02:22:52] [delta] тик 32400, tracked: 2, files seen: 1
[02:22:55] [delta] тик 32700, tracked: 2, files seen: 1
[02:22:59] [delta] тик 33000, tracked: 2, files seen: 1
[02:23:02] [delta] тик 33300, tracked: 2, files seen: 1
[02:23:05] [delta] тик 33600, tracked: 2, files seen: 1
[02:23:08] [delta] тик 33900, tracked: 2, files seen: 1
[02:23:12] [delta] тик 34200, tracked: 2, files seen: 1
[02:23:15] [delta] тик 34500, tracked: 2, files seen: 1
[02:23:18] [delta] тик 34800, tracked: 2, files seen: 1
[02:23:21] [delta] тик 35100, tracked: 2, files seen: 1
[02:23:24] [delta] тик 35400, tracked: 2, files seen: 1
[02:23:27] [delta] тик 35700, tracked: 2, files seen: 1
[02:23:30] [delta] тик 36000, tracked: 2, files seen: 1
[02:23:33] [delta] тик 36300, tracked: 2, files seen: 1
[02:23:36] [delta] тик 36600, tracked: 2, files seen: 1
[02:23:39] [delta] тик 36900, tracked: 2, files seen: 1
[02:23:43] [delta] тик 37200, tracked: 2, files seen: 1
[02:23:46] [delta] тик 37500, tracked: 2, files seen: 1
[02:23:49] [delta] тик 37800, tracked: 2, files seen: 1
[02:23:52] [delta] тик 38100, tracked: 2, files seen: 1
[02:23:55] [delta] тик 38400, tracked: 2, files seen: 1
[02:23:58] [delta] тик 38700, tracked: 2, files seen: 1
[02:24:01] [delta] тик 39000, tracked: 2, files seen: 1
[02:24:04] [delta] тик 39300, tracked: 2, files seen: 1
[02:24:07] [delta] тик 39600, tracked: 2, files seen: 1
[02:24:10] [delta] тик 39900, tracked: 2, files seen: 1
[02:24:14] [delta] тик 40200, tracked: 2, files seen: 1
[02:24:17] [delta] тик 40500, tracked: 2, files seen: 1
[02:24:20] [delta] тик 40800, tracked: 2, files seen: 1
[02:24:23] [delta] тик 41100, tracked: 2, files seen: 1
[02:24:26] [delta] тик 41400, tracked: 2, files seen: 1
[02:24:29] [delta] тик 41700, tracked: 2, files seen: 1
[02:24:32] [delta] тик 42000, tracked: 2, files seen: 1
[02:24:35] [delta] тик 42300, tracked: 2, files seen: 1
[02:24:38] [delta] тик 42600, tracked: 2, files seen: 1
[02:24:41] [delta] тик 42900, tracked: 2, files seen: 1
[02:24:44] [delta] тик 43200, tracked: 2, files seen: 1
[02:24:48] [delta] тик 43500, tracked: 2, files seen: 1
[02:24:51] [delta] тик 43800, tracked: 2, files seen: 1
[02:24:54] [delta] тик 44100, tracked: 2, files seen: 1
[02:24:57] [delta] тик 44400, tracked: 2, files seen: 1
[02:25:00] [delta] тик 44700, tracked: 2, files seen: 1
[02:25:03] [delta] тик 45000, tracked: 2, files seen: 1
[02:25:06] [delta] тик 45300, tracked: 2, files seen: 1
[02:25:09] [delta] тик 45600, tracked: 2, files seen: 1
[02:25:12] [delta] тик 45900, tracked: 2, files seen: 1
[02:25:16] [delta] тик 46200, tracked: 2, files seen: 1
[02:25:19] [delta] тик 46500, tracked: 2, files seen: 1
[02:25:22] [delta] тик 46800, tracked: 2, files seen: 1
[02:25:25] [delta] тик 47100, tracked: 2, files seen: 1
[02:25:28] [delta] тик 47400, tracked: 2, files seen: 1
[02:25:31] [delta] тик 47700, tracked: 2, files seen: 1
[02:25:34] [delta] тик 48000, tracked: 2, files seen: 1
[02:25:37] [delta] тик 48300, tracked: 2, files seen: 1
[02:25:40] [delta] тик 48600, tracked: 2, files seen: 1
[02:25:44] [delta] тик 48900, tracked: 2, files seen: 1
[02:25:47] [delta] тик 49200, tracked: 2, files seen: 1
[02:25:50] [delta] тик 49500, tracked: 2, files seen: 1
[02:25:53] [delta] тик 49800, tracked: 2, files seen: 1
[02:25:56] [delta] тик 50100, tracked: 2, files seen: 1
[02:25:59] [delta] тик 50400, tracked: 2, files seen: 1
[02:26:02] [delta] тик 50700, tracked: 2, files seen: 1
[02:26:05] [delta] тик 51000, tracked: 2, files seen: 1
[02:26:08] [delta] тик 51300, tracked: 2, files seen: 1
[02:26:11] [delta] тик 51600, tracked: 2, files seen: 1
[02:26:14] [delta] тик 51900, tracked: 2, files seen: 1
[02:26:18] [delta] тик 52200, tracked: 2, files seen: 1
[02:26:21] [delta] тик 52500, tracked: 2, files seen: 1
[02:26:24] [delta] тик 52800, tracked: 2, files seen: 1
[02:26:27] [delta] тик 53100, tracked: 2, files seen: 1
[02:26:30] [delta] тик 53400, tracked: 2, files seen: 1
[02:26:33] [delta] тик 53700, tracked: 2, files seen: 1
[02:26:36] [delta] тик 54000, tracked: 2, files seen: 1
[02:26:39] [delta] тик 54300, tracked: 2, files seen: 1
[02:26:42] [delta] тик 54600, tracked: 2, files seen: 1
[02:26:46] [delta] тик 54900, tracked: 2, files seen: 1
[02:26:49] [delta] тик 55200, tracked: 2, files seen: 1
[02:26:52] [delta] тик 55500, tracked: 2, files seen: 1
[02:26:55] [delta] тик 55800, tracked: 2, files seen: 1
[02:26:58] [delta] тик 56100, tracked: 2, files seen: 1
[02:27:01] [delta] тик 56400, tracked: 2, files seen: 1
[02:27:04] [delta] тик 56700, tracked: 2, files seen: 1
[02:27:07] [delta] тик 57000, tracked: 2, files seen: 1
[02:27:10] [delta] тик 57300, tracked: 2, files seen: 1
[02:27:13] [delta] тик 57600, tracked: 2, files seen: 1
[02:27:17] [delta] тик 57900, tracked: 2, files seen: 1
[02:27:20] [delta] тик 58200, tracked: 2, files seen: 1
[02:27:23] [delta] тик 58500, tracked: 2, files seen: 1
[02:27:26] [delta] тик 58800, tracked: 2, files seen: 1
[02:27:29] [delta] тик 59100, tracked: 2, files seen: 1
[02:27:32] [delta] тик 59400, tracked: 2, files seen: 1
[02:27:35] [delta] тик 59700, tracked: 2, files seen: 1
[02:27:38] [delta] тик 60000, tracked: 2, files seen: 1
[02:27:41] [delta] тик 60300, tracked: 2, files seen: 1
[02:27:44] [delta] тик 60600, tracked: 2, files seen: 1
[02:27:48] [delta] тик 60900, tracked: 2, files seen: 1
[02:27:51] [delta] тик 61200, tracked: 2, files seen: 1
[02:27:54] [delta] тик 61500, tracked: 2, files seen: 1
[02:27:57] [delta] тик 61800, tracked: 2, files seen: 1
[02:28:00] [delta] тик 62100, tracked: 2, files seen: 1
[02:28:03] [delta] тик 62400, tracked: 2, files seen: 1
[02:28:06] [delta] тик 62700, tracked: 2, files seen: 1
[02:28:09] [delta] тик 63000, tracked: 2, files seen: 1
[02:28:12] [delta] тик 63300, tracked: 2, files seen: 1
[02:28:15] [delta] тик 63600, tracked: 2, files seen: 1
[02:28:19] [delta] тик 63900, tracked: 2, files seen: 1
[02:28:22] [delta] тик 64200, tracked: 2, files seen: 1
[02:28:25] [delta] тик 64500, tracked: 2, files seen: 1
[02:28:28] [delta] тик 64800, tracked: 2, files seen: 1
[02:28:31] [delta] тик 65100, tracked: 2, files seen: 1
[02:28:34] [delta] тик 65400, tracked: 2, files seen: 1
[02:28:37] [delta] тик 65700, tracked: 2, files seen: 1
[02:28:40] [delta] тик 66000, tracked: 2, files seen: 1
[02:28:43] [delta] тик 66300, tracked: 2, files seen: 1
[02:28:47] [delta] тик 66600, tracked: 2, files seen: 1
[02:28:50] [delta] тик 66900, tracked: 2, files seen: 1
[02:28:53] [delta] тик 67200, tracked: 2, files seen: 1
[02:28:56] [delta] тик 67500, tracked: 2, files seen: 1
[02:28:59] [delta] тик 67800, tracked: 2, files seen: 1
[02:29:02] [delta] тик 68100, tracked: 2, files seen: 1
[02:29:05] [delta] тик 68400, tracked: 2, files seen: 1
[02:29:08] [delta] тик 68700, tracked: 2, files seen: 1
[02:29:11] [delta] тик 69000, tracked: 2, files seen: 1
[02:29:15] [delta] тик 69300, tracked: 2, files seen: 1
[02:29:18] [delta] тик 69600, tracked: 2, files seen: 1
[02:29:21] [delta] тик 69900, tracked: 2, files seen: 1
[02:29:24] [delta] тик 70200, tracked: 2, files seen: 1
[02:29:27] [delta] тик 70500, tracked: 2, files seen: 1
[02:29:30] [delta] тик 70800, tracked: 2, files seen: 1
[02:29:33] [delta] тик 71100, tracked: 2, files seen: 1
[02:29:36] [delta] тик 71400, tracked: 2, files seen: 1
[02:29:39] [delta] тик 71700, tracked: 2, files seen: 1
[02:29:43] [delta] тик 72000, tracked: 2, files seen: 1
[02:29:46] [delta] тик 72300, tracked: 2, files seen: 1
[02:29:49] [delta] тик 72600, tracked: 2, files seen: 1
[02:29:52] [delta] тик 72900, tracked: 2, files seen: 1
[02:29:55] [delta] тик 73200, tracked: 2, files seen: 1
[02:29:58] [delta] тик 73500, tracked: 2, files seen: 1
[02:30:01] [delta] тик 73800, tracked: 2, files seen: 1
[02:30:04] [delta] тик 74100, tracked: 2, files seen: 1
[02:30:07] [delta] тик 74400, tracked: 2, files seen: 1
[02:30:11] [delta] тик 74700, tracked: 2, files seen: 1
[02:30:14] [delta] тик 75000, tracked: 2, files seen: 1
[02:30:17] [delta] тик 75300, tracked: 2, files seen: 1
[02:30:20] [delta] тик 75600, tracked: 2, files seen: 1
[02:30:23] [delta] тик 75900, tracked: 2, files seen: 1
[02:30:26] [delta] тик 76200, tracked: 2, files seen: 1
[02:30:29] [delta] тик 76500, tracked: 2, files seen: 1
[02:30:32] [delta] тик 76800, tracked: 2, files seen: 1
[02:30:35] [delta] тик 77100, tracked: 2, files seen: 1
[02:30:38] [delta] тик 77400, tracked: 2, files seen: 1
[02:30:42] [delta] тик 77700, tracked: 2, files seen: 1
[02:30:45] [delta] тик 78000, tracked: 2, files seen: 1
[02:30:48] [delta] тик 78300, tracked: 2, files seen: 1
[02:30:51] [delta] тик 78600, tracked: 2, files seen: 1
[02:30:54] [delta] тик 78900, tracked: 2, files seen: 1
[02:30:57] [delta] тик 79200, tracked: 2, files seen: 1
[02:31:00] [delta] тик 79500, tracked: 2, files seen: 1
[02:31:03] [delta] тик 79800, tracked: 2, files seen: 1
[02:31:06] [delta] тик 80100, tracked: 2, files seen: 1
[02:31:10] [delta] тик 80400, tracked: 2, files seen: 1
[02:31:13] [delta] тик 80700, tracked: 2, files seen: 1
[02:31:16] [delta] тик 81000, tracked: 2, files seen: 1
[02:31:19] [delta] тик 81300, tracked: 2, files seen: 1
[02:31:22] [delta] тик 81600, tracked: 2, files seen: 1
[02:31:25] [delta] тик 81900, tracked: 2, files seen: 1
[02:31:28] [delta] тик 82200, tracked: 2, files seen: 1
[02:31:31] [delta] тик 82500, tracked: 2, files seen: 1
[02:31:34] [delta] тик 82800, tracked: 2, files seen: 1
[02:31:38] [delta] тик 83100, tracked: 2, files seen: 1
[02:31:41] [delta] тик 83400, tracked: 2, files seen: 1
[02:31:44] [delta] тик 83700, tracked: 2, files seen: 1
[02:31:47] [delta] тик 84000, tracked: 2, files seen: 1
[02:31:50] [delta] тик 84300, tracked: 2, files seen: 1
[02:31:53] [delta] тик 84600, tracked: 2, files seen: 1
[02:31:56] [delta] тик 84900, tracked: 2, files seen: 1
[02:31:59] [delta] тик 85200, tracked: 2, files seen: 1
[02:32:02] [delta] тик 85500, tracked: 2, files seen: 1
[02:32:06] [delta] тик 85800, tracked: 2, files seen: 1
[02:32:09] [delta] тик 86100, tracked: 2, files seen: 1
[02:32:12] [delta] тик 86400, tracked: 2, files seen: 1
[02:32:15] [delta] тик 86700, tracked: 2, files seen: 1
[02:32:18] [delta] тик 87000, tracked: 2, files seen: 1
[02:32:21] [delta] тик 87300, tracked: 2, files seen: 1
[02:32:24] [delta] тик 87600, tracked: 2, files seen: 1
[02:32:27] [delta] тик 87900, tracked: 2, files seen: 1
[02:32:30] [delta] тик 88200, tracked: 2, files seen: 1
[02:32:33] [delta] тик 88500, tracked: 2, files seen: 1
[02:32:37] [delta] тик 88800, tracked: 2, files seen: 1
[02:32:40] [delta] тик 89100, tracked: 2, files seen: 1
[02:32:43] [delta] тик 89400, tracked: 2, files seen: 1
[02:32:46] [delta] тик 89700, tracked: 2, files seen: 1
[02:32:49] [delta] тик 90000, tracked: 2, files seen: 1
[02:32:52] [delta] тик 90300, tracked: 2, files seen: 1
[02:32:55] [delta] тик 90600, tracked: 2, files seen: 1
[02:32:58] [delta] тик 90900, tracked: 2, files seen: 1
[02:33:01] [delta] тик 91200, tracked: 2, files seen: 1
[02:33:04] [delta] тик 91500, tracked: 2, files seen: 1
[02:33:08] [delta] тик 91800, tracked: 2, files seen: 1
[02:33:11] [delta] тик 92100, tracked: 2, files seen: 1
[02:33:14] [delta] тик 92400, tracked: 2, files seen: 1
[02:33:17] [delta] тик 92700, tracked: 2, files seen: 1
[02:33:20] [delta] тик 93000, tracked: 2, files seen: 1
[02:33:23] [delta] тик 93300, tracked: 2, files seen: 1
[02:33:26] [delta] тик 93600, tracked: 2, files seen: 1
[02:33:29] [delta] тик 93900, tracked: 2, files seen: 1
[02:33:32] [delta] тик 94200, tracked: 2, files seen: 1
[02:33:35] [delta] тик 94500, tracked: 2, files seen: 1
[02:33:39] [delta] тик 94800, tracked: 2, files seen: 1
[02:33:42] [delta] тик 95100, tracked: 2, files seen: 1
[02:33:45] [delta] тик 95400, tracked: 2, files seen: 1
[02:33:48] [delta] тик 95700, tracked: 2, files seen: 1
[02:33:51] [delta] тик 96000, tracked: 2, files seen: 1
[02:33:54] [delta] тик 96300, tracked: 2, files seen: 1
[02:33:57] [delta] тик 96600, tracked: 2, files seen: 1
[02:34:00] [delta] тик 96900, tracked: 2, files seen: 1
[02:34:03] [delta] тик 97200, tracked: 2, files seen: 1
[02:34:06] [delta] тик 97500, tracked: 2, files seen: 1
[02:34:10] [delta] тик 97800, tracked: 2, files seen: 1
[02:34:13] [delta] тик 98100, tracked: 2, files seen: 1
[02:34:16] [delta] тик 98400, tracked: 2, files seen: 1
[02:34:19] [delta] тик 98700, tracked: 2, files seen: 1
[02:34:22] [delta] тик 99000, tracked: 2, files seen: 1
[02:34:25] [delta] тик 99300, tracked: 2, files seen: 1
[02:34:28] [delta] тик 99600, tracked: 2, files seen: 1
[02:34:31] [delta] тик 99900, tracked: 2, files seen: 1
[02:34:34] [delta] тик 100200, tracked: 2, files seen: 1
[02:34:38] [delta] тик 100500, tracked: 2, files seen: 1
[02:34:41] [delta] тик 100800, tracked: 2, files seen: 1
[02:34:44] [delta] тик 101100, tracked: 2, files seen: 1
[02:34:47] [delta] тик 101400, tracked: 2, files seen: 1
[02:34:50] [delta] тик 101700, tracked: 2, files seen: 1
[02:34:53] [delta] тик 102000, tracked: 2, files seen: 1
[02:34:56] [delta] тик 102300, tracked: 2, files seen: 1
[02:34:59] [delta] тик 102600, tracked: 2, files seen: 1
[02:35:02] [delta] тик 102900, tracked: 2, files seen: 1
[02:35:06] [delta] тик 103200, tracked: 2, files seen: 1
[02:35:09] [delta] тик 103500, tracked: 2, files seen: 1
[02:35:12] [delta] тик 103800, tracked: 2, files seen: 1
[02:35:15] [delta] тик 104100, tracked: 2, files seen: 1
[02:35:18] [delta] тик 104400, tracked: 2, files seen: 1
[02:35:21] [delta] тик 104700, tracked: 2, files seen: 1
[02:35:24] [delta] тик 105000, tracked: 2, files seen: 1
[02:35:27] [delta] тик 105300, tracked: 2, files seen: 1
[02:35:30] [delta] тик 105600, tracked: 2, files seen: 1
[02:35:33] [delta] тик 105900, tracked: 2, files seen: 1
[02:35:36] [delta] тик 106200, tracked: 2, files seen: 1
[02:35:40] [delta] тик 106500, tracked: 2, files seen: 1
[02:35:43] [delta] тик 106800, tracked: 2, files seen: 1
[02:35:46] [delta] тик 107100, tracked: 2, files seen: 1
[02:35:49] [delta] тик 107400, tracked: 2, files seen: 1
[02:35:52] [delta] тик 107700, tracked: 2, files seen: 1
[02:35:55] [delta] тик 108000, tracked: 2, files seen: 1
[02:35:58] [delta] тик 108300, tracked: 2, files seen: 1
[02:36:01] [delta] тик 108600, tracked: 2, files seen: 1
[02:36:04] [delta] тик 108900, tracked: 2, files seen: 1
[02:36:07] [delta] тик 109200, tracked: 2, files seen: 1
[02:36:11] [delta] тик 109500, tracked: 2, files seen: 1
[02:36:14] [delta] тик 109800, tracked: 2, files seen: 1
[02:36:17] [delta] тик 110100, tracked: 2, files seen: 1
[02:36:20] [delta] тик 110400, tracked: 2, files seen: 1
[02:36:23] [delta] тик 110700, tracked: 2, files seen: 1
[02:36:26] [delta] тик 111000, tracked: 2, files seen: 1
[02:36:29] [delta] тик 111300, tracked: 2, files seen: 1
[02:36:32] [delta] тик 111600, tracked: 2, files seen: 1
[02:36:35] [delta] тик 111900, tracked: 2, files seen: 1
[02:36:39] [delta] тик 112200, tracked: 2, files seen: 1
[02:36:42] [delta] тик 112500, tracked: 2, files seen: 1
[02:36:45] [delta] тик 112800, tracked: 2, files seen: 1
[02:36:48] [delta] тик 113100, tracked: 2, files seen: 1
[02:36:51] [delta] тик 113400, tracked: 2, files seen: 1
[02:36:54] [delta] тик 113700, tracked: 2, files seen: 1
[02:36:57] [delta] тик 114000, tracked: 2, files seen: 1
[02:37:00] [delta] тик 114300, tracked: 2, files seen: 1
[02:37:03] [delta] тик 114600, tracked: 2, files seen: 1
[02:37:07] [delta] тик 114900, tracked: 2, files seen: 1
[02:37:10] [delta] тик 115200, tracked: 2, files seen: 1
[02:37:13] [delta] тик 115500, tracked: 2, files seen: 1
[02:37:16] [delta] тик 115800, tracked: 2, files seen: 1
[02:37:19] [delta] тик 116100, tracked: 2, files seen: 1
[02:37:22] [delta] тик 116400, tracked: 1, files seen: 1
[02:37:25] [delta] тик 116700, tracked: 2, files seen: 1
[02:37:28] [delta] тик 117000, tracked: 2, files seen: 1
[02:37:31] [delta] тик 117300, tracked: 2, files seen: 1
[02:37:35] [delta] тик 117600, tracked: 2, files seen: 1
[02:37:38] [delta] тик 117900, tracked: 2, files seen: 1
[02:37:41] [delta] тик 118200, tracked: 2, files seen: 1
[02:37:44] [delta] тик 118500, tracked: 2, files seen: 1
[02:37:47] [delta] тик 118800, tracked: 2, files seen: 1
[02:37:50] [delta] тик 119100, tracked: 2, files seen: 1
[02:37:53] [delta] тик 119400, tracked: 2, files seen: 1
[02:37:56] [delta] тик 119700, tracked: 2, files seen: 1
[02:37:59] [delta] тик 120000, tracked: 2, files seen: 1
[02:38:03] [delta] тик 120300, tracked: 2, files seen: 1
[02:38:06] [delta] тик 120600, tracked: 2, files seen: 1
[02:38:09] [delta] тик 120900, tracked: 1, files seen: 1
[02:38:12] [delta] тик 121200, tracked: 2, files seen: 1
[02:38:15] [delta] тик 121500, tracked: 2, files seen: 1
[02:38:18] [delta] тик 121800, tracked: 2, files seen: 1
[02:38:21] [delta] тик 122100, tracked: 2, files seen: 1
[02:38:24] [delta] тик 122400, tracked: 2, files seen: 1
[02:38:27] [delta] тик 122700, tracked: 2, files seen: 1
[02:38:31] [delta] тик 123000, tracked: 2, files seen: 1
[02:38:34] [delta] тик 123300, tracked: 2, files seen: 1
[02:38:37] [delta] тик 123600, tracked: 2, files seen: 1
[02:38:40] [delta] тик 123900, tracked: 2, files seen: 1
[02:38:43] [delta] тик 124200, tracked: 2, files seen: 1
[02:38:46] [delta] тик 124500, tracked: 2, files seen: 1
[02:38:49] [delta] тик 124800, tracked: 2, files seen: 1
[02:38:52] [delta] тик 125100, tracked: 2, files seen: 1
[02:38:56] [delta] тик 125400, tracked: 2, files seen: 1
[02:38:59] [delta] тик 125700, tracked: 2, files seen: 1
[02:39:02] [delta] тик 126000, tracked: 2, files seen: 1
[02:39:05] [delta] тик 126300, tracked: 2, files seen: 1
[02:39:08] [delta] тик 126600, tracked: 2, files seen: 1
[02:39:11] [delta] тик 126900, tracked: 2, files seen: 1
[02:39:14] [delta] тик 127200, tracked: 2, files seen: 1
[02:39:17] [delta] тик 127500, tracked: 2, files seen: 1
[02:39:20] [delta] тик 127800, tracked: 2, files seen: 1
[02:39:24] [delta] тик 128100, tracked: 2, files seen: 1
[02:39:27] [delta] тик 128400, tracked: 2, files seen: 1
[02:39:30] [delta] тик 128700, tracked: 2, files seen: 1
[02:39:33] [delta] тик 129000, tracked: 2, files seen: 1
[02:39:36] [delta] тик 129300, tracked: 2, files seen: 1
[02:39:39] [delta] тик 129600, tracked: 2, files seen: 1
[02:39:42] [delta] тик 129900, tracked: 2, files seen: 1
[02:39:45] [delta] тик 130200, tracked: 2, files seen: 1
[02:39:49] [delta] тик 130500, tracked: 2, files seen: 1
[02:39:52] [delta] тик 130800, tracked: 2, files seen: 1
[02:39:55] [delta] тик 131100, tracked: 2, files seen: 1
[02:39:58] [delta] тик 131400, tracked: 2, files seen: 1
[02:40:01] [delta] тик 131700, tracked: 2, files seen: 1
[02:40:04] [delta] тик 132000, tracked: 2, files seen: 1
[02:40:07] [delta] тик 132300, tracked: 2, files seen: 1
[02:40:10] [delta] тик 132600, tracked: 2, files seen: 1
[02:40:13] [delta] тик 132900, tracked: 2, files seen: 1
[02:40:17] [delta] тик 133200, tracked: 2, files seen: 1
[02:40:20] [delta] тик 133500, tracked: 2, files seen: 1
[02:40:23] [delta] тик 133800, tracked: 2, files seen: 1
[02:40:26] [delta] тик 134100, tracked: 2, files seen: 1
[02:40:29] [delta] тик 134400, tracked: 2, files seen: 1
[02:40:32] [delta] тик 134700, tracked: 2, files seen: 1
[02:40:35] [delta] тик 135000, tracked: 2, files seen: 1
[02:40:38] [delta] тик 135300, tracked: 2, files seen: 1
[02:40:41] [delta] тик 135600, tracked: 2, files seen: 1
[02:40:45] [delta] тик 135900, tracked: 2, files seen: 1
[02:40:48] [delta] тик 136200, tracked: 2, files seen: 1
[02:40:51] [delta] тик 136500, tracked: 2, files seen: 1
[02:40:54] [delta] тик 136800, tracked: 2, files seen: 1
[02:40:57] [delta] тик 137100, tracked: 2, files seen: 1
[02:41:00] [delta] тик 137400, tracked: 2, files seen: 1
[02:41:03] [delta] тик 137700, tracked: 2, files seen: 1
[02:41:06] [delta] тик 138000, tracked: 2, files seen: 1
[02:41:10] [delta] тик 138300, tracked: 1, files seen: 1
[02:41:13] [delta] тик 138600, tracked: 2, files seen: 1
[02:41:16] [delta] тик 138900, tracked: 2, files seen: 1
[02:41:19] [delta] тик 139200, tracked: 2, files seen: 1
[02:41:22] [delta] тик 139500, tracked: 2, files seen: 1
[02:41:25] [delta] тик 139800, tracked: 2, files seen: 1
[02:41:28] [delta] тик 140100, tracked: 2, files seen: 1
[02:41:31] [delta] тик 140400, tracked: 2, files seen: 1
[02:41:34] [delta] тик 140700, tracked: 2, files seen: 1
[02:41:38] [delta] тик 141000, tracked: 2, files seen: 1
[02:41:41] [delta] тик 141300, tracked: 2, files seen: 1
[02:41:44] [delta] тик 141600, tracked: 2, files seen: 1
[02:41:47] [delta] тик 141900, tracked: 2, files seen: 1
[02:41:50] [delta] тик 142200, tracked: 2, files seen: 1
[02:41:53] [delta] тик 142500, tracked: 2, files seen: 1
[02:41:56] [delta] тик 142800, tracked: 1, files seen: 1
[02:41:59] [delta] тик 143100, tracked: 2, files seen: 1
[02:42:02] [delta] тик 143400, tracked: 2, files seen: 1
[02:42:06] [delta] тик 143700, tracked: 2, files seen: 1
[02:42:09] [delta] тик 144000, tracked: 2, files seen: 1
[02:42:12] [delta] тик 144300, tracked: 2, files seen: 1
[02:42:15] [delta] тик 144600, tracked: 2, files seen: 1
[02:42:18] [delta] тик 144900, tracked: 2, files seen: 1
[02:42:21] [delta] тик 145200, tracked: 2, files seen: 1
[02:42:24] [delta] тик 145500, tracked: 2, files seen: 1
[02:42:27] [delta] тик 145800, tracked: 2, files seen: 1
[02:42:31] [delta] тик 146100, tracked: 2, files seen: 1
[02:42:34] [delta] тик 146400, tracked: 2, files seen: 1
[02:42:37] [delta] тик 146700, tracked: 2, files seen: 1
[02:42:40] [delta] тик 147000, tracked: 2, files seen: 1
[02:42:43] [delta] тик 147300, tracked: 1, files seen: 1
[02:42:46] [delta] тик 147600, tracked: 2, files seen: 1
[02:42:49] [delta] тик 147900, tracked: 2, files seen: 1
[02:42:52] [delta] тик 148200, tracked: 2, files seen: 1
[02:42:55] [delta] тик 148500, tracked: 2, files seen: 1
[02:42:59] [delta] тик 148800, tracked: 2, files seen: 1
[02:43:02] [delta] тик 149100, tracked: 2, files seen: 1
[02:43:05] [delta] тик 149400, tracked: 2, files seen: 1
[02:43:08] [delta] тик 149700, tracked: 2, files seen: 1
[02:43:11] [delta] тик 150000, tracked: 2, files seen: 1
[02:43:14] [delta] тик 150300, tracked: 2, files seen: 1
[02:43:17] [delta] тик 150600, tracked: 2, files seen: 1
[02:43:20] [delta] тик 150900, tracked: 2, files seen: 1
[02:43:23] [delta] тик 151200, tracked: 2, files seen: 1
[02:43:27] [delta] тик 151500, tracked: 2, files seen: 1
[02:43:30] [delta] тик 151800, tracked: 2, files seen: 1
[02:43:33] [delta] тик 152100, tracked: 2, files seen: 1
[02:43:36] [delta] тик 152400, tracked: 2, files seen: 1
[02:43:39] [delta] тик 152700, tracked: 2, files seen: 1
[02:43:42] [delta] тик 153000, tracked: 2, files seen: 1
[02:43:45] [delta] тик 153300, tracked: 2, files seen: 1
[02:43:48] [delta] тик 153600, tracked: 2, files seen: 1
[02:43:52] [delta] тик 153900, tracked: 2, files seen: 1
[02:43:55] [delta] тик 154200, tracked: 2, files seen: 1
[02:43:58] [delta] тик 154500, tracked: 2, files seen: 1
[02:44:01] [delta] тик 154800, tracked: 2, files seen: 1
[02:44:04] [delta] тик 155100, tracked: 2, files seen: 1
[02:44:07] [delta] тик 155400, tracked: 2, files seen: 1
[02:44:10] [delta] тик 155700, tracked: 2, files seen: 1
[02:44:13] [delta] тик 156000, tracked: 2, files seen: 1
[02:44:16] [delta] тик 156300, tracked: 2, files seen: 1
[02:44:20] [delta] тик 156600, tracked: 2, files seen: 1
[02:44:23] [delta] тик 156900, tracked: 2, files seen: 1
[02:44:26] [delta] тик 157200, tracked: 2, files seen: 1
[02:44:29] [delta] тик 157500, tracked: 2, files seen: 1
[02:44:32] [delta] тик 157800, tracked: 2, files seen: 1
[02:44:35] [delta] тик 158100, tracked: 2, files seen: 1
[02:44:38] [delta] тик 158400, tracked: 2, files seen: 1
[02:44:41] [delta] тик 158700, tracked: 2, files seen: 1
[02:44:45] [delta] тик 159000, tracked: 2, files seen: 1
[02:44:48] [delta] тик 159300, tracked: 2, files seen: 1
[02:44:51] [delta] тик 159600, tracked: 2, files seen: 1
[02:44:54] [delta] тик 159900, tracked: 2, files seen: 1
[02:44:57] [delta] тик 160200, tracked: 2, files seen: 1
[02:45:00] [delta] тик 160500, tracked: 2, files seen: 1
[02:45:03] [delta] тик 160800, tracked: 2, files seen: 1
[02:45:06] [delta] тик 161100, tracked: 2, files seen: 1
[02:45:09] [delta] тик 161400, tracked: 2, files seen: 1
[02:45:13] [delta] тик 161700, tracked: 2, files seen: 1
[02:45:16] [delta] тик 162000, tracked: 2, files seen: 1
[02:45:19] [delta] тик 162300, tracked: 2, files seen: 1
[02:45:22] [delta] тик 162600, tracked: 2, files seen: 1
[02:45:25] [delta] тик 162900, tracked: 2, files seen: 1
[02:45:28] [delta] тик 163200, tracked: 2, files seen: 1
[02:45:31] [delta] тик 163500, tracked: 2, files seen: 1
[02:45:34] [delta] тик 163800, tracked: 2, files seen: 1
[02:45:37] [delta] тик 164100, tracked: 2, files seen: 1
[02:45:41] [delta] тик 164400, tracked: 2, files seen: 1
[02:45:44] [delta] тик 164700, tracked: 2, files seen: 1
[02:45:47] [delta] тик 165000, tracked: 2, files seen: 1
[02:45:50] [delta] тик 165300, tracked: 2, files seen: 1
[02:45:53] [delta] тик 165600, tracked: 2, files seen: 1
[02:45:56] [delta] тик 165900, tracked: 2, files seen: 1
[02:45:59] [delta] тик 166200, tracked: 2, files seen: 1
[02:46:02] [delta] тик 166500, tracked: 2, files seen: 1
[02:46:05] [delta] тик 166800, tracked: 2, files seen: 1
[02:46:09] [delta] тик 167100, tracked: 2, files seen: 1
[02:46:12] [delta] тик 167400, tracked: 2, files seen: 1
[02:46:15] [delta] тик 167700, tracked: 2, files seen: 1
[02:46:18] [delta] тик 168000, tracked: 2, files seen: 1
[02:46:21] [delta] тик 168300, tracked: 2, files seen: 1
[02:46:24] [delta] тик 168600, tracked: 2, files seen: 1
[02:46:27] [delta] тик 168900, tracked: 2, files seen: 1
[02:46:30] [delta] тик 169200, tracked: 1, files seen: 1
[02:46:34] [delta] тик 169500, tracked: 2, files seen: 1
[02:46:37] [delta] тик 169800, tracked: 2, files seen: 1
[02:46:40] [delta] тик 170100, tracked: 2, files seen: 1
[02:46:43] [delta] тик 170400, tracked: 2, files seen: 1
[02:46:46] [delta] тик 170700, tracked: 2, files seen: 1
[02:46:49] [delta] тик 171000, tracked: 2, files seen: 1
[02:46:52] [delta] тик 171300, tracked: 2, files seen: 1
[02:46:55] [delta] тик 171600, tracked: 2, files seen: 1
[02:46:58] [delta] тик 171900, tracked: 2, files seen: 1
[02:47:01] [delta] тик 172200, tracked: 2, files seen: 1
[02:47:05] [delta] тик 172500, tracked: 2, files seen: 1
[02:47:08] [delta] тик 172800, tracked: 2, files seen: 1
[02:47:11] [delta] тик 173100, tracked: 2, files seen: 1
[02:47:14] [delta] тик 173400, tracked: 2, files seen: 1
[02:47:17] [delta] тик 173700, tracked: 2, files seen: 1
[02:47:20] [delta] тик 174000, tracked: 2, files seen: 1
[02:47:23] [delta] тик 174300, tracked: 2, files seen: 1
[02:47:26] [delta] тик 174600, tracked: 2, files seen: 1
[02:47:29] [delta] тик 174900, tracked: 2, files seen: 1
[02:47:33] [delta] тик 175200, tracked: 2, files seen: 1
[02:47:36] [delta] тик 175500, tracked: 2, files seen: 1
[02:47:39] [delta] тик 175800, tracked: 2, files seen: 1
[02:47:42] [delta] тик 176100, tracked: 2, files seen: 1
[02:47:45] [delta] тик 176400, tracked: 2, files seen: 1
[02:47:48] [delta] тик 176700, tracked: 2, files seen: 1
[02:47:51] [delta] тик 177000, tracked: 2, files seen: 1
[02:47:54] [delta] тик 177300, tracked: 2, files seen: 1
[02:47:57] [delta] тик 177600, tracked: 2, files seen: 1
[02:48:01] [delta] тик 177900, tracked: 2, files seen: 1
[02:48:04] [delta] тик 178200, tracked: 2, files seen: 1
[02:48:07] [delta] тик 178500, tracked: 2, files seen: 1
[02:48:10] [delta] тик 178800, tracked: 2, files seen: 1
[02:48:13] [delta] тик 179100, tracked: 2, files seen: 1
[02:48:16] [delta] тик 179400, tracked: 2, files seen: 1
[02:48:19] [delta] тик 179700, tracked: 2, files seen: 1
[02:48:22] [delta] тик 180000, tracked: 2, files seen: 1
[02:48:25] [delta] тик 180300, tracked: 2, files seen: 1
[02:48:28] [delta] тик 180600, tracked: 2, files seen: 1
[02:48:32] [delta] тик 180900, tracked: 2, files seen: 1
[02:48:35] [delta] тик 181200, tracked: 2, files seen: 1
[02:48:38] [delta] тик 181500, tracked: 2, files seen: 1
[02:48:41] [delta] тик 181800, tracked: 2, files seen: 1
[02:48:44] [delta] тик 182100, tracked: 2, files seen: 1
[02:48:47] [delta] тик 182400, tracked: 2, files seen: 1
[02:48:50] [delta] тик 182700, tracked: 2, files seen: 1
[02:48:53] [delta] тик 183000, tracked: 2, files seen: 1
[02:48:56] [delta] тик 183300, tracked: 2, files seen: 1
[02:48:59] [delta] тик 183600, tracked: 2, files seen: 1
[02:49:03] [delta] тик 183900, tracked: 2, files seen: 1
[02:49:06] [delta] тик 184200, tracked: 2, files seen: 1
[02:49:09] [delta] тик 184500, tracked: 2, files seen: 1
[02:49:12] [delta] тик 184800, tracked: 2, files seen: 1
[02:49:15] [delta] тик 185100, tracked: 2, files seen: 1
[02:49:18] [delta] тик 185400, tracked: 2, files seen: 1
[02:49:21] [delta] тик 185700, tracked: 2, files seen: 1
[02:49:24] [delta] тик 186000, tracked: 2, files seen: 1
[02:49:27] [delta] тик 186300, tracked: 2, files seen: 1
[02:49:30] [delta] тик 186600, tracked: 2, files seen: 1
[02:49:34] [delta] тик 186900, tracked: 2, files seen: 1
[02:49:37] [delta] тик 187200, tracked: 2, files seen: 1
[02:49:40] [delta] тик 187500, tracked: 2, files seen: 1
[02:49:43] [delta] тик 187800, tracked: 2, files seen: 1
[02:49:46] [delta] тик 188100, tracked: 2, files seen: 1
[02:49:49] [delta] тик 188400, tracked: 2, files seen: 1
[02:49:52] [delta] тик 188700, tracked: 2, files seen: 1
[02:49:55] [delta] тик 189000, tracked: 2, files seen: 1
[02:49:58] [delta] тик 189300, tracked: 2, files seen: 1
[02:50:01] [delta] тик 189600, tracked: 1, files seen: 1
[02:50:05] [delta] тик 189900, tracked: 2, files seen: 1
[02:50:08] [delta] тик 190200, tracked: 2, files seen: 1
[02:50:11] [delta] тик 190500, tracked: 2, files seen: 1
[02:50:14] [delta] тик 190800, tracked: 2, files seen: 1
[02:50:17] [delta] тик 191100, tracked: 2, files seen: 1
[02:50:20] [delta] тик 191400, tracked: 2, files seen: 1
[02:50:23] [delta] тик 191700, tracked: 2, files seen: 1
[02:50:26] [delta] тик 192000, tracked: 2, files seen: 1
[02:50:29] [delta] тик 192300, tracked: 2, files seen: 1
[02:50:32] [delta] тик 192600, tracked: 2, files seen: 1
[02:50:36] [delta] тик 192900, tracked: 2, files seen: 1
[02:50:39] [delta] тик 193200, tracked: 2, files seen: 1
[02:50:42] [delta] тик 193500, tracked: 2, files seen: 1
[02:50:45] [delta] тик 193800, tracked: 2, files seen: 1
[02:50:48] [delta] тик 194100, tracked: 2, files seen: 1
[02:50:51] [delta] тик 194400, tracked: 2, files seen: 1
[02:50:54] [delta] тик 194700, tracked: 1, files seen: 1
[02:50:57] [delta] тик 195000, tracked: 2, files seen: 1
[02:51:00] [delta] тик 195300, tracked: 2, files seen: 1
[02:51:04] [delta] тик 195600, tracked: 2, files seen: 1
[02:51:07] [delta] тик 195900, tracked: 2, files seen: 1
[02:51:10] [delta] тик 196200, tracked: 2, files seen: 1
[02:51:13] [delta] тик 196500, tracked: 2, files seen: 1
[02:51:16] [delta] тик 196800, tracked: 2, files seen: 1
[02:51:19] [delta] тик 197100, tracked: 2, files seen: 1
[02:51:22] [delta] тик 197400, tracked: 2, files seen: 1
[02:51:25] [delta] тик 197700, tracked: 2, files seen: 1
[02:51:28] [delta] тик 198000, tracked: 2, files seen: 1
[02:51:31] [delta] тик 198300, tracked: 2, files seen: 1
[02:51:35] [delta] тик 198600, tracked: 2, files seen: 1
[02:51:38] [delta] тик 198900, tracked: 2, files seen: 1
[02:51:41] [delta] тик 199200, tracked: 2, files seen: 1
[02:51:44] [delta] тик 199500, tracked: 2, files seen: 1
[02:51:47] [delta] тик 199800, tracked: 2, files seen: 1
[02:51:50] [delta] тик 200100, tracked: 2, files seen: 1
[02:51:53] [delta] тик 200400, tracked: 2, files seen: 1
[02:51:56] [delta] тик 200700, tracked: 2, files seen: 1
[02:51:59] [delta] тик 201000, tracked: 2, files seen: 1
[02:52:02] [delta] тик 201300, tracked: 2, files seen: 1
[02:52:06] [delta] тик 201600, tracked: 2, files seen: 1
[02:52:09] [delta] тик 201900, tracked: 2, files seen: 1
[02:52:12] [delta] тик 202200, tracked: 2, files seen: 1
[02:52:15] [delta] тик 202500, tracked: 2, files seen: 1
[02:52:18] [delta] тик 202800, tracked: 2, files seen: 1
[02:52:21] [delta] тик 203100, tracked: 2, files seen: 1
[02:52:24] [delta] тик 203400, tracked: 2, files seen: 1
[02:52:27] [delta] тик 203700, tracked: 2, files seen: 1
[02:52:30] [delta] тик 204000, tracked: 2, files seen: 1
[02:52:33] [delta] тик 204300, tracked: 2, files seen: 1
[02:52:36] [delta] тик 204600, tracked: 2, files seen: 1
[02:52:40] [delta] тик 204900, tracked: 2, files seen: 1
[02:52:43] [delta] тик 205200, tracked: 2, files seen: 1
[02:52:46] [delta] тик 205500, tracked: 2, files seen: 1
[02:52:49] [delta] тик 205800, tracked: 2, files seen: 1
[02:52:52] [delta] тик 206100, tracked: 2, files seen: 1
[02:52:55] [delta] тик 206400, tracked: 2, files seen: 1
[02:52:58] [delta] тик 206700, tracked: 2, files seen: 1
[02:53:01] [delta] тик 207000, tracked: 2, files seen: 1
[02:53:04] [delta] тик 207300, tracked: 2, files seen: 1
[02:53:07] [delta] тик 207600, tracked: 2, files seen: 1
[02:53:11] [delta] тик 207900, tracked: 2, files seen: 1
[02:53:14] [delta] тик 208200, tracked: 2, files seen: 1
[02:53:17] [delta] тик 208500, tracked: 2, files seen: 1
[02:53:20] [delta] тик 208800, tracked: 2, files seen: 1
[02:53:23] [delta] тик 209100, tracked: 2, files seen: 1
[02:53:26] [delta] тик 209400, tracked: 2, files seen: 1
[02:53:29] [delta] тик 209700, tracked: 2, files seen: 1
[02:53:32] [delta] тик 210000, tracked: 2, files seen: 1
[02:53:35] [delta] тик 210300, tracked: 2, files seen: 1
[02:53:39] [delta] тик 210600, tracked: 2, files seen: 1
[02:53:42] [delta] тик 210900, tracked: 2, files seen: 1
[02:53:45] [delta] тик 211200, tracked: 2, files seen: 1
[02:53:48] [delta] тик 211500, tracked: 2, files seen: 1
[02:53:51] [delta] тик 211800, tracked: 2, files seen: 1
[02:53:54] [delta] тик 212100, tracked: 2, files seen: 1
[02:53:57] [delta] тик 212400, tracked: 2, files seen: 1
[02:54:00] [delta] тик 212700, tracked: 2, files seen: 1
[02:54:03] [delta] тик 213000, tracked: 2, files seen: 1
[02:54:06] [delta] тик 213300, tracked: 2, files seen: 1
[02:54:09] [delta] тик 213600, tracked: 2, files seen: 1
[02:54:13] [delta] тик 213900, tracked: 2, files seen: 1
[02:54:16] [delta] тик 214200, tracked: 2, files seen: 1
[02:54:19] [delta] тик 214500, tracked: 2, files seen: 1
[02:54:22] [delta] тик 214800, tracked: 2, files seen: 1
[02:54:25] [delta] тик 215100, tracked: 2, files seen: 1
[02:54:28] [delta] тик 215400, tracked: 2, files seen: 1
[02:54:31] [delta] тик 215700, tracked: 2, files seen: 1
[02:54:34] [delta] тик 216000, tracked: 2, files seen: 1
[02:54:37] [delta] тик 216300, tracked: 2, files seen: 1
[02:54:40] [delta] тик 216600, tracked: 2, files seen: 1
[02:54:44] [delta] тик 216900, tracked: 2, files seen: 1
[02:54:47] [delta] тик 217200, tracked: 2, files seen: 1
[02:54:50] [delta] тик 217500, tracked: 2, files seen: 1
[02:54:53] [delta] тик 217800, tracked: 2, files seen: 1
[02:54:56] [delta] тик 218100, tracked: 2, files seen: 1
[02:54:59] [delta] тик 218400, tracked: 2, files seen: 1
[02:55:02] [delta] тик 218700, tracked: 2, files seen: 1
[02:55:05] [delta] тик 219000, tracked: 2, files seen: 1
[02:55:08] [delta] тик 219300, tracked: 2, files seen: 1
[02:55:11] [delta] тик 219600, tracked: 2, files seen: 1
[02:55:15] [delta] тик 219900, tracked: 2, files seen: 1
[02:55:18] [delta] тик 220200, tracked: 2, files seen: 1
[02:55:21] [delta] тик 220500, tracked: 2, files seen: 1
[02:55:24] [delta] тик 220800, tracked: 2, files seen: 1
[02:55:27] [delta] тик 221100, tracked: 1, files seen: 1
[02:55:30] [delta] тик 221400, tracked: 2, files seen: 1
[02:55:33] [delta] тик 221700, tracked: 2, files seen: 1
[02:55:36] [delta] тик 222000, tracked: 2, files seen: 1
[02:55:39] [delta] тик 222300, tracked: 2, files seen: 1
[02:55:43] [delta] тик 222600, tracked: 2, files seen: 1
[02:55:46] [delta] тик 222900, tracked: 2, files seen: 1
[02:55:49] [delta] тик 223200, tracked: 2, files seen: 1
[02:55:52] [delta] тик 223500, tracked: 2, files seen: 1
[02:55:55] [delta] тик 223800, tracked: 2, files seen: 1
[02:55:58] [delta] тик 224100, tracked: 2, files seen: 1
[02:56:02] [delta] тик 224400, tracked: 2, files seen: 1
[02:56:05] [delta] тик 224700, tracked: 2, files seen: 1
[02:56:08] [delta] тик 225000, tracked: 2, files seen: 1
[02:56:11] [delta] тик 225300, tracked: 2, files seen: 1
[02:56:14] [delta] тик 225600, tracked: 2, files seen: 1
[02:56:17] [delta] тик 225900, tracked: 2, files seen: 1
[02:56:20] [delta] тик 226200, tracked: 2, files seen: 1
[02:56:23] [delta] тик 226500, tracked: 2, files seen: 1
[02:56:26] [delta] тик 226800, tracked: 2, files seen: 1
[02:56:29] [delta] тик 227100, tracked: 2, files seen: 1
[02:56:33] [delta] тик 227400, tracked: 2, files seen: 1
[02:56:36] [delta] тик 227700, tracked: 2, files seen: 1
[02:56:39] [delta] тик 228000, tracked: 2, files seen: 1
[02:56:42] [delta] тик 228300, tracked: 2, files seen: 1
[02:56:45] [delta] тик 228600, tracked: 2, files seen: 1
[02:56:48] [delta] тик 228900, tracked: 2, files seen: 1
[02:56:51] [delta] тик 229200, tracked: 2, files seen: 1
[02:56:54] [delta] тик 229500, tracked: 2, files seen: 1
[02:56:57] [delta] тик 229800, tracked: 2, files seen: 1
[02:57:01] [delta] тик 230100, tracked: 2, files seen: 1
[02:57:04] [delta] тик 230400, tracked: 2, files seen: 1
[02:57:07] [delta] тик 230700, tracked: 2, files seen: 1
[02:57:10] [delta] тик 231000, tracked: 2, files seen: 1
[02:57:13] [delta] тик 231300, tracked: 2, files seen: 1
[02:57:16] [delta] тик 231600, tracked: 2, files seen: 1
[02:57:19] [delta] тик 231900, tracked: 2, files seen: 1
[02:57:22] [delta] тик 232200, tracked: 2, files seen: 1
[02:57:25] [delta] тик 232500, tracked: 2, files seen: 1
[02:57:29] [delta] тик 232800, tracked: 2, files seen: 1
[02:57:32] [delta] тик 233100, tracked: 2, files seen: 1
[02:57:35] [delta] тик 233400, tracked: 2, files seen: 1
[02:57:38] [delta] тик 233700, tracked: 2, files seen: 1
[02:57:41] [delta] тик 234000, tracked: 2, files seen: 1
[02:57:44] [delta] тик 234300, tracked: 2, files seen: 1
[02:57:47] [delta] тик 234600, tracked: 2, files seen: 1
[02:57:50] [delta] тик 234900, tracked: 2, files seen: 1
[02:57:53] [delta] тик 235200, tracked: 2, files seen: 1
[02:57:56] [delta] тик 235500, tracked: 2, files seen: 1
[02:58:00] [delta] тик 235800, tracked: 2, files seen: 1
[02:58:03] [delta] тик 236100, tracked: 2, files seen: 1
[02:58:06] [delta] тик 236400, tracked: 2, files seen: 1
[02:58:09] [delta] тик 236700, tracked: 2, files seen: 1
[02:58:12] [delta] тик 237000, tracked: 2, files seen: 1
[02:58:15] [delta] тик 237300, tracked: 2, files seen: 1
[02:58:18] [delta] тик 237600, tracked: 2, files seen: 1
[02:58:21] [delta] тик 237900, tracked: 2, files seen: 1
[02:58:24] [delta] тик 238200, tracked: 2, files seen: 1
[02:58:27] [delta] тик 238500, tracked: 2, files seen: 1
[02:58:31] [delta] тик 238800, tracked: 2, files seen: 1
[02:58:34] [delta] тик 239100, tracked: 2, files seen: 1
[02:58:37] [delta] тик 239400, tracked: 2, files seen: 1
[02:58:40] [delta] тик 239700, tracked: 2, files seen: 1
[02:58:43] [delta] тик 240000, tracked: 2, files seen: 1
[02:58:46] [delta] тик 240300, tracked: 2, files seen: 1
[02:58:49] [delta] тик 240600, tracked: 2, files seen: 1
[02:58:52] [delta] тик 240900, tracked: 2, files seen: 1
[02:58:55] [delta] тик 241200, tracked: 2, files seen: 1
[02:58:59] [delta] тик 241500, tracked: 2, files seen: 1
[02:59:02] [delta] тик 241800, tracked: 2, files seen: 1
[02:59:05] [delta] тик 242100, tracked: 2, files seen: 1
[02:59:08] [delta] тик 242400, tracked: 2, files seen: 1
[02:59:11] [delta] тик 242700, tracked: 2, files seen: 1
[02:59:14] [delta] тик 243000, tracked: 2, files seen: 1
[02:59:17] [delta] тик 243300, tracked: 2, files seen: 1
[02:59:21] [delta] тик 243600, tracked: 2, files seen: 1
[02:59:24] [delta] тик 243900, tracked: 2, files seen: 1
[02:59:27] [delta] тик 244200, tracked: 2, files seen: 1
[02:59:30] [delta] тик 244500, tracked: 2, files seen: 1
[02:59:33] [delta] тик 244800, tracked: 2, files seen: 1
[02:59:36] [delta] тик 245100, tracked: 2, files seen: 1
[02:59:39] [delta] тик 245400, tracked: 2, files seen: 1
[02:59:43] [delta] тик 245700, tracked: 2, files seen: 1
[02:59:46] [delta] тик 246000, tracked: 2, files seen: 1
[02:59:50] [delta] тик 246300, tracked: 2, files seen: 1
[02:59:52] [delta] тик 246600, tracked: 2, files seen: 1
[02:59:55] [delta] тик 246900, tracked: 2, files seen: 1
[02:59:58] [delta] тик 247200, tracked: 2, files seen: 1
[03:00:02] [delta] тик 247500, tracked: 2, files seen: 1
[03:00:05] [delta] тик 247800, tracked: 2, files seen: 1
[03:00:08] [delta] тик 248100, tracked: 2, files seen: 1
[03:00:11] [delta] тик 248400, tracked: 2, files seen: 1
[03:00:14] [delta] тик 248700, tracked: 2, files seen: 1
[03:00:17] [delta] тик 249000, tracked: 2, files seen: 1
[03:00:20] [delta] тик 249300, tracked: 2, files seen: 1
[03:00:23] [delta] тик 249600, tracked: 2, files seen: 1
[03:00:26] [delta] тик 249900, tracked: 2, files seen: 1
[03:00:29] [delta] тик 250200, tracked: 2, files seen: 1
[03:00:33] [delta] тик 250500, tracked: 2, files seen: 1
[03:00:36] [delta] тик 250800, tracked: 2, files seen: 1
[03:00:39] [delta] тик 251100, tracked: 2, files seen: 1
[03:00:42] [delta] тик 251400, tracked: 2, files seen: 1
[03:00:45] [delta] тик 251700, tracked: 2, files seen: 1
[03:00:48] [delta] тик 252000, tracked: 2, files seen: 1
[03:00:51] [delta] тик 252300, tracked: 2, files seen: 1
[03:00:54] [delta] тик 252600, tracked: 2, files seen: 1
[03:00:57] [delta] тик 252900, tracked: 2, files seen: 1
[03:01:01] [delta] тик 253200, tracked: 2, files seen: 1
[03:01:04] [delta] тик 253500, tracked: 2, files seen: 1
[03:01:07] [delta] тик 253800, tracked: 2, files seen: 1
[03:01:10] [delta] тик 254100, tracked: 2, files seen: 1
[03:01:13] [delta] тик 254400, tracked: 2, files seen: 1
[03:01:16] [delta] тик 254700, tracked: 2, files seen: 1
[03:01:19] [delta] тик 255000, tracked: 2, files seen: 1
[03:01:22] [delta] тик 255300, tracked: 2, files seen: 1
[03:01:25] [delta] тик 255600, tracked: 2, files seen: 1
[03:01:28] [delta] тик 255900, tracked: 2, files seen: 1
[03:01:32] [delta] тик 256200, tracked: 2, files seen: 1
[03:01:35] [delta] тик 256500, tracked: 2, files seen: 1
[03:01:38] [delta] тик 256800, tracked: 2, files seen: 1
[03:01:41] [delta] тик 257100, tracked: 2, files seen: 1
[03:01:44] [delta] тик 257400, tracked: 2, files seen: 1
[03:01:47] [delta] тик 257700, tracked: 2, files seen: 1
[03:01:50] [delta] тик 258000, tracked: 2, files seen: 1
[03:01:53] [delta] тик 258300, tracked: 2, files seen: 1
[03:01:56] [delta] тик 258600, tracked: 2, files seen: 1
[03:02:00] [delta] тик 258900, tracked: 2, files seen: 1
[03:02:03] [delta] тик 259200, tracked: 2, files seen: 1
[03:02:06] [delta] тик 259500, tracked: 2, files seen: 1
[03:02:09] [delta] тик 259800, tracked: 2, files seen: 1
[03:02:12] [delta] тик 260100, tracked: 2, files seen: 1
[03:02:15] [delta] тик 260400, tracked: 2, files seen: 1
[03:02:18] [delta] тик 260700, tracked: 2, files seen: 1
[03:02:21] [delta] тик 261000, tracked: 2, files seen: 1
[03:02:24] [delta] тик 261300, tracked: 2, files seen: 1
[03:02:27] [delta] тик 261600, tracked: 2, files seen: 1
[03:02:31] [delta] тик 261900, tracked: 2, files seen: 1
[03:02:34] [delta] тик 262200, tracked: 2, files seen: 1
[03:02:37] [delta] тик 262500, tracked: 2, files seen: 1
[03:02:40] [delta] тик 262800, tracked: 2, files seen: 1
[03:02:43] [delta] тик 263100, tracked: 2, files seen: 1
[03:02:46] [delta] тик 263400, tracked: 2, files seen: 1
[03:02:49] [delta] тик 263700, tracked: 2, files seen: 1
[03:02:52] [delta] тик 264000, tracked: 2, files seen: 1
[03:02:55] [delta] тик 264300, tracked: 2, files seen: 1
[03:02:58] [delta] тик 264600, tracked: 2, files seen: 1
[03:03:01] [delta] тик 264900, tracked: 2, files seen: 1
[03:03:05] [delta] тик 265200, tracked: 2, files seen: 1
[03:03:08] [delta] тик 265500, tracked: 2, files seen: 1
[03:03:11] [delta] тик 265800, tracked: 2, files seen: 1
[03:03:14] [delta] тик 266100, tracked: 2, files seen: 1
[03:03:17] [delta] тик 266400, tracked: 2, files seen: 1
[03:03:20] [delta] тик 266700, tracked: 2, files seen: 1
[03:03:23] [delta] тик 267000, tracked: 2, files seen: 1
[03:03:26] [delta] тик 267300, tracked: 2, files seen: 1
[03:03:29] [delta] тик 267600, tracked: 2, files seen: 1
[03:03:33] [delta] тик 267900, tracked: 2, files seen: 1
[03:03:36] [delta] тик 268200, tracked: 2, files seen: 1
[03:03:39] [delta] тик 268500, tracked: 2, files seen: 1
[03:03:42] [delta] тик 268800, tracked: 2, files seen: 1
[03:03:45] [delta] тик 269100, tracked: 2, files seen: 1
[03:03:48] [delta] тик 269400, tracked: 2, files seen: 1
[03:03:51] [delta] тик 269700, tracked: 2, files seen: 1
[03:03:54] [delta] тик 270000, tracked: 2, files seen: 1
[03:03:57] [delta] тик 270300, tracked: 2, files seen: 1
[03:04:01] [delta] тик 270600, tracked: 2, files seen: 1
[03:04:04] [delta] тик 270900, tracked: 2, files seen: 1
[03:04:07] [delta] тик 271200, tracked: 2, files seen: 1
[03:04:10] [delta] тик 271500, tracked: 2, files seen: 1
[03:04:13] [delta] тик 271800, tracked: 2, files seen: 1
[03:04:16] [delta] тик 272100, tracked: 2, files seen: 1
[03:04:19] [delta] тик 272400, tracked: 2, files seen: 1
[03:04:22] [delta] тик 272700, tracked: 2, files seen: 1
[03:04:25] [delta] тик 273000, tracked: 2, files seen: 1
[03:04:28] [delta] тик 273300, tracked: 2, files seen: 1
[03:04:32] [delta] тик 273600, tracked: 2, files seen: 1
[03:04:35] [delta] тик 273900, tracked: 2, files seen: 1
[03:04:38] [delta] тик 274200, tracked: 2, files seen: 1
[03:04:41] [delta] тик 274500, tracked: 2, files seen: 1
[03:04:44] [delta] тик 274800, tracked: 2, files seen: 1
[03:04:47] [delta] тик 275100, tracked: 2, files seen: 1
[03:04:50] [delta] тик 275400, tracked: 2, files seen: 1
[03:04:53] [delta] тик 275700, tracked: 2, files seen: 1
[03:04:56] [delta] тик 276000, tracked: 2, files seen: 1
[03:05:00] [delta] тик 276300, tracked: 2, files seen: 1
[03:05:03] [delta] тик 276600, tracked: 2, files seen: 1
[03:05:06] [delta] тик 276900, tracked: 2, files seen: 1
[03:05:09] [delta] тик 277200, tracked: 2, files seen: 1
[03:05:12] [delta] тик 277500, tracked: 2, files seen: 1
[03:05:15] [delta] тик 277800, tracked: 2, files seen: 1
[03:05:18] [delta] тик 278100, tracked: 2, files seen: 1
[03:05:22] [delta] тик 278400, tracked: 2, files seen: 1
[03:05:25] [delta] тик 278700, tracked: 2, files seen: 1
[03:05:28] [delta] тик 279000, tracked: 2, files seen: 1
[03:05:31] [delta] тик 279300, tracked: 2, files seen: 1
[03:05:34] [delta] тик 279600, tracked: 2, files seen: 1
[03:05:37] [delta] тик 279900, tracked: 2, files seen: 1
[03:05:40] [delta] тик 280200, tracked: 2, files seen: 1
[03:05:43] [delta] тик 280500, tracked: 2, files seen: 1
[03:05:46] [delta] тик 280800, tracked: 2, files seen: 1
[03:05:49] [delta] тик 281100, tracked: 2, files seen: 1
[03:05:53] [delta] тик 281400, tracked: 2, files seen: 1
[03:05:56] [delta] тик 281700, tracked: 2, files seen: 1
[03:05:59] [delta] тик 282000, tracked: 2, files seen: 1
[03:06:02] [delta] тик 282300, tracked: 2, files seen: 1
[03:06:05] [delta] тик 282600, tracked: 2, files seen: 1
[03:06:08] [delta] тик 282900, tracked: 2, files seen: 1
[03:06:11] [delta] тик 283200, tracked: 2, files seen: 1
[03:06:14] [delta] тик 283500, tracked: 2, files seen: 1
[03:06:17] [delta] тик 283800, tracked: 2, files seen: 1
[03:06:21] [delta] тик 284100, tracked: 2, files seen: 1
[03:06:24] [delta] тик 284400, tracked: 2, files seen: 1
[03:06:27] [delta] тик 284700, tracked: 2, files seen: 1
[03:06:30] [delta] тик 285000, tracked: 2, files seen: 1
[03:06:33] [delta] тик 285300, tracked: 2, files seen: 1
[03:06:36] [delta] тик 285600, tracked: 2, files seen: 1
[03:06:39] [delta] тик 285900, tracked: 2, files seen: 1
[03:06:42] [delta] тик 286200, tracked: 2, files seen: 1
[03:06:45] [delta] тик 286500, tracked: 2, files seen: 1
[03:06:48] [delta] тик 286800, tracked: 2, files seen: 1
[03:06:52] [delta] тик 287100, tracked: 2, files seen: 1
[03:06:55] [delta] тик 287400, tracked: 2, files seen: 1
[03:06:58] [delta] тик 287700, tracked: 2, files seen: 1
[03:07:01] [delta] тик 288000, tracked: 2, files seen: 1
[03:07:04] [delta] тик 288300, tracked: 2, files seen: 1
[03:07:07] [delta] тик 288600, tracked: 2, files seen: 1
[03:07:10] [delta] тик 288900, tracked: 2, files seen: 1
[03:07:13] [delta] тик 289200, tracked: 2, files seen: 1
[03:07:16] [delta] тик 289500, tracked: 2, files seen: 1
[03:07:19] [delta] тик 289800, tracked: 2, files seen: 1
[03:07:22] [delta] тик 290100, tracked: 2, files seen: 1
[03:07:26] [delta] тик 290400, tracked: 2, files seen: 1
[03:07:29] [delta] тик 290700, tracked: 2, files seen: 1
[03:07:32] [delta] тик 291000, tracked: 2, files seen: 1
[03:07:35] [delta] тик 291300, tracked: 2, files seen: 1
[03:07:38] [delta] тик 291600, tracked: 2, files seen: 1
[03:07:41] [delta] тик 291900, tracked: 2, files seen: 1
[03:07:44] [delta] тик 292200, tracked: 2, files seen: 1
[03:07:47] [delta] тик 292500, tracked: 2, files seen: 1
[03:07:50] [delta] тик 292800, tracked: 2, files seen: 1
[03:07:54] [delta] тик 293100, tracked: 2, files seen: 1
[03:07:57] [delta] тик 293400, tracked: 2, files seen: 1
[03:08:00] [delta] тик 293700, tracked: 2, files seen: 1
[03:08:03] [delta] тик 294000, tracked: 2, files seen: 1
[03:08:06] [delta] тик 294300, tracked: 2, files seen: 1
[03:08:09] [delta] тик 294600, tracked: 2, files seen: 1
[03:08:12] [delta] тик 294900, tracked: 2, files seen: 1
[03:08:15] [delta] тик 295200, tracked: 2, files seen: 1
[03:08:18] [delta] тик 295500, tracked: 2, files seen: 1
[03:08:21] [delta] тик 295800, tracked: 2, files seen: 1
[03:08:25] [delta] тик 296100, tracked: 2, files seen: 1
[03:08:28] [delta] тик 296400, tracked: 2, files seen: 1
[03:08:31] [delta] тик 296700, tracked: 2, files seen: 1
[03:08:34] [delta] тик 297000, tracked: 2, files seen: 1
[03:08:37] [delta] тик 297300, tracked: 2, files seen: 1
[03:08:40] [delta] тик 297600, tracked: 2, files seen: 1
[03:08:43] [delta] тик 297900, tracked: 2, files seen: 1
[03:08:46] [delta] тик 298200, tracked: 2, files seen: 1
[03:08:49] [delta] тик 298500, tracked: 2, files seen: 1
[03:08:52] [delta] тик 298800, tracked: 2, files seen: 1
[03:08:56] [delta] тик 299100, tracked: 2, files seen: 1
[03:08:59] [delta] тик 299400, tracked: 2, files seen: 1
[03:09:02] [delta] тик 299700, tracked: 2, files seen: 1
[03:09:05] [delta] тик 300000, tracked: 2, files seen: 1
[03:09:08] [delta] тик 300300, tracked: 2, files seen: 1
[03:09:11] [delta] тик 300600, tracked: 2, files seen: 1
[03:09:14] [delta] тик 300900, tracked: 2, files seen: 1
[03:09:17] [delta] тик 301200, tracked: 2, files seen: 1
[03:09:20] [delta] тик 301500, tracked: 2, files seen: 1
[03:09:23] [delta] тик 301800, tracked: 2, files seen: 1
[03:09:26] [delta] тик 302100, tracked: 2, files seen: 1
[03:09:30] [delta] тик 302400, tracked: 2, files seen: 1
[03:09:33] [delta] тик 302700, tracked: 2, files seen: 1
[03:09:36] [delta] тик 303000, tracked: 2, files seen: 1
[03:09:39] [delta] тик 303300, tracked: 2, files seen: 1
[03:09:42] [delta] тик 303600, tracked: 2, files seen: 1
[03:09:45] [delta] тик 303900, tracked: 2, files seen: 1
[03:09:48] [delta] тик 304200, tracked: 2, files seen: 1
[03:09:51] [delta] тик 304500, tracked: 2, files seen: 1
[03:09:54] [delta] тик 304800, tracked: 2, files seen: 1
[03:09:57] [delta] тик 305100, tracked: 2, files seen: 1
[03:10:01] [delta] тик 305400, tracked: 2, files seen: 1
[03:10:04] [delta] тик 305700, tracked: 2, files seen: 1
[03:10:07] [delta] тик 306000, tracked: 2, files seen: 1
[03:10:10] [delta] тик 306300, tracked: 2, files seen: 1
[03:10:13] [delta] тик 306600, tracked: 2, files seen: 1
[03:10:16] [delta] тик 306900, tracked: 2, files seen: 1
[03:10:19] [delta] тик 307200, tracked: 2, files seen: 1
[03:10:22] [delta] тик 307500, tracked: 2, files seen: 1
[03:10:25] [delta] тик 307800, tracked: 2, files seen: 1
[03:10:28] [delta] тик 308100, tracked: 2, files seen: 1
[03:10:31] [delta] тик 308400, tracked: 2, files seen: 1
[03:10:35] [delta] тик 308700, tracked: 2, files seen: 1
[03:10:38] [delta] тик 309000, tracked: 2, files seen: 1
[03:10:41] [delta] тик 309300, tracked: 2, files seen: 1
[03:10:44] [delta] тик 309600, tracked: 2, files seen: 1
[03:10:47] [delta] тик 309900, tracked: 2, files seen: 1
[03:10:50] [delta] тик 310200, tracked: 2, files seen: 1
[03:10:53] [delta] тик 310500, tracked: 2, files seen: 1
[03:10:56] [delta] тик 310800, tracked: 2, files seen: 1
[03:10:59] [delta] тик 311100, tracked: 2, files seen: 1
[03:11:02] [delta] тик 311400, tracked: 2, files seen: 1
[03:11:06] [delta] тик 311700, tracked: 2, files seen: 1
[03:11:09] [delta] тик 312000, tracked: 2, files seen: 1
[03:11:12] [delta] тик 312300, tracked: 2, files seen: 1
[03:11:15] [delta] тик 312600, tracked: 2, files seen: 1
[03:11:18] [delta] тик 312900, tracked: 2, files seen: 1
[03:11:21] [delta] тик 313200, tracked: 2, files seen: 1
[03:11:24] [delta] тик 313500, tracked: 2, files seen: 1
[03:11:27] [delta] тик 313800, tracked: 2, files seen: 1
[03:11:30] [delta] тик 314100, tracked: 2, files seen: 1
[03:11:33] [delta] тик 314400, tracked: 2, files seen: 1
[03:11:37] [delta] тик 314700, tracked: 2, files seen: 1
[03:11:40] [delta] тик 315000, tracked: 2, files seen: 1
[03:11:43] [delta] тик 315300, tracked: 2, files seen: 1
[03:11:46] [delta] тик 315600, tracked: 2, files seen: 1
[03:11:49] [delta] тик 315900, tracked: 2, files seen: 1
[03:11:52] [delta] тик 316200, tracked: 2, files seen: 1
[03:11:55] [delta] тик 316500, tracked: 2, files seen: 1
[03:11:58] [delta] тик 316800, tracked: 2, files seen: 1
[03:12:01] [delta] тик 317100, tracked: 2, files seen: 1
[03:12:04] [delta] тик 317400, tracked: 2, files seen: 1
[03:12:07] [delta] тик 317700, tracked: 2, files seen: 1
[03:12:11] [delta] тик 318000, tracked: 2, files seen: 1
[03:12:14] [delta] тик 318300, tracked: 2, files seen: 1
[03:12:17] [delta] тик 318600, tracked: 2, files seen: 1
[03:12:20] [delta] тик 318900, tracked: 2, files seen: 1
[03:12:23] [delta] тик 319200, tracked: 2, files seen: 1
[03:12:26] [delta] тик 319500, tracked: 2, files seen: 1
[03:12:29] [delta] тик 319800, tracked: 2, files seen: 1
[03:12:32] [delta] тик 320100, tracked: 2, files seen: 1
[03:12:35] [delta] тик 320400, tracked: 2, files seen: 1
[03:12:38] [delta] тик 320700, tracked: 2, files seen: 1
[03:12:42] [delta] тик 321000, tracked: 2, files seen: 1
[03:12:45] [delta] тик 321300, tracked: 2, files seen: 1
[03:12:48] [delta] тик 321600, tracked: 2, files seen: 1
[03:12:51] [delta] тик 321900, tracked: 2, files seen: 1
[03:12:54] [delta] тик 322200, tracked: 2, files seen: 1
[03:12:57] [delta] тик 322500, tracked: 2, files seen: 1
[03:13:00] [delta] тик 322800, tracked: 2, files seen: 1
[03:13:03] [delta] тик 323100, tracked: 2, files seen: 1
[03:13:06] [delta] тик 323400, tracked: 2, files seen: 1
[03:13:10] [delta] тик 323700, tracked: 2, files seen: 1
[03:13:13] [delta] тик 324000, tracked: 2, files seen: 1
[03:13:16] [delta] тик 324300, tracked: 2, files seen: 1
[03:13:19] [delta] тик 324600, tracked: 2, files seen: 1
[03:13:22] [delta] тик 324900, tracked: 2, files seen: 1
[03:13:25] [delta] тик 325200, tracked: 2, files seen: 1
[03:13:28] [delta] тик 325500, tracked: 2, files seen: 1
[03:13:31] [delta] тик 325800, tracked: 2, files seen: 1
[03:13:34] [delta] тик 326100, tracked: 2, files seen: 1
[03:13:37] [delta] тик 326400, tracked: 2, files seen: 1
[03:13:41] [delta] тик 326700, tracked: 2, files seen: 1
[03:13:44] [delta] тик 327000, tracked: 2, files seen: 1
[03:13:47] [delta] тик 327300, tracked: 2, files seen: 1
[03:13:50] [delta] тик 327600, tracked: 2, files seen: 1
[03:13:53] [delta] тик 327900, tracked: 2, files seen: 1
[03:13:56] [delta] тик 328200, tracked: 2, files seen: 1
[03:13:59] [delta] тик 328500, tracked: 2, files seen: 1
[03:14:02] [delta] тик 328800, tracked: 2, files seen: 1
[03:14:05] [delta] тик 329100, tracked: 2, files seen: 1
[03:14:08] [delta] тик 329400, tracked: 2, files seen: 1
[03:14:12] [delta] тик 329700, tracked: 2, files seen: 1
[03:14:15] [delta] тик 330000, tracked: 2, files seen: 1
[03:14:18] [delta] тик 330300, tracked: 2, files seen: 1
[03:14:21] [delta] тик 330600, tracked: 2, files seen: 1
[03:14:24] [delta] тик 330900, tracked: 2, files seen: 1
[03:14:27] [delta] тик 331200, tracked: 2, files seen: 1
[03:14:30] [delta] тик 331500, tracked: 2, files seen: 1
[03:14:33] [delta] тик 331800, tracked: 2, files seen: 1
[03:14:36] [delta] тик 332100, tracked: 2, files seen: 1
[03:14:39] [delta] тик 332400, tracked: 2, files seen: 1
[03:14:43] [delta] тик 332700, tracked: 2, files seen: 1
[03:14:46] [delta] тик 333000, tracked: 2, files seen: 1
[03:14:49] [delta] тик 333300, tracked: 2, files seen: 1
[03:14:52] [delta] тик 333600, tracked: 2, files seen: 1
[03:14:55] [delta] тик 333900, tracked: 2, files seen: 1
[03:14:58] [delta] тик 334200, tracked: 2, files seen: 1
[03:15:01] [delta] тик 334500, tracked: 2, files seen: 1
[03:15:04] [delta] тик 334800, tracked: 2, files seen: 1
[03:15:07] [delta] тик 335100, tracked: 2, files seen: 1
[03:15:10] [delta] тик 335400, tracked: 2, files seen: 1
[03:15:14] [delta] тик 335700, tracked: 2, files seen: 1
[03:15:17] [delta] тик 336000, tracked: 2, files seen: 1
[03:15:20] [delta] тик 336300, tracked: 2, files seen: 1
[03:15:23] [delta] тик 336600, tracked: 2, files seen: 1
[03:15:26] [delta] тик 336900, tracked: 2, files seen: 1
[03:15:29] [delta] тик 337200, tracked: 2, files seen: 1
[03:15:32] [delta] тик 337500, tracked: 2, files seen: 1
[03:15:35] [delta] тик 337800, tracked: 2, files seen: 1
[03:15:38] [delta] тик 338100, tracked: 2, files seen: 1
[03:15:41] [delta] тик 338400, tracked: 2, files seen: 1
[03:15:44] [delta] тик 338700, tracked: 2, files seen: 1
[03:15:48] [delta] тик 339000, tracked: 2, files seen: 1
[03:15:51] [delta] тик 339300, tracked: 2, files seen: 1
[03:15:54] [delta] тик 339600, tracked: 2, files seen: 1
[03:15:57] [delta] тик 339900, tracked: 2, files seen: 1
[03:16:00] [delta] тик 340200, tracked: 2, files seen: 1
[03:16:03] [delta] тик 340500, tracked: 2, files seen: 1
[03:16:06] [delta] тик 340800, tracked: 2, files seen: 1
[03:16:09] [delta] тик 341100, tracked: 2, files seen: 1
[03:16:12] [delta] тик 341400, tracked: 2, files seen: 1
[03:16:15] [delta] тик 341700, tracked: 2, files seen: 1
[03:16:19] [delta] тик 342000, tracked: 2, files seen: 1
[03:16:22] [delta] тик 342300, tracked: 2, files seen: 1
[03:16:25] [delta] тик 342600, tracked: 2, files seen: 1
[03:16:28] [delta] тик 342900, tracked: 2, files seen: 1
[03:16:31] [delta] тик 343200, tracked: 2, files seen: 1
[03:16:34] [delta] тик 343500, tracked: 2, files seen: 1
[03:16:37] [delta] тик 343800, tracked: 2, files seen: 1
[03:16:40] [delta] тик 344100, tracked: 1, files seen: 1
[03:16:43] [delta] тик 344400, tracked: 2, files seen: 1
[03:16:46] [delta] тик 344700, tracked: 2, files seen: 1
[03:16:50] [delta] тик 345000, tracked: 2, files seen: 1
[03:16:53] [delta] тик 345300, tracked: 2, files seen: 1
[03:16:56] [delta] тик 345600, tracked: 2, files seen: 1
[03:16:59] [delta] тик 345900, tracked: 2, files seen: 1
[03:17:02] [delta] тик 346200, tracked: 2, files seen: 1
[03:17:05] [delta] тик 346500, tracked: 2, files seen: 1
[03:17:08] [delta] тик 346800, tracked: 2, files seen: 1
[03:17:11] [delta] тик 347100, tracked: 2, files seen: 1
[03:17:14] [delta] тик 347400, tracked: 2, files seen: 1
[03:17:17] [delta] тик 347700, tracked: 2, files seen: 1
[03:17:21] [delta] тик 348000, tracked: 2, files seen: 1
[03:17:24] [delta] тик 348300, tracked: 2, files seen: 1
[03:17:27] [delta] тик 348600, tracked: 2, files seen: 1
[03:17:30] [delta] тик 348900, tracked: 2, files seen: 1
[03:17:33] [delta] тик 349200, tracked: 1, files seen: 1
[03:17:36] [delta] тик 349500, tracked: 2, files seen: 1
[03:17:39] [delta] тик 349800, tracked: 2, files seen: 1
[03:17:42] [delta] тик 350100, tracked: 2, files seen: 1
[03:17:45] [delta] тик 350400, tracked: 2, files seen: 1
[03:17:49] [delta] тик 350700, tracked: 2, files seen: 1
[03:17:52] [delta] тик 351000, tracked: 2, files seen: 1
[03:17:55] [delta] тик 351300, tracked: 2, files seen: 1
[03:17:58] [delta] тик 351600, tracked: 2, files seen: 1
[03:18:01] [delta] тик 351900, tracked: 2, files seen: 1
[03:18:04] [delta] тик 352200, tracked: 2, files seen: 1
[03:18:07] [delta] тик 352500, tracked: 2, files seen: 1
[03:18:10] [delta] тик 352800, tracked: 2, files seen: 1
[03:18:13] [delta] тик 353100, tracked: 2, files seen: 1
[03:18:16] [delta] тик 353400, tracked: 2, files seen: 1
[03:18:20] [delta] тик 353700, tracked: 2, files seen: 1
[03:18:23] [delta] тик 354000, tracked: 2, files seen: 1
[03:18:26] [delta] тик 354300, tracked: 2, files seen: 1
[03:18:29] [delta] тик 354600, tracked: 2, files seen: 1
[03:18:32] [delta] тик 354900, tracked: 2, files seen: 1
[03:18:35] [delta] тик 355200, tracked: 2, files seen: 1
[03:18:38] [delta] тик 355500, tracked: 2, files seen: 1
[03:18:41] [delta] тик 355800, tracked: 2, files seen: 1
[03:18:44] [delta] тик 356100, tracked: 2, files seen: 1
[03:18:47] [delta] тик 356400, tracked: 2, files seen: 1
[03:18:50] [delta] тик 356700, tracked: 2, files seen: 1
[03:18:54] [delta] тик 357000, tracked: 2, files seen: 1
[03:18:57] [delta] тик 357300, tracked: 2, files seen: 1
[03:19:00] [delta] тик 357600, tracked: 2, files seen: 1
[03:19:03] [delta] тик 357900, tracked: 2, files seen: 1
[03:19:06] [delta] тик 358200, tracked: 2, files seen: 1
[03:19:09] [delta] тик 358500, tracked: 2, files seen: 1
[03:19:12] [delta] тик 358800, tracked: 2, files seen: 1
[03:19:15] [delta] тик 359100, tracked: 2, files seen: 1
[03:19:18] [delta] тик 359400, tracked: 2, files seen: 1
[03:19:22] [delta] тик 359700, tracked: 2, files seen: 1
[03:19:25] [delta] тик 360000, tracked: 2, files seen: 1
[03:19:28] [delta] тик 360300, tracked: 2, files seen: 1
[03:19:31] [delta] тик 360600, tracked: 2, files seen: 1
[03:19:34] [delta] тик 360900, tracked: 2, files seen: 1
[03:19:37] [delta] тик 361200, tracked: 2, files seen: 1
[03:19:40] [delta] тик 361500, tracked: 2, files seen: 1
[03:19:43] [delta] тик 361800, tracked: 2, files seen: 1
[03:19:46] [delta] тик 362100, tracked: 2, files seen: 1
[03:19:49] [delta] тик 362400, tracked: 2, files seen: 1
[03:19:53] [delta] тик 362700, tracked: 2, files seen: 1
[03:19:56] [delta] тик 363000, tracked: 2, files seen: 1
[03:19:59] [delta] тик 363300, tracked: 2, files seen: 1
[03:20:02] [delta] тик 363600, tracked: 2, files seen: 1
[03:20:05] [delta] тик 363900, tracked: 2, files seen: 1
[03:20:08] [delta] тик 364200, tracked: 2, files seen: 1
[03:20:11] [delta] тик 364500, tracked: 2, files seen: 1
[03:20:14] [delta] тик 364800, tracked: 2, files seen: 1
[03:20:17] [delta] тик 365100, tracked: 2, files seen: 1
[03:20:20] [delta] тик 365400, tracked: 2, files seen: 1
[03:20:24] [delta] тик 365700, tracked: 1, files seen: 1
[03:20:27] [delta] тик 366000, tracked: 2, files seen: 1
[03:20:30] [delta] тик 366300, tracked: 2, files seen: 1
[03:20:33] [delta] тик 366600, tracked: 2, files seen: 1
[03:20:36] [delta] тик 366900, tracked: 2, files seen: 1
[03:20:39] [delta] тик 367200, tracked: 2, files seen: 1
[03:20:42] [delta] тик 367500, tracked: 2, files seen: 1
[03:20:45] [delta] тик 367800, tracked: 2, files seen: 1
[03:20:48] [delta] тик 368100, tracked: 2, files seen: 1
[03:20:51] [delta] тик 368400, tracked: 2, files seen: 1
[03:20:55] [delta] тик 368700, tracked: 2, files seen: 1
[03:20:58] [delta] тик 369000, tracked: 2, files seen: 1
[03:21:01] [delta] тик 369300, tracked: 2, files seen: 1
[03:21:04] [delta] тик 369600, tracked: 2, files seen: 1
[03:21:07] [delta] тик 369900, tracked: 2, files seen: 1
[03:21:10] [delta] тик 370200, tracked: 2, files seen: 1
[03:21:13] [delta] тик 370500, tracked: 2, files seen: 1
[03:21:16] [delta] тик 370800, tracked: 2, files seen: 1
[03:21:19] [delta] тик 371100, tracked: 2, files seen: 1
[03:21:22] [delta] тик 371400, tracked: 2, files seen: 1
[03:21:25] [delta] тик 371700, tracked: 2, files seen: 1
[03:21:29] [delta] тик 372000, tracked: 2, files seen: 1
[03:21:32] [delta] тик 372300, tracked: 2, files seen: 1
[03:21:35] [delta] тик 372600, tracked: 2, files seen: 1
[03:21:38] [delta] тик 372900, tracked: 2, files seen: 1
[03:21:41] [delta] тик 373200, tracked: 2, files seen: 1
[03:21:44] [delta] тик 373500, tracked: 2, files seen: 1
[03:21:47] [delta] тик 373800, tracked: 2, files seen: 1
[03:21:50] [delta] тик 374100, tracked: 2, files seen: 1
[03:21:53] [delta] тик 374400, tracked: 2, files seen: 1
[03:21:56] [delta] тик 374700, tracked: 2, files seen: 1
[03:22:00] [delta] тик 375000, tracked: 2, files seen: 1
[03:22:03] [delta] тик 375300, tracked: 2, files seen: 1
[03:22:06] [delta] тик 375600, tracked: 2, files seen: 1
[03:22:09] [delta] тик 375900, tracked: 2, files seen: 1
[03:22:12] [delta] тик 376200, tracked: 2, files seen: 1
[03:22:15] [delta] тик 376500, tracked: 2, files seen: 1
[03:22:18] [delta] тик 376800, tracked: 2, files seen: 1
[03:22:21] [delta] тик 377100, tracked: 2, files seen: 1
[03:22:24] [delta] тик 377400, tracked: 2, files seen: 1
[03:22:27] [delta] тик 377700, tracked: 2, files seen: 1
[03:22:31] [delta] тик 378000, tracked: 2, files seen: 1
[03:22:34] [delta] тик 378300, tracked: 2, files seen: 1
[03:22:37] [delta] тик 378600, tracked: 2, files seen: 1
[03:22:40] [delta] тик 378900, tracked: 2, files seen: 1
[03:22:43] [delta] тик 379200, tracked: 2, files seen: 1
[03:22:46] [delta] тик 379500, tracked: 2, files seen: 1
[03:22:49] [delta] тик 379800, tracked: 2, files seen: 1
[03:22:52] [delta] тик 380100, tracked: 2, files seen: 1
[03:22:55] [delta] тик 380400, tracked: 2, files seen: 1
[03:22:58] [delta] тик 380700, tracked: 2, files seen: 1
[03:23:02] [delta] тик 381000, tracked: 2, files seen: 1
[03:23:05] [delta] тик 381300, tracked: 2, files seen: 1
[03:23:08] [delta] тик 381600, tracked: 2, files seen: 1
[03:23:11] [delta] тик 381900, tracked: 2, files seen: 1
[03:23:14] [delta] тик 382200, tracked: 2, files seen: 1
[03:23:17] [delta] тик 382500, tracked: 2, files seen: 1
[03:23:20] [delta] тик 382800, tracked: 2, files seen: 1
[03:23:24] [delta] тик 383100, tracked: 2, files seen: 1
[03:23:27] [delta] тик 383400, tracked: 2, files seen: 1
[03:23:30] [delta] тик 383700, tracked: 2, files seen: 1
[03:23:33] [delta] тик 384000, tracked: 2, files seen: 1
[03:23:36] [delta] тик 384300, tracked: 2, files seen: 1
[03:23:39] [delta] тик 384600, tracked: 2, files seen: 1
[03:23:42] [delta] тик 384900, tracked: 2, files seen: 1
[03:23:45] [delta] тик 385200, tracked: 2, files seen: 1
[03:23:48] [delta] тик 385500, tracked: 2, files seen: 1
[03:23:51] [delta] тик 385800, tracked: 2, files seen: 1
[03:23:55] [delta] тик 386100, tracked: 2, files seen: 1
[03:23:58] [delta] тик 386400, tracked: 2, files seen: 1
[03:24:01] [delta] тик 386700, tracked: 2, files seen: 1
[03:24:04] [delta] тик 387000, tracked: 2, files seen: 1
[03:24:08] [delta] тик 387300, tracked: 2, files seen: 1
[03:24:11] [delta] тик 387600, tracked: 2, files seen: 1
[03:24:15] [delta] тик 387900, tracked: 2, files seen: 1
[03:24:18] [delta] тик 388200, tracked: 2, files seen: 1
[03:24:21] [delta] тик 388500, tracked: 2, files seen: 1
[03:24:24] [delta] тик 388800, tracked: 2, files seen: 1
[03:24:27] [delta] тик 389100, tracked: 2, files seen: 1
[03:24:30] [delta] тик 389400, tracked: 2, files seen: 1
[03:24:33] [delta] тик 389700, tracked: 2, files seen: 1
[03:24:36] [delta] тик 390000, tracked: 2, files seen: 1
[03:24:39] [delta] тик 390300, tracked: 2, files seen: 1
[03:24:43] [delta] тик 390600, tracked: 2, files seen: 1
[03:24:46] [delta] тик 390900, tracked: 2, files seen: 1
[03:24:49] [delta] тик 391200, tracked: 2, files seen: 1
[03:24:52] [delta] тик 391500, tracked: 2, files seen: 1
[03:24:55] [delta] тик 391800, tracked: 2, files seen: 1
[03:24:58] [delta] тик 392100, tracked: 2, files seen: 1
[03:25:01] [delta] тик 392400, tracked: 2, files seen: 1
[03:25:04] [delta] тик 392700, tracked: 2, files seen: 1
[03:25:07] [delta] тик 393000, tracked: 2, files seen: 1
[03:25:10] [delta] тик 393300, tracked: 2, files seen: 1
[03:25:14] [delta] тик 393600, tracked: 2, files seen: 1
[03:25:17] [delta] тик 393900, tracked: 2, files seen: 1
[03:25:20] [delta] тик 394200, tracked: 2, files seen: 1
[03:25:23] [delta] тик 394500, tracked: 2, files seen: 1
[03:25:26] [delta] тик 394800, tracked: 2, files seen: 1
[03:25:29] [delta] тик 395100, tracked: 2, files seen: 1
[03:25:32] [delta] тик 395400, tracked: 2, files seen: 1
[03:25:35] [delta] тик 395700, tracked: 2, files seen: 1
[03:25:38] [delta] тик 396000, tracked: 2, files seen: 1
[03:25:41] [delta] тик 396300, tracked: 2, files seen: 1
[03:25:45] [delta] тик 396600, tracked: 2, files seen: 1
[03:25:48] [delta] тик 396900, tracked: 2, files seen: 1
[03:25:51] [delta] тик 397200, tracked: 2, files seen: 1
[03:25:54] [delta] тик 397500, tracked: 2, files seen: 1
[03:25:57] [delta] тик 397800, tracked: 2, files seen: 1
[03:26:00] [delta] тик 398100, tracked: 2, files seen: 1
[03:26:03] [delta] тик 398400, tracked: 2, files seen: 1
[03:26:06] [delta] тик 398700, tracked: 2, files seen: 1
[03:26:09] [delta] тик 399000, tracked: 2, files seen: 1
[03:26:12] [delta] тик 399300, tracked: 2, files seen: 1
[03:26:16] [delta] тик 399600, tracked: 2, files seen: 1
[03:26:19] [delta] тик 399900, tracked: 2, files seen: 1
[03:26:22] [delta] тик 400200, tracked: 2, files seen: 1
[03:26:25] [delta] тик 400500, tracked: 2, files seen: 1
[03:26:28] [delta] тик 400800, tracked: 2, files seen: 1
[03:26:31] [delta] тик 401100, tracked: 2, files seen: 1
[03:26:34] [delta] тик 401400, tracked: 2, files seen: 1
[03:26:37] [delta] тик 401700, tracked: 2, files seen: 1
[03:26:40] [delta] тик 402000, tracked: 2, files seen: 1
[03:26:44] [delta] тик 402300, tracked: 2, files seen: 1
[03:26:47] [delta] тик 402600, tracked: 2, files seen: 1
[03:26:50] [delta] тик 402900, tracked: 2, files seen: 1
[03:26:53] [delta] тик 403200, tracked: 2, files seen: 1
[03:26:56] [delta] тик 403500, tracked: 2, files seen: 1
[03:26:59] [delta] тик 403800, tracked: 2, files seen: 1
[03:27:02] [delta] тик 404100, tracked: 2, files seen: 1
[03:27:05] [delta] тик 404400, tracked: 2, files seen: 1
[03:27:08] [delta] тик 404700, tracked: 2, files seen: 1
[03:27:11] [delta] тик 405000, tracked: 2, files seen: 1
[03:27:15] [delta] тик 405300, tracked: 2, files seen: 1
[03:27:18] [delta] тик 405600, tracked: 2, files seen: 1
[03:27:21] [delta] тик 405900, tracked: 2, files seen: 1
[03:27:24] [delta] тик 406200, tracked: 2, files seen: 1
[03:27:27] [delta] тик 406500, tracked: 2, files seen: 1
[03:27:30] [delta] тик 406800, tracked: 2, files seen: 1
[03:27:33] [delta] тик 407100, tracked: 2, files seen: 1
[03:27:36] [delta] тик 407400, tracked: 2, files seen: 1
[03:27:39] [delta] тик 407700, tracked: 2, files seen: 1
[03:27:42] [delta] тик 408000, tracked: 2, files seen: 1
[03:27:46] [delta] тик 408300, tracked: 2, files seen: 1
[03:27:49] [delta] тик 408600, tracked: 2, files seen: 1
[03:27:52] [delta] тик 408900, tracked: 2, files seen: 1
[03:27:55] [delta] тик 409200, tracked: 2, files seen: 1
[03:27:58] [delta] тик 409500, tracked: 2, files seen: 1
[03:28:01] [delta] тик 409800, tracked: 2, files seen: 1
[03:28:04] [delta] тик 410100, tracked: 2, files seen: 1
[03:28:07] [delta] тик 410400, tracked: 2, files seen: 1
[03:28:10] [delta] тик 410700, tracked: 2, files seen: 1
[03:28:13] [delta] тик 411000, tracked: 2, files seen: 1
[03:28:17] [delta] тик 411300, tracked: 2, files seen: 1
[03:28:20] [delta] тик 411600, tracked: 2, files seen: 1
[03:28:23] [delta] тик 411900, tracked: 2, files seen: 1
[03:28:26] [delta] тик 412200, tracked: 2, files seen: 1
[03:28:29] [delta] тик 412500, tracked: 2, files seen: 1
[03:28:32] [delta] тик 412800, tracked: 2, files seen: 1
[03:28:35] [delta] тик 413100, tracked: 2, files seen: 1
[03:28:38] [delta] тик 413400, tracked: 2, files seen: 1
[03:28:41] [delta] тик 413700, tracked: 2, files seen: 1
[03:28:44] [delta] тик 414000, tracked: 2, files seen: 1
[03:28:47] [delta] тик 414300, tracked: 2, files seen: 1
[03:28:51] [delta] тик 414600, tracked: 2, files seen: 1
[03:28:54] [delta] тик 414900, tracked: 2, files seen: 1
[03:28:57] [delta] тик 415200, tracked: 2, files seen: 1
[03:29:00] [delta] тик 415500, tracked: 2, files seen: 1
[03:29:03] [delta] тик 415800, tracked: 2, files seen: 1
[03:29:06] [delta] тик 416100, tracked: 2, files seen: 1
[03:29:09] [delta] тик 416400, tracked: 2, files seen: 1
[03:29:12] [delta] тик 416700, tracked: 2, files seen: 1
[03:29:15] [delta] тик 417000, tracked: 2, files seen: 1
[03:29:18] [delta] тик 417300, tracked: 2, files seen: 1
[03:29:22] [delta] тик 417600, tracked: 2, files seen: 1
[03:29:25] [delta] тик 417900, tracked: 2, files seen: 1
[03:29:28] [delta] тик 418200, tracked: 2, files seen: 1
[03:29:31] [delta] тик 418500, tracked: 2, files seen: 1
[03:29:34] [delta] тик 418800, tracked: 2, files seen: 1
[03:29:37] [delta] тик 419100, tracked: 2, files seen: 1
[03:29:40] [delta] тик 419400, tracked: 2, files seen: 1
[03:29:43] [delta] тик 419700, tracked: 2, files seen: 1
[03:29:46] [delta] тик 420000, tracked: 2, files seen: 1
[03:29:49] [delta] тик 420300, tracked: 2, files seen: 1
[03:29:53] [delta] тик 420600, tracked: 2, files seen: 1
[03:29:56] [delta] тик 420900, tracked: 2, files seen: 1
[03:29:59] [delta] тик 421200, tracked: 2, files seen: 1
[03:30:02] [delta] тик 421500, tracked: 2, files seen: 1
[03:30:05] [delta] тик 421800, tracked: 2, files seen: 1
[03:30:08] [delta] тик 422100, tracked: 2, files seen: 1
[03:30:11] [delta] тик 422400, tracked: 2, files seen: 1
[03:30:14] [delta] тик 422700, tracked: 2, files seen: 1
[03:30:17] [delta] тик 423000, tracked: 2, files seen: 1
[03:30:20] [delta] тик 423300, tracked: 2, files seen: 1
[03:30:24] [delta] тик 423600, tracked: 2, files seen: 1
[03:30:27] [delta] тик 423900, tracked: 2, files seen: 1
[03:30:30] [delta] тик 424200, tracked: 2, files seen: 1
[03:30:33] [delta] тик 424500, tracked: 2, files seen: 1
[03:30:36] [delta] тик 424800, tracked: 2, files seen: 1
[03:30:39] [delta] тик 425100, tracked: 2, files seen: 1
[03:30:42] [delta] тик 425400, tracked: 2, files seen: 1
[03:30:45] [delta] тик 425700, tracked: 2, files seen: 1
[03:30:48] [delta] тик 426000, tracked: 2, files seen: 1
[03:30:52] [delta] тик 426300, tracked: 2, files seen: 1
[03:30:55] [delta] тик 426600, tracked: 2, files seen: 1
[03:30:58] [delta] тик 426900, tracked: 2, files seen: 1
[03:31:01] [delta] тик 427200, tracked: 2, files seen: 1
[03:31:04] [delta] тик 427500, tracked: 2, files seen: 1
[03:31:07] [delta] тик 427800, tracked: 2, files seen: 1
[03:31:10] [delta] тик 428100, tracked: 2, files seen: 1
[03:31:13] [delta] тик 428400, tracked: 2, files seen: 1
[03:31:16] [delta] тик 428700, tracked: 2, files seen: 1
[03:31:19] [delta] тик 429000, tracked: 2, files seen: 1
[03:31:23] [delta] тик 429300, tracked: 2, files seen: 1
[03:31:26] [delta] тик 429600, tracked: 2, files seen: 1
[03:31:29] [delta] тик 429900, tracked: 2, files seen: 1
[03:31:32] [delta] тик 430200, tracked: 2, files seen: 1
[03:31:35] [delta] тик 430500, tracked: 2, files seen: 1
[03:31:38] [delta] тик 430800, tracked: 2, files seen: 1
[03:31:41] [delta] тик 431100, tracked: 2, files seen: 1
[03:31:44] [delta] тик 431400, tracked: 2, files seen: 1
[03:31:47] [delta] тик 431700, tracked: 2, files seen: 1
[03:31:50] [delta] тик 432000, tracked: 2, files seen: 1
[03:31:54] [delta] тик 432300, tracked: 2, files seen: 1
[03:31:57] [delta] тик 432600, tracked: 2, files seen: 1
[03:32:00] [delta] тик 432900, tracked: 2, files seen: 1
[03:32:03] [delta] тик 433200, tracked: 2, files seen: 1
[03:32:06] [delta] тик 433500, tracked: 2, files seen: 1
[03:32:09] [delta] тик 433800, tracked: 2, files seen: 1
[03:32:12] [delta] тик 434100, tracked: 2, files seen: 1
[03:32:15] [delta] тик 434400, tracked: 2, files seen: 1
[03:32:18] [delta] тик 434700, tracked: 2, files seen: 1
[03:32:21] [delta] тик 435000, tracked: 2, files seen: 1
[03:32:25] [delta] тик 435300, tracked: 2, files seen: 1
[03:32:28] [delta] тик 435600, tracked: 2, files seen: 1
[03:32:31] [delta] тик 435900, tracked: 2, files seen: 1
[03:32:34] [delta] тик 436200, tracked: 2, files seen: 1
[03:32:37] [delta] тик 436500, tracked: 2, files seen: 1
[03:32:40] [delta] тик 436800, tracked: 2, files seen: 1
[03:32:43] [delta] тик 437100, tracked: 2, files seen: 1
[03:32:46] [delta] тик 437400, tracked: 2, files seen: 1
[03:32:49] [delta] тик 437700, tracked: 2, files seen: 1
[03:32:52] [delta] тик 438000, tracked: 2, files seen: 1
[03:32:56] [delta] тик 438300, tracked: 2, files seen: 1
[03:32:59] [delta] тик 438600, tracked: 2, files seen: 1
[03:33:02] [delta] тик 438900, tracked: 2, files seen: 1
[03:33:05] [delta] тик 439200, tracked: 2, files seen: 1
[03:33:08] [delta] тик 439500, tracked: 2, files seen: 1
[03:33:11] [delta] тик 439800, tracked: 2, files seen: 1
[03:33:14] [delta] тик 440100, tracked: 2, files seen: 1
[03:33:17] [delta] тик 440400, tracked: 2, files seen: 1
[03:33:20] [delta] тик 440700, tracked: 2, files seen: 1
[03:33:24] [delta] тик 441000, tracked: 2, files seen: 1
[03:33:27] [delta] тик 441300, tracked: 2, files seen: 1
[03:33:30] [delta] тик 441600, tracked: 2, files seen: 1
[03:33:33] [delta] тик 441900, tracked: 2, files seen: 1
[03:33:36] [delta] тик 442200, tracked: 2, files seen: 1
[03:33:39] [delta] тик 442500, tracked: 2, files seen: 1
[03:33:42] [delta] тик 442800, tracked: 2, files seen: 1
[03:33:45] [delta] тик 443100, tracked: 2, files seen: 1
[03:33:48] [delta] тик 443400, tracked: 2, files seen: 1
[03:33:51] [delta] тик 443700, tracked: 2, files seen: 1
[03:33:55] [delta] тик 444000, tracked: 2, files seen: 1
[03:33:58] [delta] тик 444300, tracked: 2, files seen: 1
[03:34:01] [delta] тик 444600, tracked: 2, files seen: 1
[03:34:04] [delta] тик 444900, tracked: 2, files seen: 1
[03:34:07] [delta] тик 445200, tracked: 2, files seen: 1
[03:34:10] [delta] тик 445500, tracked: 2, files seen: 1
[03:34:13] [delta] тик 445800, tracked: 2, files seen: 1
[03:34:16] [delta] тик 446100, tracked: 2, files seen: 1
[03:34:19] [delta] тик 446400, tracked: 2, files seen: 1
[03:34:22] [delta] тик 446700, tracked: 2, files seen: 1
[03:34:26] [delta] тик 447000, tracked: 2, files seen: 1
[03:34:29] [delta] тик 447300, tracked: 2, files seen: 1
[03:34:32] [delta] тик 447600, tracked: 2, files seen: 1
[03:34:35] [delta] тик 447900, tracked: 2, files seen: 1
[03:34:38] [delta] тик 448200, tracked: 2, files seen: 1
[03:34:41] [delta] тик 448500, tracked: 2, files seen: 1
[03:34:44] [delta] тик 448800, tracked: 2, files seen: 1
[03:34:47] [delta] тик 449100, tracked: 2, files seen: 1
[03:34:50] [delta] тик 449400, tracked: 2, files seen: 1
[03:34:53] [delta] тик 449700, tracked: 2, files seen: 1
[03:34:57] [delta] тик 450000, tracked: 2, files seen: 1
[03:35:00] [delta] тик 450300, tracked: 2, files seen: 1
[03:35:03] [delta] тик 450600, tracked: 2, files seen: 1
[03:35:06] [delta] тик 450900, tracked: 2, files seen: 1
[03:35:09] [delta] тик 451200, tracked: 2, files seen: 1
[03:35:12] [delta] тик 451500, tracked: 2, files seen: 1
[03:35:16] [delta] тик 451800, tracked: 2, files seen: 1
[03:35:19] [delta] тик 452100, tracked: 2, files seen: 1
[03:35:22] [delta] тик 452400, tracked: 2, files seen: 1
[03:35:25] [delta] тик 452700, tracked: 2, files seen: 1
[03:35:28] [delta] тик 453000, tracked: 2, files seen: 1
[03:35:31] [delta] тик 453300, tracked: 2, files seen: 1
[03:35:35] [delta] тик 453600, tracked: 2, files seen: 1
[03:35:38] [delta] тик 453900, tracked: 1, files seen: 1
[03:35:41] [delta] тик 454200, tracked: 2, files seen: 1
[03:35:44] [delta] тик 454500, tracked: 2, files seen: 1
[03:35:47] [delta] тик 454800, tracked: 2, files seen: 1
[03:35:50] [delta] тик 455100, tracked: 2, files seen: 1
[03:35:53] [delta] тик 455400, tracked: 2, files seen: 1
[03:35:56] [delta] тик 455700, tracked: 2, files seen: 1
[03:35:59] [delta] тик 456000, tracked: 2, files seen: 1
[03:36:03] [delta] тик 456300, tracked: 2, files seen: 1
[03:36:06] [delta] тик 456600, tracked: 2, files seen: 1
[03:36:09] [delta] тик 456900, tracked: 2, files seen: 1
[03:36:12] [delta] тик 457200, tracked: 2, files seen: 1
[03:36:15] [delta] тик 457500, tracked: 2, files seen: 1
[03:36:18] [delta] тик 457800, tracked: 2, files seen: 1
[03:36:21] [delta] тик 458100, tracked: 2, files seen: 1
[03:36:24] [delta] тик 458400, tracked: 2, files seen: 1
[03:36:27] [delta] тик 458700, tracked: 2, files seen: 1
[03:36:30] [delta] тик 459000, tracked: 2, files seen: 1
[03:36:34] [delta] тик 459300, tracked: 2, files seen: 1
[03:36:37] [delta] тик 459600, tracked: 2, files seen: 1
[03:36:40] [delta] тик 459900, tracked: 2, files seen: 1
[03:36:43] [delta] тик 460200, tracked: 2, files seen: 1
[03:36:46] [delta] тик 460500, tracked: 2, files seen: 1
[03:36:49] [delta] тик 460800, tracked: 2, files seen: 1
[03:36:52] [delta] тик 461100, tracked: 2, files seen: 1
[03:36:55] [delta] тик 461400, tracked: 2, files seen: 1
[03:36:58] [delta] тик 461700, tracked: 2, files seen: 1
[03:37:01] [delta] тик 462000, tracked: 2, files seen: 1
[03:37:05] [delta] тик 462300, tracked: 2, files seen: 1
[03:37:08] [delta] тик 462600, tracked: 2, files seen: 1
[03:37:11] [delta] тик 462900, tracked: 2, files seen: 1
[03:37:14] [delta] тик 463200, tracked: 2, files seen: 1
[03:37:17] [delta] тик 463500, tracked: 2, files seen: 1
[03:37:20] [delta] тик 463800, tracked: 2, files seen: 1
[03:37:23] [delta] тик 464100, tracked: 2, files seen: 1
[03:37:26] [delta] тик 464400, tracked: 2, files seen: 1
[03:37:29] [delta] тик 464700, tracked: 2, files seen: 1
[03:37:32] [delta] тик 465000, tracked: 2, files seen: 1
[03:37:36] [delta] тик 465300, tracked: 2, files seen: 1
[03:37:39] [delta] тик 465600, tracked: 2, files seen: 1
[03:37:42] [delta] тик 465900, tracked: 2, files seen: 1
[03:37:45] [delta] тик 466200, tracked: 2, files seen: 1
[03:37:48] [delta] тик 466500, tracked: 2, files seen: 1
[03:37:51] [delta] тик 466800, tracked: 2, files seen: 1
[03:37:54] [delta] тик 467100, tracked: 2, files seen: 1
[03:37:57] [delta] тик 467400, tracked: 2, files seen: 1
[03:38:00] [delta] тик 467700, tracked: 2, files seen: 1
[03:38:03] [delta] тик 468000, tracked: 2, files seen: 1
[03:38:07] [delta] тик 468300, tracked: 2, files seen: 1
[03:38:10] [delta] тик 468600, tracked: 2, files seen: 1
[03:38:13] [delta] тик 468900, tracked: 2, files seen: 1
[03:38:16] [delta] тик 469200, tracked: 2, files seen: 1
[03:38:19] [delta] тик 469500, tracked: 2, files seen: 1
[03:38:22] [delta] тик 469800, tracked: 2, files seen: 1
[03:38:26] [delta] тик 470100, tracked: 2, files seen: 1
[03:38:29] [delta] тик 470400, tracked: 2, files seen: 1
[03:38:32] [delta] тик 470700, tracked: 2, files seen: 1
[03:38:35] [delta] тик 471000, tracked: 2, files seen: 1
[03:38:38] [delta] тик 471300, tracked: 2, files seen: 1
[03:38:41] [delta] тик 471600, tracked: 2, files seen: 1
[03:38:44] [delta] тик 471900, tracked: 2, files seen: 1
[03:38:47] [delta] тик 472200, tracked: 2, files seen: 1
[03:38:50] [delta] тик 472500, tracked: 2, files seen: 1
[03:38:54] [delta] тик 472800, tracked: 2, files seen: 1
[03:38:57] [delta] тик 473100, tracked: 2, files seen: 1
[03:39:00] [delta] тик 473400, tracked: 2, files seen: 1
[03:39:03] [delta] тик 473700, tracked: 2, files seen: 1
[03:39:06] [delta] тик 474000, tracked: 2, files seen: 1
[03:39:09] [delta] тик 474300, tracked: 2, files seen: 1
[03:39:12] [delta] тик 474600, tracked: 2, files seen: 1
[03:39:15] [delta] тик 474900, tracked: 2, files seen: 1
[03:39:18] [delta] тик 475200, tracked: 2, files seen: 1
[03:39:21] [delta] тик 475500, tracked: 2, files seen: 1
[03:39:24] [delta] тик 475800, tracked: 2, files seen: 1
[03:39:28] [delta] тик 476100, tracked: 2, files seen: 1
[03:39:31] [delta] тик 476400, tracked: 2, files seen: 1
[03:39:34] [delta] тик 476700, tracked: 2, files seen: 1
[03:39:37] [delta] тик 477000, tracked: 2, files seen: 1
[03:39:40] [delta] тик 477300, tracked: 2, files seen: 1
[03:39:43] [delta] тик 477600, tracked: 2, files seen: 1
[03:39:46] [delta] тик 477900, tracked: 2, files seen: 1
[03:39:49] [delta] тик 478200, tracked: 2, files seen: 1
[03:39:52] [delta] тик 478500, tracked: 2, files seen: 1
[03:39:55] [delta] тик 478800, tracked: 2, files seen: 1
[03:39:59] [delta] тик 479100, tracked: 2, files seen: 1
[03:40:02] [delta] тик 479400, tracked: 2, files seen: 1
[03:40:05] [delta] тик 479700, tracked: 2, files seen: 1
[03:40:08] [delta] тик 480000, tracked: 2, files seen: 1
[03:40:11] [delta] тик 480300, tracked: 2, files seen: 1
[03:40:14] [delta] тик 480600, tracked: 2, files seen: 1
[03:40:17] [delta] тик 480900, tracked: 2, files seen: 1
[03:40:20] [delta] тик 481200, tracked: 2, files seen: 1
[03:40:23] [delta] тик 481500, tracked: 2, files seen: 1
[03:40:26] [delta] тик 481800, tracked: 2, files seen: 1
[03:40:30] [delta] тик 482100, tracked: 2, files seen: 1
[03:40:33] [delta] тик 482400, tracked: 2, files seen: 1
[03:40:36] [delta] тик 482700, tracked: 2, files seen: 1
[03:40:39] [delta] тик 483000, tracked: 2, files seen: 1
[03:40:42] [delta] тик 483300, tracked: 2, files seen: 1
[03:40:45] [delta] тик 483600, tracked: 2, files seen: 1
[03:40:48] [delta] тик 483900, tracked: 2, files seen: 1
[03:40:52] [delta] тик 484200, tracked: 1, files seen: 1
[03:40:55] [delta] тик 484500, tracked: 2, files seen: 1
[03:40:58] [delta] тик 484800, tracked: 2, files seen: 1
[03:41:01] [delta] тик 485100, tracked: 2, files seen: 1
[03:41:04] [delta] тик 485400, tracked: 2, files seen: 1
[03:41:07] [delta] тик 485700, tracked: 2, files seen: 1
[03:41:10] [delta] тик 486000, tracked: 2, files seen: 1
[03:41:13] [delta] тик 486300, tracked: 2, files seen: 1
[03:41:16] [delta] тик 486600, tracked: 2, files seen: 1
[03:41:19] [delta] тик 486900, tracked: 2, files seen: 1
[03:41:22] [delta] тик 487200, tracked: 2, files seen: 1
[03:41:26] [delta] тик 487500, tracked: 2, files seen: 1
[03:41:29] [delta] тик 487800, tracked: 2, files seen: 1
[03:41:32] [delta] тик 488100, tracked: 2, files seen: 1
[03:41:35] [delta] тик 488400, tracked: 2, files seen: 1
[03:41:38] [delta] тик 488700, tracked: 2, files seen: 1
[03:41:41] [delta] тик 489000, tracked: 2, files seen: 1
[03:41:44] [delta] тик 489300, tracked: 2, files seen: 1
[03:41:47] [delta] тик 489600, tracked: 2, files seen: 1
[03:41:50] [delta] тик 489900, tracked: 2, files seen: 1
[03:41:53] [delta] тик 490200, tracked: 2, files seen: 1
[03:41:57] [delta] тик 490500, tracked: 2, files seen: 1
[03:42:00] [delta] тик 490800, tracked: 2, files seen: 1
[03:42:03] [delta] тик 491100, tracked: 2, files seen: 1
[03:42:06] [delta] тик 491400, tracked: 2, files seen: 1
[03:42:09] [delta] тик 491700, tracked: 2, files seen: 1
[03:42:12] [delta] тик 492000, tracked: 2, files seen: 1
[03:42:15] [delta] тик 492300, tracked: 2, files seen: 1
[03:42:18] [delta] тик 492600, tracked: 2, files seen: 1
[03:42:21] [delta] тик 492900, tracked: 2, files seen: 1
[03:42:24] [delta] тик 493200, tracked: 2, files seen: 1
[03:42:28] [delta] тик 493500, tracked: 2, files seen: 1
[03:42:31] [delta] тик 493800, tracked: 2, files seen: 1
[03:42:34] [delta] тик 494100, tracked: 2, files seen: 1
[03:42:37] [delta] тик 494400, tracked: 2, files seen: 1
[03:42:40] [delta] тик 494700, tracked: 2, files seen: 1
[03:42:43] [delta] тик 495000, tracked: 2, files seen: 1
[03:42:46] [delta] тик 495300, tracked: 2, files seen: 1
[03:42:49] [delta] тик 495600, tracked: 2, files seen: 1
[03:42:52] [delta] тик 495900, tracked: 2, files seen: 1
[03:42:55] [delta] тик 496200, tracked: 1, files seen: 1
[03:42:58] [delta] тик 496500, tracked: 2, files seen: 1
[03:43:02] [delta] тик 496800, tracked: 2, files seen: 1
[03:43:05] [delta] тик 497100, tracked: 2, files seen: 1
[03:43:08] [delta] тик 497400, tracked: 2, files seen: 1
[03:43:11] [delta] тик 497700, tracked: 2, files seen: 1
[03:43:14] [delta] тик 498000, tracked: 2, files seen: 1
[03:43:17] [delta] тик 498300, tracked: 2, files seen: 1
[03:43:20] [delta] тик 498600, tracked: 2, files seen: 1
[03:43:23] [delta] тик 498900, tracked: 2, files seen: 1
[03:43:26] [delta] тик 499200, tracked: 2, files seen: 1
[03:43:30] [delta] тик 499500, tracked: 2, files seen: 1
[03:43:33] [delta] тик 499800, tracked: 2, files seen: 1
[03:43:36] [delta] тик 500100, tracked: 2, files seen: 1
[03:43:39] [delta] тик 500400, tracked: 2, files seen: 1
[03:43:42] [delta] тик 500700, tracked: 2, files seen: 1
[03:43:45] [delta] тик 501000, tracked: 2, files seen: 1
[03:43:48] [delta] тик 501300, tracked: 2, files seen: 1
[03:43:51] [delta] тик 501600, tracked: 2, files seen: 1
[03:43:55] [delta] тик 501900, tracked: 2, files seen: 1
[03:43:58] [delta] тик 502200, tracked: 2, files seen: 1
[03:44:01] [delta] тик 502500, tracked: 2, files seen: 1
[03:44:04] [delta] тик 502800, tracked: 2, files seen: 1
[03:44:07] [delta] тик 503100, tracked: 2, files seen: 1
[03:44:10] [delta] тик 503400, tracked: 2, files seen: 1
[03:44:13] [delta] тик 503700, tracked: 2, files seen: 1
[03:44:16] [delta] тик 504000, tracked: 2, files seen: 1
[03:44:19] [delta] тик 504300, tracked: 2, files seen: 1
[03:44:22] [delta] тик 504600, tracked: 2, files seen: 1
[03:44:26] [delta] тик 504900, tracked: 2, files seen: 1
[03:44:29] [delta] тик 505200, tracked: 2, files seen: 1
[03:44:32] [delta] тик 505500, tracked: 2, files seen: 1
[03:44:35] [delta] тик 505800, tracked: 2, files seen: 1
[03:44:38] [delta] тик 506100, tracked: 2, files seen: 1
[03:44:41] [delta] тик 506400, tracked: 2, files seen: 1
[03:44:44] [delta] тик 506700, tracked: 2, files seen: 1
[03:44:47] [delta] тик 507000, tracked: 2, files seen: 1
[03:44:50] [delta] тик 507300, tracked: 2, files seen: 1
[03:44:54] [delta] тик 507600, tracked: 2, files seen: 1
[03:44:57] [delta] тик 507900, tracked: 2, files seen: 1
[03:45:00] [delta] тик 508200, tracked: 2, files seen: 1
[03:45:03] [delta] тик 508500, tracked: 2, files seen: 1
[03:45:06] [delta] тик 508800, tracked: 2, files seen: 1
[03:45:09] [delta] тик 509100, tracked: 2, files seen: 1
[03:45:12] [delta] тик 509400, tracked: 2, files seen: 1
[03:45:15] [delta] тик 509700, tracked: 2, files seen: 1
[03:45:18] [delta] тик 510000, tracked: 2, files seen: 1
[03:45:21] [delta] тик 510300, tracked: 2, files seen: 1
[03:45:24] [delta] тик 510600, tracked: 2, files seen: 1
[03:45:28] [delta] тик 510900, tracked: 2, files seen: 1
[03:45:31] [delta] тик 511200, tracked: 2, files seen: 1
[03:45:34] [delta] тик 511500, tracked: 2, files seen: 1
[03:45:37] [delta] тик 511800, tracked: 2, files seen: 1
[03:45:40] [delta] тик 512100, tracked: 1, files seen: 1
[03:45:43] [delta] тик 512400, tracked: 2, files seen: 1
[03:45:46] [delta] тик 512700, tracked: 2, files seen: 1
[03:45:49] [delta] тик 513000, tracked: 2, files seen: 1
[03:45:52] [delta] тик 513300, tracked: 2, files seen: 1
[03:45:55] [delta] тик 513600, tracked: 2, files seen: 1
[03:45:59] [delta] тик 513900, tracked: 2, files seen: 1
[03:46:02] [delta] тик 514200, tracked: 2, files seen: 1
[03:46:05] [delta] тик 514500, tracked: 2, files seen: 1
[03:46:08] [delta] тик 514800, tracked: 2, files seen: 1
[03:46:11] [delta] тик 515100, tracked: 2, files seen: 1
[03:46:14] [delta] тик 515400, tracked: 2, files seen: 1
[03:46:17] [delta] тик 515700, tracked: 2, files seen: 1
[03:46:20] [delta] тик 516000, tracked: 2, files seen: 1
[03:46:23] [delta] тик 516300, tracked: 2, files seen: 1
[03:46:26] [delta] тик 516600, tracked: 2, files seen: 1
[03:46:30] [delta] тик 516900, tracked: 2, files seen: 1
[03:46:33] [delta] тик 517200, tracked: 2, files seen: 1
[03:46:36] [delta] тик 517500, tracked: 2, files seen: 1
[03:46:39] [delta] тик 517800, tracked: 2, files seen: 1
[03:46:42] [delta] тик 518100, tracked: 2, files seen: 1
[03:46:45] [delta] тик 518400, tracked: 2, files seen: 1
[03:46:48] [delta] тик 518700, tracked: 2, files seen: 1
[03:46:51] [delta] тик 519000, tracked: 2, files seen: 1
[03:46:54] [delta] тик 519300, tracked: 2, files seen: 1
[03:46:57] [delta] тик 519600, tracked: 2, files seen: 1
[03:47:01] [delta] тик 519900, tracked: 2, files seen: 1
[03:47:04] [delta] тик 520200, tracked: 2, files seen: 1
[03:47:07] [delta] тик 520500, tracked: 2, files seen: 1
[03:47:10] [delta] тик 520800, tracked: 2, files seen: 1
[03:47:13] [delta] тик 521100, tracked: 2, files seen: 1
[03:47:16] [delta] тик 521400, tracked: 2, files seen: 1
[03:47:19] [delta] тик 521700, tracked: 2, files seen: 1
[03:47:22] [delta] тик 522000, tracked: 2, files seen: 1
[03:47:25] [delta] тик 522300, tracked: 2, files seen: 1
[03:47:28] [delta] тик 522600, tracked: 2, files seen: 1
[03:47:31] [delta] тик 522900, tracked: 2, files seen: 1
[03:47:35] [delta] тик 523200, tracked: 2, files seen: 1
[03:47:38] [delta] тик 523500, tracked: 2, files seen: 1
[03:47:41] [delta] тик 523800, tracked: 2, files seen: 1
[03:47:44] [delta] тик 524100, tracked: 2, files seen: 1
[03:47:47] [delta] тик 524400, tracked: 2, files seen: 1
[03:47:50] [delta] тик 524700, tracked: 2, files seen: 1
[03:47:53] [delta] тик 525000, tracked: 2, files seen: 1
[03:47:56] [delta] тик 525300, tracked: 2, files seen: 1
[03:47:59] [delta] тик 525600, tracked: 2, files seen: 1
[03:48:02] [delta] тик 525900, tracked: 2, files seen: 1
[03:48:06] [delta] тик 526200, tracked: 2, files seen: 1
[03:48:09] [delta] тик 526500, tracked: 2, files seen: 1
[03:48:12] [delta] тик 526800, tracked: 2, files seen: 1
[03:48:15] [delta] тик 527100, tracked: 2, files seen: 1
[03:48:18] [delta] тик 527400, tracked: 2, files seen: 1
[03:48:21] [delta] тик 527700, tracked: 2, files seen: 1
[03:48:24] [delta] тик 528000, tracked: 2, files seen: 1
[03:48:27] [delta] тик 528300, tracked: 2, files seen: 1
[03:48:30] [delta] тик 528600, tracked: 2, files seen: 1
[03:48:33] [delta] тик 528900, tracked: 2, files seen: 1
[03:48:37] [delta] тик 529200, tracked: 2, files seen: 1
[03:48:40] [delta] тик 529500, tracked: 2, files seen: 1
[03:48:43] [delta] тик 529800, tracked: 2, files seen: 1
[03:48:46] [delta] тик 530100, tracked: 2, files seen: 1
[03:48:49] [delta] тик 530400, tracked: 1, files seen: 1
[03:48:52] [delta] тик 530700, tracked: 2, files seen: 1
[03:48:55] [delta] тик 531000, tracked: 2, files seen: 1
[03:48:58] [delta] тик 531300, tracked: 2, files seen: 1
[03:49:01] [delta] тик 531600, tracked: 2, files seen: 1
[03:49:04] [delta] тик 531900, tracked: 2, files seen: 1
[03:49:08] [delta] тик 532200, tracked: 2, files seen: 1
[03:49:11] [delta] тик 532500, tracked: 2, files seen: 1
[03:49:14] [delta] тик 532800, tracked: 2, files seen: 1
[03:49:17] [delta] тик 533100, tracked: 2, files seen: 1
[03:49:20] [delta] тик 533400, tracked: 2, files seen: 1
[03:49:23] [delta] тик 533700, tracked: 2, files seen: 1
[03:49:26] [delta] тик 534000, tracked: 2, files seen: 1
[03:49:29] [delta] тик 534300, tracked: 2, files seen: 1
[03:49:32] [delta] тик 534600, tracked: 2, files seen: 1
[03:49:35] [delta] тик 534900, tracked: 2, files seen: 1
[03:49:39] [delta] тик 535200, tracked: 2, files seen: 1
[03:49:42] [delta] тик 535500, tracked: 2, files seen: 1
[03:49:45] [delta] тик 535800, tracked: 2, files seen: 1
[03:49:48] [delta] тик 536100, tracked: 2, files seen: 1
[03:49:51] [delta] тик 536400, tracked: 2, files seen: 1
[03:49:54] [delta] тик 536700, tracked: 2, files seen: 1
[03:49:57] [delta] тик 537000, tracked: 2, files seen: 1
[03:50:00] [delta] тик 537300, tracked: 2, files seen: 1
[03:50:03] [delta] тик 537600, tracked: 2, files seen: 1
[03:50:06] [delta] тик 537900, tracked: 2, files seen: 1
[03:50:10] [delta] тик 538200, tracked: 2, files seen: 1
[03:50:13] [delta] тик 538500, tracked: 2, files seen: 1
[03:50:16] [delta] тик 538800, tracked: 2, files seen: 1
[03:50:19] [delta] тик 539100, tracked: 2, files seen: 1
[03:50:22] [delta] тик 539400, tracked: 2, files seen: 1
[03:50:25] [delta] тик 539700, tracked: 2, files seen: 1
[03:50:28] [delta] тик 540000, tracked: 2, files seen: 1
[03:50:31] [delta] тик 540300, tracked: 2, files seen: 1
[03:50:34] [delta] тик 540600, tracked: 2, files seen: 1
[03:50:37] [delta] тик 540900, tracked: 2, files seen: 1
[03:50:41] [delta] тик 541200, tracked: 2, files seen: 1
[03:50:44] [delta] тик 541500, tracked: 2, files seen: 1
[03:50:47] [delta] тик 541800, tracked: 2, files seen: 1
[03:50:50] [delta] тик 542100, tracked: 2, files seen: 1
[03:50:53] [delta] тик 542400, tracked: 2, files seen: 1
[03:50:56] [delta] тик 542700, tracked: 2, files seen: 1
[03:50:59] [delta] тик 543000, tracked: 2, files seen: 1
[03:51:02] [delta] тик 543300, tracked: 2, files seen: 1
[03:51:05] [delta] тик 543600, tracked: 2, files seen: 1
[03:51:08] [delta] тик 543900, tracked: 2, files seen: 1
[03:51:11] [delta] тик 544200, tracked: 2, files seen: 1
[03:51:15] [delta] тик 544500, tracked: 2, files seen: 1
[03:51:18] [delta] тик 544800, tracked: 2, files seen: 1
[03:51:21] [delta] тик 545100, tracked: 2, files seen: 1
[03:51:24] [delta] тик 545400, tracked: 2, files seen: 1
[03:51:27] [delta] тик 545700, tracked: 2, files seen: 1
[03:51:30] [delta] тик 546000, tracked: 2, files seen: 1
[03:51:33] [delta] тик 546300, tracked: 2, files seen: 1
[03:51:36] [delta] тик 546600, tracked: 2, files seen: 1
[03:51:39] [delta] тик 546900, tracked: 2, files seen: 1
[03:51:42] [delta] тик 547200, tracked: 2, files seen: 1
[03:51:46] [delta] тик 547500, tracked: 2, files seen: 1
[03:51:49] [delta] тик 547800, tracked: 2, files seen: 1
[03:51:52] [delta] тик 548100, tracked: 2, files seen: 1
[03:51:55] [delta] тик 548400, tracked: 2, files seen: 1
[03:51:58] [delta] тик 548700, tracked: 2, files seen: 1
[03:52:01] [delta] тик 549000, tracked: 2, files seen: 1
[03:52:04] [delta] тик 549300, tracked: 2, files seen: 1
[03:52:07] [delta] тик 549600, tracked: 2, files seen: 1
[03:52:10] [delta] тик 549900, tracked: 2, files seen: 1
[03:52:14] [delta] тик 550200, tracked: 2, files seen: 1
[03:52:17] [delta] тик 550500, tracked: 2, files seen: 1
[03:52:20] [delta] тик 550800, tracked: 2, files seen: 1
[03:52:23] [delta] тик 551100, tracked: 2, files seen: 1
[03:52:26] [delta] тик 551400, tracked: 2, files seen: 1
[03:52:29] [delta] тик 551700, tracked: 2, files seen: 1
[03:52:32] [delta] тик 552000, tracked: 2, files seen: 1
[03:52:35] [delta] тик 552300, tracked: 2, files seen: 1
[03:52:38] [delta] тик 552600, tracked: 2, files seen: 1
[03:52:41] [delta] тик 552900, tracked: 2, files seen: 1
[03:52:45] [delta] тик 553200, tracked: 2, files seen: 1
[03:52:48] [delta] тик 553500, tracked: 2, files seen: 1
[03:52:51] [delta] тик 553800, tracked: 2, files seen: 1
[03:52:54] [delta] тик 554100, tracked: 2, files seen: 1
[03:52:57] [delta] тик 554400, tracked: 2, files seen: 1
[03:53:00] [delta] тик 554700, tracked: 2, files seen: 1
[03:53:03] [delta] тик 555000, tracked: 2, files seen: 1
[03:53:06] [delta] тик 555300, tracked: 2, files seen: 1
[03:53:09] [delta] тик 555600, tracked: 2, files seen: 1
[03:53:12] [delta] тик 555900, tracked: 2, files seen: 1
[03:53:15] [delta] тик 556200, tracked: 2, files seen: 1
[03:53:19] [delta] тик 556500, tracked: 2, files seen: 1
[03:53:22] [delta] тик 556800, tracked: 2, files seen: 1
[03:53:25] [delta] тик 557100, tracked: 2, files seen: 1
[03:53:28] [delta] тик 557400, tracked: 2, files seen: 1
[03:53:31] [delta] тик 557700, tracked: 2, files seen: 1
[03:53:34] [delta] тик 558000, tracked: 2, files seen: 1
[03:53:37] [delta] тик 558300, tracked: 2, files seen: 1
[03:53:40] [delta] тик 558600, tracked: 2, files seen: 1
[03:53:43] [delta] тик 558900, tracked: 2, files seen: 1
[03:53:46] [delta] тик 559200, tracked: 2, files seen: 1
[03:53:50] [delta] тик 559500, tracked: 2, files seen: 1
[03:53:53] [delta] тик 559800, tracked: 2, files seen: 1
[03:53:56] [delta] тик 560100, tracked: 2, files seen: 1
[03:53:59] [delta] тик 560400, tracked: 2, files seen: 1
[03:54:02] [delta] тик 560700, tracked: 2, files seen: 1
[03:54:05] [delta] тик 561000, tracked: 2, files seen: 1
[03:54:08] [delta] тик 561300, tracked: 2, files seen: 1
[03:54:11] [delta] тик 561600, tracked: 2, files seen: 1
[03:54:14] [delta] тик 561900, tracked: 2, files seen: 1
[03:54:18] [delta] тик 562200, tracked: 2, files seen: 1
[03:54:21] [delta] тик 562500, tracked: 2, files seen: 1
[03:54:24] [delta] тик 562800, tracked: 2, files seen: 1
[03:54:27] [delta] тик 563100, tracked: 2, files seen: 1
[03:54:30] [delta] тик 563400, tracked: 2, files seen: 1
[03:54:33] [delta] тик 563700, tracked: 2, files seen: 1
[03:54:36] [delta] тик 564000, tracked: 2, files seen: 1
[03:54:39] [delta] тик 564300, tracked: 2, files seen: 1
[03:54:42] [delta] тик 564600, tracked: 2, files seen: 1
[03:54:45] [delta] тик 564900, tracked: 2, files seen: 1
[03:54:49] [delta] тик 565200, tracked: 2, files seen: 1
[03:54:52] [delta] тик 565500, tracked: 2, files seen: 1
[03:54:55] [delta] тик 565800, tracked: 2, files seen: 1
[03:54:58] [delta] тик 566100, tracked: 2, files seen: 1
[03:55:01] [delta] тик 566400, tracked: 2, files seen: 1
[03:55:04] [delta] тик 566700, tracked: 2, files seen: 1
[03:55:07] [delta] тик 567000, tracked: 2, files seen: 1
[03:55:10] [delta] тик 567300, tracked: 2, files seen: 1
[03:55:13] [delta] тик 567600, tracked: 2, files seen: 1
[03:55:16] [delta] тик 567900, tracked: 2, files seen: 1
[03:55:20] [delta] тик 568200, tracked: 2, files seen: 1
[03:55:23] [delta] тик 568500, tracked: 2, files seen: 1
[03:55:26] [delta] тик 568800, tracked: 2, files seen: 1
[03:55:29] [delta] тик 569100, tracked: 2, files seen: 1
[03:55:32] [delta] тик 569400, tracked: 2, files seen: 1
[03:55:35] [delta] тик 569700, tracked: 2, files seen: 1
[03:55:38] [delta] тик 570000, tracked: 2, files seen: 1
[03:55:41] [delta] тик 570300, tracked: 2, files seen: 1
[03:55:44] [delta] тик 570600, tracked: 2, files seen: 1
[03:55:47] [delta] тик 570900, tracked: 2, files seen: 1
[03:55:51] [delta] тик 571200, tracked: 2, files seen: 1
[03:55:54] [delta] тик 571500, tracked: 2, files seen: 1
[03:55:57] [delta] тик 571800, tracked: 2, files seen: 1
[03:56:00] [delta] тик 572100, tracked: 2, files seen: 1
[03:56:03] [delta] тик 572400, tracked: 2, files seen: 1
[03:56:06] [delta] тик 572700, tracked: 2, files seen: 1
[03:56:09] [delta] тик 573000, tracked: 2, files seen: 1
[03:56:12] [delta] тик 573300, tracked: 2, files seen: 1
[03:56:15] [delta] тик 573600, tracked: 2, files seen: 1
[03:56:18] [delta] тик 573900, tracked: 2, files seen: 1
[03:56:22] [delta] тик 574200, tracked: 2, files seen: 1
[03:56:25] [delta] тик 574500, tracked: 2, files seen: 1
[03:56:28] [delta] тик 574800, tracked: 2, files seen: 1
[03:56:31] [delta] тик 575100, tracked: 2, files seen: 1
[03:56:34] [delta] тик 575400, tracked: 2, files seen: 1
[03:56:37] [delta] тик 575700, tracked: 2, files seen: 1
[03:56:40] [delta] тик 576000, tracked: 2, files seen: 1
[03:56:43] [delta] тик 576300, tracked: 2, files seen: 1
[03:56:46] [delta] тик 576600, tracked: 2, files seen: 1
[03:56:49] [delta] тик 576900, tracked: 2, files seen: 1
[03:56:53] [delta] тик 577200, tracked: 2, files seen: 1
[03:56:56] [delta] тик 577500, tracked: 2, files seen: 1
[03:56:59] [delta] тик 577800, tracked: 2, files seen: 1
[03:57:02] [delta] тик 578100, tracked: 2, files seen: 1
[03:57:05] [delta] тик 578400, tracked: 2, files seen: 1
[03:57:08] [delta] тик 578700, tracked: 2, files seen: 1
[03:57:11] [delta] тик 579000, tracked: 2, files seen: 1
[03:57:14] [delta] тик 579300, tracked: 2, files seen: 1
[03:57:17] [delta] тик 579600, tracked: 2, files seen: 1
[03:57:20] [delta] тик 579900, tracked: 2, files seen: 1
[03:57:24] [delta] тик 580200, tracked: 2, files seen: 1
[03:57:27] [delta] тик 580500, tracked: 2, files seen: 1
[03:57:30] [delta] тик 580800, tracked: 2, files seen: 1
[03:57:33] [delta] тик 581100, tracked: 2, files seen: 1
[03:57:36] [delta] тик 581400, tracked: 2, files seen: 1
[03:57:39] [delta] тик 581700, tracked: 2, files seen: 1
[03:57:42] [delta] тик 582000, tracked: 2, files seen: 1
[03:57:45] [delta] тик 582300, tracked: 2, files seen: 1
[03:57:48] [delta] тик 582600, tracked: 2, files seen: 1
[03:57:51] [delta] тик 582900, tracked: 2, files seen: 1
[03:57:54] [delta] тик 583200, tracked: 2, files seen: 1
[03:57:58] [delta] тик 583500, tracked: 2, files seen: 1
[03:58:01] [delta] тик 583800, tracked: 2, files seen: 1
[03:58:04] [delta] тик 584100, tracked: 2, files seen: 1
[03:58:07] [delta] тик 584400, tracked: 2, files seen: 1
[03:58:10] [delta] тик 584700, tracked: 2, files seen: 1
[03:58:13] [delta] тик 585000, tracked: 2, files seen: 1
[03:58:16] [delta] тик 585300, tracked: 2, files seen: 1
[03:58:19] [delta] тик 585600, tracked: 2, files seen: 1
[03:58:22] [delta] тик 585900, tracked: 2, files seen: 1
[03:58:25] [delta] тик 586200, tracked: 2, files seen: 1
[03:58:29] [delta] тик 586500, tracked: 2, files seen: 1
[03:58:32] [delta] тик 586800, tracked: 2, files seen: 1
[03:58:35] [delta] тик 587100, tracked: 2, files seen: 1
[03:58:38] [delta] тик 587400, tracked: 2, files seen: 1
[03:58:41] [delta] тик 587700, tracked: 2, files seen: 1
[03:58:44] [delta] тик 588000, tracked: 2, files seen: 1
[03:58:47] [delta] тик 588300, tracked: 2, files seen: 1
[03:58:50] [delta] тик 588600, tracked: 2, files seen: 1
[03:58:53] [delta] тик 588900, tracked: 2, files seen: 1
[03:58:56] [delta] тик 589200, tracked: 1, files seen: 1
[03:59:00] [delta] тик 589500, tracked: 2, files seen: 1
[03:59:03] [delta] тик 589800, tracked: 2, files seen: 1
[03:59:06] [delta] тик 590100, tracked: 2, files seen: 1
[03:59:09] [delta] тик 590400, tracked: 2, files seen: 1
[03:59:12] [delta] тик 590700, tracked: 2, files seen: 1
[03:59:15] [delta] тик 591000, tracked: 2, files seen: 1
[03:59:18] [delta] тик 591300, tracked: 2, files seen: 1
[03:59:21] [delta] тик 591600, tracked: 2, files seen: 1
[03:59:24] [delta] тик 591900, tracked: 2, files seen: 1
[03:59:27] [delta] тик 592200, tracked: 2, files seen: 1
[03:59:31] [delta] тик 592500, tracked: 2, files seen: 1
[03:59:34] [delta] тик 592800, tracked: 2, files seen: 1
[03:59:37] [delta] тик 593100, tracked: 2, files seen: 1
[03:59:40] [delta] тик 593400, tracked: 2, files seen: 1
[03:59:43] [delta] тик 593700, tracked: 2, files seen: 1
[03:59:46] [delta] тик 594000, tracked: 2, files seen: 1
[03:59:49] [delta] тик 594300, tracked: 2, files seen: 1
[03:59:52] [delta] тик 594600, tracked: 2, files seen: 1
[03:59:55] [delta] тик 594900, tracked: 2, files seen: 1
[03:59:58] [delta] тик 595200, tracked: 2, files seen: 1
[04:00:01] [delta] тик 595500, tracked: 2, files seen: 1
[04:00:05] [delta] тик 595800, tracked: 2, files seen: 1
[04:00:08] [delta] тик 596100, tracked: 2, files seen: 1
[04:00:11] [delta] тик 596400, tracked: 2, files seen: 1
[04:00:14] [delta] тик 596700, tracked: 2, files seen: 1
[04:00:17] [delta] тик 597000, tracked: 2, files seen: 1
[04:00:20] [delta] тик 597300, tracked: 2, files seen: 1
[04:00:23] [delta] тик 597600, tracked: 2, files seen: 1
[04:00:26] [delta] тик 597900, tracked: 2, files seen: 1
[04:00:29] [delta] тик 598200, tracked: 2, files seen: 1
[04:00:32] [delta] тик 598500, tracked: 2, files seen: 1
[04:00:36] [delta] тик 598800, tracked: 2, files seen: 1
[04:00:39] [delta] тик 599100, tracked: 2, files seen: 1
[04:00:42] [delta] тик 599400, tracked: 2, files seen: 1
[04:00:45] [delta] тик 599700, tracked: 2, files seen: 1
[04:00:48] [delta] тик 600000, tracked: 2, files seen: 1
[04:00:51] [delta] тик 600300, tracked: 2, files seen: 1
[04:00:54] [delta] тик 600600, tracked: 2, files seen: 1
[04:00:57] [delta] тик 600900, tracked: 2, files seen: 1
[04:01:00] [delta] тик 601200, tracked: 2, files seen: 1
[04:01:03] [delta] тик 601500, tracked: 2, files seen: 1
[04:01:06] [delta] тик 601800, tracked: 2, files seen: 1
[04:01:10] [delta] тик 602100, tracked: 2, files seen: 1
[04:01:13] [delta] тик 602400, tracked: 2, files seen: 1
[04:01:16] [delta] тик 602700, tracked: 2, files seen: 1
[04:01:19] [delta] тик 603000, tracked: 2, files seen: 1
[04:01:22] [delta] тик 603300, tracked: 2, files seen: 1
[04:01:25] [delta] тик 603600, tracked: 2, files seen: 1
[04:01:28] [delta] тик 603900, tracked: 2, files seen: 1
[04:01:31] [delta] тик 604200, tracked: 2, files seen: 1
[04:01:34] [delta] тик 604500, tracked: 2, files seen: 1
[04:01:38] [delta] тик 604800, tracked: 2, files seen: 1
[04:01:41] [delta] тик 605100, tracked: 2, files seen: 1
[04:01:44] [delta] тик 605400, tracked: 2, files seen: 1
[04:01:47] [delta] тик 605700, tracked: 2, files seen: 1
[04:01:50] [delta] тик 606000, tracked: 2, files seen: 1
[04:01:53] [delta] тик 606300, tracked: 2, files seen: 1
[04:01:56] [delta] тик 606600, tracked: 2, files seen: 1
[04:01:59] [delta] тик 606900, tracked: 2, files seen: 1
[04:02:02] [delta] тик 607200, tracked: 2, files seen: 1
[04:02:05] [delta] тик 607500, tracked: 2, files seen: 1
[04:02:09] [delta] тик 607800, tracked: 2, files seen: 1
[04:02:12] [delta] тик 608100, tracked: 2, files seen: 1
[04:02:15] [delta] тик 608400, tracked: 2, files seen: 1
[04:02:18] [delta] тик 608700, tracked: 2, files seen: 1
[04:02:21] [delta] тик 609000, tracked: 2, files seen: 1
[04:02:24] [delta] тик 609300, tracked: 2, files seen: 1
[04:02:27] [delta] тик 609600, tracked: 2, files seen: 1
[04:02:30] [delta] тик 609900, tracked: 2, files seen: 1
[04:02:33] [delta] тик 610200, tracked: 2, files seen: 1
[04:02:36] [delta] тик 610500, tracked: 2, files seen: 1
[04:02:40] [delta] тик 610800, tracked: 2, files seen: 1
[04:02:43] [delta] тик 611100, tracked: 2, files seen: 1
[04:02:46] [delta] тик 611400, tracked: 2, files seen: 1
[04:02:49] [delta] тик 611700, tracked: 2, files seen: 1
[04:02:52] [delta] тик 612000, tracked: 2, files seen: 1
[04:02:55] [delta] тик 612300, tracked: 2, files seen: 1
[04:02:58] [delta] тик 612600, tracked: 2, files seen: 1
[04:03:01] [delta] тик 612900, tracked: 2, files seen: 1
[04:03:04] [delta] тик 613200, tracked: 2, files seen: 1
[04:03:07] [delta] тик 613500, tracked: 2, files seen: 1
[04:03:10] [delta] тик 613800, tracked: 2, files seen: 1
[04:03:14] [delta] тик 614100, tracked: 2, files seen: 1
[04:03:17] [delta] тик 614400, tracked: 2, files seen: 1
[04:03:20] [delta] тик 614700, tracked: 2, files seen: 1
[04:03:23] [delta] тик 615000, tracked: 2, files seen: 1
[04:03:26] [delta] тик 615300, tracked: 2, files seen: 1
[04:03:29] [delta] тик 615600, tracked: 2, files seen: 1
[04:03:32] [delta] тик 615900, tracked: 2, files seen: 1
[04:03:35] [delta] тик 616200, tracked: 2, files seen: 1
[04:03:38] [delta] тик 616500, tracked: 2, files seen: 1
[04:03:41] [delta] тик 616800, tracked: 2, files seen: 1
[04:03:44] [delta] тик 617100, tracked: 2, files seen: 1
[04:03:48] [delta] тик 617400, tracked: 2, files seen: 1
[04:03:51] [delta] тик 617700, tracked: 2, files seen: 1
[04:03:54] [delta] тик 618000, tracked: 2, files seen: 1
[04:03:57] [delta] тик 618300, tracked: 2, files seen: 1
[04:04:00] [delta] тик 618600, tracked: 2, files seen: 1
[04:04:03] [delta] тик 618900, tracked: 2, files seen: 1
[04:04:06] [delta] тик 619200, tracked: 2, files seen: 1
[04:04:09] [delta] тик 619500, tracked: 2, files seen: 1
[04:04:12] [delta] тик 619800, tracked: 2, files seen: 1
[04:04:16] [delta] тик 620100, tracked: 2, files seen: 1
[04:04:19] [delta] тик 620400, tracked: 2, files seen: 1
[04:04:22] [delta] тик 620700, tracked: 2, files seen: 1
[04:04:25] [delta] тик 621000, tracked: 2, files seen: 1
[04:04:28] [delta] тик 621300, tracked: 2, files seen: 1
[04:04:31] [delta] тик 621600, tracked: 2, files seen: 1
[04:04:34] [delta] тик 621900, tracked: 2, files seen: 1
[04:04:37] [delta] тик 622200, tracked: 2, files seen: 1
[04:04:40] [delta] тик 622500, tracked: 2, files seen: 1
[04:04:43] [delta] тик 622800, tracked: 2, files seen: 1
[04:04:46] [delta] тик 623100, tracked: 2, files seen: 1
[04:04:50] [delta] тик 623400, tracked: 2, files seen: 1
[04:04:53] [delta] тик 623700, tracked: 2, files seen: 1
[04:04:56] [delta] тик 624000, tracked: 2, files seen: 1
[04:04:59] [delta] тик 624300, tracked: 2, files seen: 1
[04:05:02] [delta] тик 624600, tracked: 2, files seen: 1
[04:05:05] [delta] тик 624900, tracked: 2, files seen: 1
[04:05:08] [delta] тик 625200, tracked: 2, files seen: 1
[04:05:11] [delta] тик 625500, tracked: 2, files seen: 1
[04:05:14] [delta] тик 625800, tracked: 2, files seen: 1
[04:05:17] [delta] тик 626100, tracked: 2, files seen: 1
[04:05:21] [delta] тик 626400, tracked: 2, files seen: 1
[04:05:24] [delta] тик 626700, tracked: 2, files seen: 1
[04:05:27] [delta] тик 627000, tracked: 2, files seen: 1
[04:05:30] [delta] тик 627300, tracked: 2, files seen: 1
[04:05:33] [delta] тик 627600, tracked: 2, files seen: 1
[04:05:36] [delta] тик 627900, tracked: 2, files seen: 1
[04:05:39] [delta] тик 628200, tracked: 2, files seen: 1
[04:05:42] [delta] тик 628500, tracked: 2, files seen: 1
[04:05:45] [delta] тик 628800, tracked: 2, files seen: 1
[04:05:48] [delta] тик 629100, tracked: 2, files seen: 1
[04:05:52] [delta] тик 629400, tracked: 2, files seen: 1
[04:05:55] [delta] тик 629700, tracked: 2, files seen: 1
[04:05:58] [delta] тик 630000, tracked: 2, files seen: 1
[04:06:01] [delta] тик 630300, tracked: 2, files seen: 1
[04:06:04] [delta] тик 630600, tracked: 2, files seen: 1
[04:06:07] [delta] тик 630900, tracked: 2, files seen: 1
[04:06:10] [delta] тик 631200, tracked: 2, files seen: 1
[04:06:13] [delta] тик 631500, tracked: 2, files seen: 1
[04:06:16] [delta] тик 631800, tracked: 2, files seen: 1
[04:06:19] [delta] тик 632100, tracked: 2, files seen: 1
[04:06:22] [delta] тик 632400, tracked: 2, files seen: 1
[04:06:26] [delta] тик 632700, tracked: 2, files seen: 1
[04:06:29] [delta] тик 633000, tracked: 2, files seen: 1
[04:06:32] [delta] тик 633300, tracked: 2, files seen: 1
[04:06:35] [delta] тик 633600, tracked: 2, files seen: 1
[04:06:38] [delta] тик 633900, tracked: 2, files seen: 1
[04:06:41] [delta] тик 634200, tracked: 2, files seen: 1
[04:06:44] [delta] тик 634500, tracked: 2, files seen: 1
[04:06:47] [delta] тик 634800, tracked: 2, files seen: 1
[04:06:50] [delta] тик 635100, tracked: 2, files seen: 1
[04:06:53] [delta] тик 635400, tracked: 2, files seen: 1
[04:06:57] [delta] тик 635700, tracked: 2, files seen: 1
[04:07:00] [delta] тик 636000, tracked: 2, files seen: 1
[04:07:03] [delta] тик 636300, tracked: 2, files seen: 1
[04:07:06] [delta] тик 636600, tracked: 2, files seen: 1
[04:07:09] [delta] тик 636900, tracked: 2, files seen: 1
[04:07:12] [delta] тик 637200, tracked: 2, files seen: 1
[04:07:15] [delta] тик 637500, tracked: 2, files seen: 1
[04:07:18] [delta] тик 637800, tracked: 2, files seen: 1
[04:07:21] [delta] тик 638100, tracked: 2, files seen: 1
[04:07:24] [delta] тик 638400, tracked: 2, files seen: 1
[04:07:28] [delta] тик 638700, tracked: 2, files seen: 1
[04:07:31] [delta] тик 639000, tracked: 2, files seen: 1
[04:07:34] [delta] тик 639300, tracked: 2, files seen: 1
[04:07:37] [delta] тик 639600, tracked: 2, files seen: 1
[04:07:40] [delta] тик 639900, tracked: 2, files seen: 1
[04:07:43] [delta] тик 640200, tracked: 2, files seen: 1
[04:07:46] [delta] тик 640500, tracked: 2, files seen: 1
[04:07:49] [delta] тик 640800, tracked: 2, files seen: 1
[04:07:52] [delta] тик 641100, tracked: 2, files seen: 1
[04:07:55] [delta] тик 641400, tracked: 2, files seen: 1
[04:07:59] [delta] тик 641700, tracked: 2, files seen: 1
[04:08:02] [delta] тик 642000, tracked: 2, files seen: 1
[04:08:05] [delta] тик 642300, tracked: 2, files seen: 1
[04:08:08] [delta] тик 642600, tracked: 2, files seen: 1
[04:08:11] [delta] тик 642900, tracked: 2, files seen: 1
[04:08:14] [delta] тик 643200, tracked: 2, files seen: 1
[04:08:17] [delta] тик 643500, tracked: 2, files seen: 1
[04:08:20] [delta] тик 643800, tracked: 2, files seen: 1
[04:08:23] [delta] тик 644100, tracked: 2, files seen: 1
[04:08:26] [delta] тик 644400, tracked: 2, files seen: 1
[04:08:29] [delta] тик 644700, tracked: 2, files seen: 1
[04:08:33] [delta] тик 645000, tracked: 2, files seen: 1
[04:08:36] [delta] тик 645300, tracked: 2, files seen: 1
[04:08:39] [delta] тик 645600, tracked: 2, files seen: 1
[04:08:42] [delta] тик 645900, tracked: 2, files seen: 1
[04:08:45] [delta] тик 646200, tracked: 2, files seen: 1
[04:08:48] [delta] тик 646500, tracked: 2, files seen: 1
[04:08:51] [delta] тик 646800, tracked: 2, files seen: 1
[04:08:54] [delta] тик 647100, tracked: 2, files seen: 1
[04:08:57] [delta] тик 647400, tracked: 2, files seen: 1
[04:09:00] [delta] тик 647700, tracked: 2, files seen: 1
[04:09:04] [delta] тик 648000, tracked: 2, files seen: 1
[04:09:07] [delta] тик 648300, tracked: 1, files seen: 1
[04:09:10] [delta] тик 648600, tracked: 2, files seen: 1
[04:09:13] [delta] тик 648900, tracked: 2, files seen: 1
[04:09:16] [delta] тик 649200, tracked: 2, files seen: 1
[04:09:19] [delta] тик 649500, tracked: 2, files seen: 1
[04:09:22] [delta] тик 649800, tracked: 2, files seen: 1
[04:09:25] [delta] тик 650100, tracked: 2, files seen: 1
[04:09:28] [delta] тик 650400, tracked: 2, files seen: 1
[04:09:31] [delta] тик 650700, tracked: 2, files seen: 1
[04:09:35] [delta] тик 651000, tracked: 2, files seen: 1
[04:09:38] [delta] тик 651300, tracked: 2, files seen: 1
[04:09:41] [delta] тик 651600, tracked: 2, files seen: 1
[04:09:44] [delta] тик 651900, tracked: 2, files seen: 1
[04:09:47] [delta] тик 652200, tracked: 2, files seen: 1
[04:09:50] [delta] тик 652500, tracked: 2, files seen: 1
[04:09:53] [delta] тик 652800, tracked: 2, files seen: 1
[04:09:56] [delta] тик 653100, tracked: 2, files seen: 1
[04:09:59] [delta] тик 653400, tracked: 2, files seen: 1
[04:10:02] [delta] тик 653700, tracked: 2, files seen: 1
[04:10:06] [delta] тик 654000, tracked: 2, files seen: 1
[04:10:09] [delta] тик 654300, tracked: 2, files seen: 1
[04:10:12] [delta] тик 654600, tracked: 2, files seen: 1
[04:10:15] [delta] тик 654900, tracked: 2, files seen: 1
[04:10:18] [delta] тик 655200, tracked: 2, files seen: 1
[04:10:21] [delta] тик 655500, tracked: 2, files seen: 1
[04:10:24] [delta] тик 655800, tracked: 2, files seen: 1
[04:10:27] [delta] тик 656100, tracked: 2, files seen: 1
[04:10:30] [delta] тик 656400, tracked: 2, files seen: 1
[04:10:33] [delta] тик 656700, tracked: 2, files seen: 1
[04:10:37] [delta] тик 657000, tracked: 2, files seen: 1
[04:10:40] [delta] тик 657300, tracked: 2, files seen: 1
[04:10:43] [delta] тик 657600, tracked: 2, files seen: 1
[04:10:46] [delta] тик 657900, tracked: 2, files seen: 1
[04:10:49] [delta] тик 658200, tracked: 2, files seen: 1
[04:10:52] [delta] тик 658500, tracked: 2, files seen: 1
[04:10:55] [delta] тик 658800, tracked: 2, files seen: 1
[04:10:58] [delta] тик 659100, tracked: 2, files seen: 1
[04:11:01] [delta] тик 659400, tracked: 2, files seen: 1
[04:11:04] [delta] тик 659700, tracked: 2, files seen: 1
[04:11:08] [delta] тик 660000, tracked: 2, files seen: 1
[04:11:11] [delta] тик 660300, tracked: 2, files seen: 1
[04:11:14] [delta] тик 660600, tracked: 2, files seen: 1
[04:11:17] [delta] тик 660900, tracked: 2, files seen: 1
[04:11:20] [delta] тик 661200, tracked: 2, files seen: 1
[04:11:23] [delta] тик 661500, tracked: 2, files seen: 1
[04:11:26] [delta] тик 661800, tracked: 2, files seen: 1
[04:11:29] [delta] тик 662100, tracked: 2, files seen: 1
[04:11:32] [delta] тик 662400, tracked: 2, files seen: 1
[04:11:35] [delta] тик 662700, tracked: 2, files seen: 1
[04:11:39] [delta] тик 663000, tracked: 2, files seen: 1
[04:11:42] [delta] тик 663300, tracked: 2, files seen: 1
[04:11:45] [delta] тик 663600, tracked: 2, files seen: 1
[04:11:48] [delta] тик 663900, tracked: 2, files seen: 1
[04:11:51] [delta] тик 664200, tracked: 2, files seen: 1
[04:11:54] [delta] тик 664500, tracked: 2, files seen: 1
[04:11:57] [delta] тик 664800, tracked: 2, files seen: 1
[04:12:00] [delta] тик 665100, tracked: 2, files seen: 1
[04:12:03] [delta] тик 665400, tracked: 2, files seen: 1
[04:12:06] [delta] тик 665700, tracked: 2, files seen: 1
[04:12:10] [delta] тик 666000, tracked: 2, files seen: 1
[04:12:13] [delta] тик 666300, tracked: 2, files seen: 1
[04:12:16] [delta] тик 666600, tracked: 2, files seen: 1
[04:12:19] [delta] тик 666900, tracked: 2, files seen: 1
[04:12:22] [delta] тик 667200, tracked: 2, files seen: 1
[04:12:25] [delta] тик 667500, tracked: 2, files seen: 1
[04:12:28] [delta] тик 667800, tracked: 2, files seen: 1
[04:12:31] [delta] тик 668100, tracked: 2, files seen: 1
[04:12:34] [delta] тик 668400, tracked: 2, files seen: 1
[04:12:37] [delta] тик 668700, tracked: 2, files seen: 1
[04:12:41] [delta] тик 669000, tracked: 2, files seen: 1
[04:12:44] [delta] тик 669300, tracked: 2, files seen: 1
[04:12:47] [delta] тик 669600, tracked: 2, files seen: 1
[04:12:50] [delta] тик 669900, tracked: 2, files seen: 1
[04:12:53] [delta] тик 670200, tracked: 2, files seen: 1
[04:12:56] [delta] тик 670500, tracked: 2, files seen: 1
[04:12:59] [delta] тик 670800, tracked: 2, files seen: 1
[04:13:03] [delta] тик 671100, tracked: 2, files seen: 1
[04:13:06] [delta] тик 671400, tracked: 2, files seen: 1
[04:13:09] [delta] тик 671700, tracked: 2, files seen: 1
[04:13:12] [delta] тик 672000, tracked: 2, files seen: 1
[04:13:15] [delta] тик 672300, tracked: 2, files seen: 1
[04:13:18] [delta] тик 672600, tracked: 2, files seen: 1
[04:13:21] [delta] тик 672900, tracked: 2, files seen: 1
[04:13:24] [delta] тик 673200, tracked: 2, files seen: 1
[04:13:27] [delta] тик 673500, tracked: 2, files seen: 1
[04:13:30] [delta] тик 673800, tracked: 2, files seen: 1
[04:13:34] [delta] тик 674100, tracked: 2, files seen: 1
[04:13:37] [delta] тик 674400, tracked: 2, files seen: 1
[04:13:40] [delta] тик 674700, tracked: 2, files seen: 1
[04:13:43] [delta] тик 675000, tracked: 2, files seen: 1
[04:13:46] [delta] тик 675300, tracked: 2, files seen: 1
[04:13:49] [delta] тик 675600, tracked: 2, files seen: 1
[04:13:52] [delta] тик 675900, tracked: 2, files seen: 1
[04:13:55] [delta] тик 676200, tracked: 2, files seen: 1
[04:13:58] [delta] тик 676500, tracked: 2, files seen: 1
[04:14:01] [delta] тик 676800, tracked: 1, files seen: 1
[04:14:05] [delta] тик 677100, tracked: 2, files seen: 1
[04:14:08] [delta] тик 677400, tracked: 2, files seen: 1
[04:14:11] [delta] тик 677700, tracked: 2, files seen: 1
[04:14:14] [delta] тик 678000, tracked: 2, files seen: 1
[04:14:17] [delta] тик 678300, tracked: 2, files seen: 1
[04:14:20] [delta] тик 678600, tracked: 2, files seen: 1
[04:14:23] [delta] тик 678900, tracked: 2, files seen: 1
[04:14:26] [delta] тик 679200, tracked: 2, files seen: 1
[04:14:29] [delta] тик 679500, tracked: 2, files seen: 1
[04:14:33] [delta] тик 679800, tracked: 2, files seen: 1
[04:14:36] [delta] тик 680100, tracked: 2, files seen: 1
[04:14:39] [delta] тик 680400, tracked: 2, files seen: 1
[04:14:42] [delta] тик 680700, tracked: 2, files seen: 1
[04:14:45] [delta] тик 681000, tracked: 2, files seen: 1
[04:14:48] [delta] тик 681300, tracked: 2, files seen: 1
[04:14:51] [delta] тик 681600, tracked: 2, files seen: 1
[04:14:54] [delta] тик 681900, tracked: 2, files seen: 1
[04:14:57] [delta] тик 682200, tracked: 2, files seen: 1
[04:15:00] [delta] тик 682500, tracked: 2, files seen: 1
[04:15:03] [delta] тик 682800, tracked: 2, files seen: 1
[04:15:07] [delta] тик 683100, tracked: 2, files seen: 1
[04:15:10] [delta] тик 683400, tracked: 2, files seen: 1
[04:15:13] [delta] тик 683700, tracked: 2, files seen: 1
[04:15:16] [delta] тик 684000, tracked: 2, files seen: 1
[04:15:19] [delta] тик 684300, tracked: 2, files seen: 1
[04:15:22] [delta] тик 684600, tracked: 2, files seen: 1
[04:15:25] [delta] тик 684900, tracked: 2, files seen: 1
[04:15:28] [delta] тик 685200, tracked: 2, files seen: 1
[04:15:31] [delta] тик 685500, tracked: 2, files seen: 1
[04:15:34] [delta] тик 685800, tracked: 2, files seen: 1
[04:15:38] [delta] тик 686100, tracked: 2, files seen: 1
[04:15:41] [delta] тик 686400, tracked: 2, files seen: 1
[04:15:44] [delta] тик 686700, tracked: 2, files seen: 1
[04:15:47] [delta] тик 687000, tracked: 2, files seen: 1
[04:15:50] [delta] тик 687300, tracked: 2, files seen: 1
[04:15:53] [delta] тик 687600, tracked: 2, files seen: 1
[04:15:56] [delta] тик 687900, tracked: 2, files seen: 1
[04:15:59] [delta] тик 688200, tracked: 2, files seen: 1
[04:16:02] [delta] тик 688500, tracked: 2, files seen: 1
[04:16:05] [delta] тик 688800, tracked: 2, files seen: 1
[04:16:09] [delta] тик 689100, tracked: 2, files seen: 1
[04:16:12] [delta] тик 689400, tracked: 2, files seen: 1
[04:16:15] [delta] тик 689700, tracked: 2, files seen: 1
[04:16:18] [delta] тик 690000, tracked: 2, files seen: 1
[04:16:21] [delta] тик 690300, tracked: 2, files seen: 1
[04:16:24] [delta] тик 690600, tracked: 2, files seen: 1
[04:16:27] [delta] тик 690900, tracked: 2, files seen: 1
[04:16:30] [delta] тик 691200, tracked: 2, files seen: 1
[04:16:33] [delta] тик 691500, tracked: 2, files seen: 1
[04:16:37] [delta] тик 691800, tracked: 2, files seen: 1
[04:16:40] [delta] тик 692100, tracked: 2, files seen: 1
[04:16:43] [delta] тик 692400, tracked: 2, files seen: 1
[04:16:46] [delta] тик 692700, tracked: 2, files seen: 1
[04:16:49] [delta] тик 693000, tracked: 2, files seen: 1
[04:16:52] [delta] тик 693300, tracked: 2, files seen: 1
[04:16:55] [delta] тик 693600, tracked: 2, files seen: 1
[04:16:58] [delta] тик 693900, tracked: 2, files seen: 1
[04:17:01] [delta] тик 694200, tracked: 2, files seen: 1
[04:17:04] [delta] тик 694500, tracked: 2, files seen: 1
[04:17:08] [delta] тик 694800, tracked: 2, files seen: 1
[04:17:11] [delta] тик 695100, tracked: 1, files seen: 1
[04:17:14] [delta] тик 695400, tracked: 2, files seen: 1
[04:17:17] [delta] тик 695700, tracked: 2, files seen: 1
[04:17:20] [delta] тик 696000, tracked: 2, files seen: 1
[04:17:23] [delta] тик 696300, tracked: 2, files seen: 1
[04:17:26] [delta] тик 696600, tracked: 2, files seen: 1
[04:17:29] [delta] тик 696900, tracked: 2, files seen: 1
[04:17:32] [delta] тик 697200, tracked: 2, files seen: 1
[04:17:35] [delta] тик 697500, tracked: 2, files seen: 1
[04:17:39] [delta] тик 697800, tracked: 2, files seen: 1
[04:17:42] [delta] тик 698100, tracked: 2, files seen: 1
[04:17:45] [delta] тик 698400, tracked: 2, files seen: 1
[04:17:48] [delta] тик 698700, tracked: 2, files seen: 1
[04:17:51] [delta] тик 699000, tracked: 2, files seen: 1
[04:17:54] [delta] тик 699300, tracked: 2, files seen: 1
[04:17:57] [delta] тик 699600, tracked: 2, files seen: 1
[04:18:00] [delta] тик 699900, tracked: 2, files seen: 1
[04:18:03] [delta] тик 700200, tracked: 2, files seen: 1
[04:18:07] [delta] тик 700500, tracked: 2, files seen: 1
[04:18:10] [delta] тик 700800, tracked: 2, files seen: 1
[04:18:13] [delta] тик 701100, tracked: 2, files seen: 1
[04:18:16] [delta] тик 701400, tracked: 2, files seen: 1
[04:18:19] [delta] тик 701700, tracked: 2, files seen: 1
[04:18:22] [delta] тик 702000, tracked: 2, files seen: 1
[04:18:25] [delta] тик 702300, tracked: 2, files seen: 1
[04:18:28] [delta] тик 702600, tracked: 2, files seen: 1
[04:18:31] [delta] тик 702900, tracked: 2, files seen: 1
[04:18:34] [delta] тик 703200, tracked: 2, files seen: 1
[04:18:38] [delta] тик 703500, tracked: 2, files seen: 1
[04:18:41] [delta] тик 703800, tracked: 2, files seen: 1
[04:18:44] [delta] тик 704100, tracked: 2, files seen: 1
[04:18:47] [delta] тик 704400, tracked: 2, files seen: 1
[04:18:50] [delta] тик 704700, tracked: 2, files seen: 1
[04:18:53] [delta] тик 705000, tracked: 2, files seen: 1
[04:18:56] [delta] тик 705300, tracked: 2, files seen: 1
[04:18:59] [delta] тик 705600, tracked: 2, files seen: 1
[04:19:02] [delta] тик 705900, tracked: 2, files seen: 1
[04:19:05] [delta] тик 706200, tracked: 2, files seen: 1
[04:19:09] [delta] тик 706500, tracked: 2, files seen: 1
[04:19:12] [delta] тик 706800, tracked: 2, files seen: 1
[04:19:15] [delta] тик 707100, tracked: 2, files seen: 1
[04:19:18] [delta] тик 707400, tracked: 2, files seen: 1
[04:19:21] [delta] тик 707700, tracked: 2, files seen: 1
[04:19:24] [delta] тик 708000, tracked: 2, files seen: 1
[04:19:27] [delta] тик 708300, tracked: 2, files seen: 1
[04:19:30] [delta] тик 708600, tracked: 2, files seen: 1
[04:19:33] [delta] тик 708900, tracked: 2, files seen: 1
[04:19:36] [delta] тик 709200, tracked: 2, files seen: 1
[04:19:40] [delta] тик 709500, tracked: 2, files seen: 1
[04:19:43] [delta] тик 709800, tracked: 2, files seen: 1
[04:19:46] [delta] тик 710100, tracked: 2, files seen: 1
[04:19:49] [delta] тик 710400, tracked: 2, files seen: 1
[04:19:52] [delta] тик 710700, tracked: 2, files seen: 1
[04:19:55] [delta] тик 711000, tracked: 1, files seen: 1
[04:19:58] [delta] тик 711300, tracked: 2, files seen: 1
[04:20:01] [delta] тик 711600, tracked: 2, files seen: 1
[04:20:04] [delta] тик 711900, tracked: 2, files seen: 1
[04:20:07] [delta] тик 712200, tracked: 2, files seen: 1
[04:20:11] [delta] тик 712500, tracked: 2, files seen: 1
[04:20:14] [delta] тик 712800, tracked: 2, files seen: 1
[04:20:17] [delta] тик 713100, tracked: 2, files seen: 1
[04:20:20] [delta] тик 713400, tracked: 2, files seen: 1
[04:20:23] [delta] тик 713700, tracked: 2, files seen: 1
[04:20:26] [delta] тик 714000, tracked: 2, files seen: 1
[04:20:29] [delta] тик 714300, tracked: 2, files seen: 1
[04:20:32] [delta] тик 714600, tracked: 2, files seen: 1
[04:20:35] [delta] тик 714900, tracked: 2, files seen: 1
[04:20:38] [delta] тик 715200, tracked: 2, files seen: 1
[04:20:42] [delta] тик 715500, tracked: 2, files seen: 1
[04:20:45] [delta] тик 715800, tracked: 2, files seen: 1
[04:20:48] [delta] тик 716100, tracked: 2, files seen: 1
[04:20:51] [delta] тик 716400, tracked: 2, files seen: 1
[04:20:54] [delta] тик 716700, tracked: 1, files seen: 1
[04:20:57] [delta] тик 717000, tracked: 2, files seen: 1
[04:21:00] [delta] тик 717300, tracked: 2, files seen: 1
[04:21:03] [delta] тик 717600, tracked: 2, files seen: 1
[04:21:06] [delta] тик 717900, tracked: 2, files seen: 1
[04:21:09] [delta] тик 718200, tracked: 2, files seen: 1
[04:21:13] [delta] тик 718500, tracked: 2, files seen: 1
[04:21:16] [delta] тик 718800, tracked: 2, files seen: 1
[04:21:19] [delta] тик 719100, tracked: 2, files seen: 1
[04:21:22] [delta] тик 719400, tracked: 2, files seen: 1
[04:21:25] [delta] тик 719700, tracked: 2, files seen: 1
[04:21:28] [delta] тик 720000, tracked: 2, files seen: 1
[04:21:31] [delta] тик 720300, tracked: 2, files seen: 1
[04:21:34] [delta] тик 720600, tracked: 2, files seen: 1
[04:21:37] [delta] тик 720900, tracked: 2, files seen: 1
[04:21:40] [delta] тик 721200, tracked: 2, files seen: 1
[04:21:44] [delta] тик 721500, tracked: 2, files seen: 1
[04:21:47] [delta] тик 721800, tracked: 2, files seen: 1
[04:21:50] [delta] тик 722100, tracked: 2, files seen: 1
[04:21:53] [delta] тик 722400, tracked: 2, files seen: 1
[04:21:56] [delta] тик 722700, tracked: 2, files seen: 1
[04:21:59] [delta] тик 723000, tracked: 2, files seen: 1
[04:22:02] [delta] тик 723300, tracked: 2, files seen: 1
[04:22:05] [delta] тик 723600, tracked: 2, files seen: 1
[04:22:08] [delta] тик 723900, tracked: 2, files seen: 1
[04:22:11] [delta] тик 724200, tracked: 2, files seen: 1
[04:22:15] [delta] тик 724500, tracked: 2, files seen: 1
[04:22:18] [delta] тик 724800, tracked: 2, files seen: 1
[04:22:21] [delta] тик 725100, tracked: 2, files seen: 1
[04:22:24] [delta] тик 725400, tracked: 2, files seen: 1
[04:22:27] [delta] тик 725700, tracked: 2, files seen: 1
[04:22:30] [delta] тик 726000, tracked: 2, files seen: 1
[04:22:33] [delta] тик 726300, tracked: 2, files seen: 1
[04:22:36] [delta] тик 726600, tracked: 2, files seen: 1
[04:22:39] [delta] тик 726900, tracked: 2, files seen: 1
[04:22:43] [delta] тик 727200, tracked: 2, files seen: 1
[04:22:46] [delta] тик 727500, tracked: 1, files seen: 1
[04:22:49] [delta] тик 727800, tracked: 2, files seen: 1
[04:22:52] [delta] тик 728100, tracked: 2, files seen: 1
[04:22:55] [delta] тик 728400, tracked: 2, files seen: 1
[04:22:58] [delta] тик 728700, tracked: 2, files seen: 1
[04:23:01] [delta] тик 729000, tracked: 2, files seen: 1
[04:23:04] [delta] тик 729300, tracked: 2, files seen: 1
[04:23:07] [delta] тик 729600, tracked: 2, files seen: 1
[04:23:11] [delta] тик 729900, tracked: 2, files seen: 1
[04:23:14] [delta] тик 730200, tracked: 2, files seen: 1
[04:23:17] [delta] тик 730500, tracked: 2, files seen: 1
[04:23:20] [delta] тик 730800, tracked: 2, files seen: 1
[04:23:23] [delta] тик 731100, tracked: 2, files seen: 1
[04:23:26] [delta] тик 731400, tracked: 2, files seen: 1
[04:23:29] [delta] тик 731700, tracked: 2, files seen: 1
[04:23:33] [delta] тик 732000, tracked: 2, files seen: 1
[04:23:36] [delta] тик 732300, tracked: 2, files seen: 1
[04:23:39] [delta] тик 732600, tracked: 2, files seen: 1
[04:23:42] [delta] тик 732900, tracked: 2, files seen: 1
[04:23:45] [delta] тик 733200, tracked: 2, files seen: 1
[04:23:48] [delta] тик 733500, tracked: 2, files seen: 1
[04:23:51] [delta] тик 733800, tracked: 2, files seen: 1
[04:23:54] [delta] тик 734100, tracked: 2, files seen: 1
[04:23:57] [delta] тик 734400, tracked: 2, files seen: 1
[04:24:01] [delta] тик 734700, tracked: 2, files seen: 1
[04:24:04] [delta] тик 735000, tracked: 2, files seen: 1
[04:24:07] [delta] тик 735300, tracked: 2, files seen: 1
[04:24:10] [delta] тик 735600, tracked: 2, files seen: 1
[04:24:13] [delta] тик 735900, tracked: 2, files seen: 1
[04:24:16] [delta] тик 736200, tracked: 2, files seen: 1
[04:24:19] [delta] тик 736500, tracked: 2, files seen: 1
[04:24:22] [delta] тик 736800, tracked: 2, files seen: 1
[04:24:25] [delta] тик 737100, tracked: 1, files seen: 1
[04:24:28] [delta] тик 737400, tracked: 2, files seen: 1
[04:24:32] [delta] тик 737700, tracked: 2, files seen: 1
[04:24:35] [delta] тик 738000, tracked: 2, files seen: 1
[04:24:38] [delta] тик 738300, tracked: 2, files seen: 1
[04:24:41] [delta] тик 738600, tracked: 2, files seen: 1
[04:24:44] [delta] тик 738900, tracked: 2, files seen: 1
[04:24:47] [delta] тик 739200, tracked: 2, files seen: 1
[04:24:50] [delta] тик 739500, tracked: 2, files seen: 1
[04:24:53] [delta] тик 739800, tracked: 2, files seen: 1
[04:24:56] [delta] тик 740100, tracked: 2, files seen: 1
[04:24:59] [delta] тик 740400, tracked: 2, files seen: 1
[04:25:03] [delta] тик 740700, tracked: 2, files seen: 1
[04:25:06] [delta] тик 741000, tracked: 2, files seen: 1
[04:25:09] [delta] тик 741300, tracked: 2, files seen: 1
[04:25:12] [delta] тик 741600, tracked: 2, files seen: 1
[04:25:15] [delta] тик 741900, tracked: 2, files seen: 1
[04:25:18] [delta] тик 742200, tracked: 2, files seen: 1
[04:25:21] [delta] тик 742500, tracked: 2, files seen: 1
[04:25:24] [delta] тик 742800, tracked: 1, files seen: 1
[04:25:27] [delta] тик 743100, tracked: 2, files seen: 1
[04:25:30] [delta] тик 743400, tracked: 2, files seen: 1
[04:25:34] [delta] тик 743700, tracked: 2, files seen: 1
[04:25:37] [delta] тик 744000, tracked: 2, files seen: 1
[04:25:40] [delta] тик 744300, tracked: 2, files seen: 1
[04:25:43] [delta] тик 744600, tracked: 2, files seen: 1
[04:25:46] [delta] тик 744900, tracked: 2, files seen: 1
[04:25:49] [delta] тик 745200, tracked: 2, files seen: 1
[04:25:52] [delta] тик 745500, tracked: 2, files seen: 1
[04:25:55] [delta] тик 745800, tracked: 2, files seen: 1
[04:25:58] [delta] тик 746100, tracked: 2, files seen: 1
[04:26:01] [delta] тик 746400, tracked: 2, files seen: 1
[04:26:05] [delta] тик 746700, tracked: 2, files seen: 1
[04:26:08] [delta] тик 747000, tracked: 2, files seen: 1
[04:26:11] [delta] тик 747300, tracked: 2, files seen: 1
[04:26:14] [delta] тик 747600, tracked: 2, files seen: 1
[04:26:17] [delta] тик 747900, tracked: 2, files seen: 1
[04:26:20] [delta] тик 748200, tracked: 2, files seen: 1
[04:26:23] [delta] тик 748500, tracked: 2, files seen: 1
[04:26:26] [delta] тик 748800, tracked: 2, files seen: 1
[04:26:29] [delta] тик 749100, tracked: 2, files seen: 1
[04:26:32] [delta] тик 749400, tracked: 2, files seen: 1
[04:26:36] [delta] тик 749700, tracked: 1, files seen: 1
[04:26:39] [delta] тик 750000, tracked: 2, files seen: 1
[04:26:42] [delta] тик 750300, tracked: 2, files seen: 1
[04:26:45] [delta] тик 750600, tracked: 2, files seen: 1
[04:26:48] [delta] тик 750900, tracked: 2, files seen: 1
[04:26:51] [delta] тик 751200, tracked: 2, files seen: 1
[04:26:54] [delta] тик 751500, tracked: 2, files seen: 1
[04:26:57] [delta] тик 751800, tracked: 2, files seen: 1
[04:27:00] [delta] тик 752100, tracked: 2, files seen: 1
[04:27:03] [delta] тик 752400, tracked: 2, files seen: 1
[04:27:07] [delta] тик 752700, tracked: 2, files seen: 1
[04:27:10] [delta] тик 753000, tracked: 2, files seen: 1
[04:27:13] [delta] тик 753300, tracked: 2, files seen: 1
[04:27:16] [delta] тик 753600, tracked: 2, files seen: 1
[04:27:19] [delta] тик 753900, tracked: 2, files seen: 1
[04:27:22] [delta] тик 754200, tracked: 2, files seen: 1
[04:27:25] [delta] тик 754500, tracked: 2, files seen: 1
[04:27:28] [delta] тик 754800, tracked: 2, files seen: 1
[04:27:31] [delta] тик 755100, tracked: 2, files seen: 1
[04:27:34] [delta] тик 755400, tracked: 2, files seen: 1
[04:27:38] [delta] тик 755700, tracked: 2, files seen: 1
[04:27:41] [delta] тик 756000, tracked: 2, files seen: 1
[04:27:44] [delta] тик 756300, tracked: 2, files seen: 1
[04:27:47] [delta] тик 756600, tracked: 2, files seen: 1
[04:27:50] [delta] тик 756900, tracked: 2, files seen: 1
[04:27:53] [delta] тик 757200, tracked: 2, files seen: 1
[04:27:56] [delta] тик 757500, tracked: 2, files seen: 1
[04:27:59] [delta] тик 757800, tracked: 2, files seen: 1
[04:28:02] [delta] тик 758100, tracked: 2, files seen: 1
[04:28:05] [delta] тик 758400, tracked: 2, files seen: 1
[04:28:08] [delta] тик 758700, tracked: 2, files seen: 1
[04:28:12] [delta] тик 759000, tracked: 2, files seen: 1
[04:28:15] [delta] тик 759300, tracked: 2, files seen: 1
[04:28:18] [delta] тик 759600, tracked: 2, files seen: 1
[04:28:21] [delta] тик 759900, tracked: 2, files seen: 1
[04:28:24] [delta] тик 760200, tracked: 2, files seen: 1
[04:28:27] [delta] тик 760500, tracked: 2, files seen: 1
[04:28:30] [delta] тик 760800, tracked: 2, files seen: 1
[04:28:33] [delta] тик 761100, tracked: 2, files seen: 1
[04:28:36] [delta] тик 761400, tracked: 2, files seen: 1
[04:28:40] [delta] тик 761700, tracked: 2, files seen: 1
[04:28:43] [delta] тик 762000, tracked: 2, files seen: 1
[04:28:46] [delta] тик 762300, tracked: 2, files seen: 1
[04:28:49] [delta] тик 762600, tracked: 2, files seen: 1
[04:28:52] [delta] тик 762900, tracked: 2, files seen: 1
[04:28:55] [delta] тик 763200, tracked: 2, files seen: 1
[04:28:58] [delta] тик 763500, tracked: 2, files seen: 1
[04:29:01] [delta] тик 763800, tracked: 2, files seen: 1
[04:29:04] [delta] тик 764100, tracked: 2, files seen: 1
[04:29:07] [delta] тик 764400, tracked: 2, files seen: 1
[04:29:11] [delta] тик 764700, tracked: 2, files seen: 1
[04:29:14] [delta] тик 765000, tracked: 2, files seen: 1
[04:29:17] [delta] тик 765300, tracked: 2, files seen: 1
[04:29:20] [delta] тик 765600, tracked: 2, files seen: 1
[04:29:23] [delta] тик 765900, tracked: 2, files seen: 1
[04:29:26] [delta] тик 766200, tracked: 2, files seen: 1
[04:29:29] [delta] тик 766500, tracked: 2, files seen: 1
[04:29:32] [delta] тик 766800, tracked: 2, files seen: 1
[04:29:35] [delta] тик 767100, tracked: 2, files seen: 1
[04:29:38] [delta] тик 767400, tracked: 2, files seen: 1
[04:29:42] [delta] тик 767700, tracked: 2, files seen: 1
[04:29:45] [delta] тик 768000, tracked: 2, files seen: 1
[04:29:48] [delta] тик 768300, tracked: 2, files seen: 1
[04:29:51] [delta] тик 768600, tracked: 2, files seen: 1
[04:29:54] [delta] тик 768900, tracked: 2, files seen: 1
[04:29:57] [delta] тик 769200, tracked: 2, files seen: 1
[04:30:00] [delta] тик 769500, tracked: 2, files seen: 1
[04:30:03] [delta] тик 769800, tracked: 2, files seen: 1
[04:30:06] [delta] тик 770100, tracked: 2, files seen: 1
[04:30:09] [delta] тик 770400, tracked: 2, files seen: 1
[04:30:13] [delta] тик 770700, tracked: 2, files seen: 1
[04:30:16] [delta] тик 771000, tracked: 2, files seen: 1
[04:30:19] [delta] тик 771300, tracked: 2, files seen: 1
[04:30:22] [delta] тик 771600, tracked: 2, files seen: 1
[04:30:25] [delta] тик 771900, tracked: 2, files seen: 1
[04:30:28] [delta] тик 772200, tracked: 2, files seen: 1
[04:30:31] [delta] тик 772500, tracked: 2, files seen: 1
[04:30:34] [delta] тик 772800, tracked: 2, files seen: 1
[04:30:37] [delta] тик 773100, tracked: 2, files seen: 1
[04:30:40] [delta] тик 773400, tracked: 2, files seen: 1
[04:30:43] [delta] тик 773700, tracked: 2, files seen: 1
[04:30:47] [delta] тик 774000, tracked: 2, files seen: 1
[04:30:50] [delta] тик 774300, tracked: 2, files seen: 1
[04:30:53] [delta] тик 774600, tracked: 2, files seen: 1
[04:30:56] [delta] тик 774900, tracked: 2, files seen: 1
[04:30:59] [delta] тик 775200, tracked: 2, files seen: 1
[04:31:02] [delta] тик 775500, tracked: 2, files seen: 1
[04:31:05] [delta] тик 775800, tracked: 2, files seen: 1
[04:31:08] [delta] тик 776100, tracked: 2, files seen: 1
[04:31:11] [delta] тик 776400, tracked: 2, files seen: 1
[04:31:14] [delta] тик 776700, tracked: 2, files seen: 1
[04:31:18] [delta] тик 777000, tracked: 2, files seen: 1
[04:31:21] [delta] тик 777300, tracked: 2, files seen: 1
[04:31:24] [delta] тик 777600, tracked: 2, files seen: 1
[04:31:27] [delta] тик 777900, tracked: 2, files seen: 1
[04:31:30] [delta] тик 778200, tracked: 2, files seen: 1
[04:31:33] [delta] тик 778500, tracked: 2, files seen: 1
[04:31:36] [delta] тик 778800, tracked: 2, files seen: 1
[04:31:39] [delta] тик 779100, tracked: 2, files seen: 1
[04:31:42] [delta] тик 779400, tracked: 2, files seen: 1
[04:31:45] [delta] тик 779700, tracked: 2, files seen: 1
[04:31:48] [delta] тик 780000, tracked: 2, files seen: 1
[04:31:52] [delta] тик 780300, tracked: 2, files seen: 1
[04:31:55] [delta] тик 780600, tracked: 2, files seen: 1
[04:31:58] [delta] тик 780900, tracked: 2, files seen: 1
[04:32:01] [delta] тик 781200, tracked: 2, files seen: 1
[04:32:04] [delta] тик 781500, tracked: 2, files seen: 1
[04:32:07] [delta] тик 781800, tracked: 2, files seen: 1
[04:32:10] [delta] тик 782100, tracked: 2, files seen: 1
[04:32:13] [delta] тик 782400, tracked: 2, files seen: 1
[04:32:16] [delta] тик 782700, tracked: 2, files seen: 1
[04:32:19] [delta] тик 783000, tracked: 2, files seen: 1
[04:32:22] [delta] тик 783300, tracked: 2, files seen: 1
[04:32:26] [delta] тик 783600, tracked: 2, files seen: 1
[04:32:29] [delta] тик 783900, tracked: 2, files seen: 1
[04:32:32] [delta] тик 784200, tracked: 2, files seen: 1
[04:32:35] [delta] тик 784500, tracked: 2, files seen: 1
[04:32:38] [delta] тик 784800, tracked: 2, files seen: 1
[04:32:41] [delta] тик 785100, tracked: 2, files seen: 1
[04:32:44] [delta] тик 785400, tracked: 2, files seen: 1
[04:32:47] [delta] тик 785700, tracked: 2, files seen: 1
[04:32:50] [delta] тик 786000, tracked: 2, files seen: 1
[04:32:53] [delta] тик 786300, tracked: 2, files seen: 1
[04:32:57] [delta] тик 786600, tracked: 2, files seen: 1
[04:33:00] [delta] тик 786900, tracked: 2, files seen: 1
[04:33:03] [delta] тик 787200, tracked: 2, files seen: 1
[04:33:06] [delta] тик 787500, tracked: 2, files seen: 1
[04:33:09] [delta] тик 787800, tracked: 2, files seen: 1
[04:33:12] [delta] тик 788100, tracked: 2, files seen: 1
[04:33:15] [delta] тик 788400, tracked: 2, files seen: 1
[04:33:18] [delta] тик 788700, tracked: 2, files seen: 1
[04:33:21] [delta] тик 789000, tracked: 2, files seen: 1
[04:33:24] [delta] тик 789300, tracked: 2, files seen: 1
[04:33:28] [delta] тик 789600, tracked: 2, files seen: 1
[04:33:31] [delta] тик 789900, tracked: 2, files seen: 1
[04:33:34] [delta] тик 790200, tracked: 1, files seen: 1
[04:33:37] [delta] тик 790500, tracked: 2, files seen: 1
[04:33:40] [delta] тик 790800, tracked: 2, files seen: 1
[04:33:43] [delta] тик 791100, tracked: 2, files seen: 1
[04:33:46] [delta] тик 791400, tracked: 2, files seen: 1
[04:33:49] [delta] тик 791700, tracked: 2, files seen: 1
[04:33:52] [delta] тик 792000, tracked: 2, files seen: 1
[04:33:55] [delta] тик 792300, tracked: 2, files seen: 1
[04:33:59] [delta] тик 792600, tracked: 2, files seen: 1
[04:34:02] [delta] тик 792900, tracked: 2, files seen: 1
[04:34:05] [delta] тик 793200, tracked: 2, files seen: 1
[04:34:08] [delta] тик 793500, tracked: 2, files seen: 1
[04:34:11] [delta] тик 793800, tracked: 2, files seen: 1
[04:34:14] [delta] тик 794100, tracked: 2, files seen: 1
[04:34:17] [delta] тик 794400, tracked: 2, files seen: 1
[04:34:20] [delta] тик 794700, tracked: 2, files seen: 1
[04:34:23] [delta] тик 795000, tracked: 2, files seen: 1
[04:34:26] [delta] тик 795300, tracked: 2, files seen: 1
[04:34:30] [delta] тик 795600, tracked: 2, files seen: 1
[04:34:33] [delta] тик 795900, tracked: 2, files seen: 1
[04:34:36] [delta] тик 796200, tracked: 2, files seen: 1
[04:34:39] [delta] тик 796500, tracked: 2, files seen: 1
[04:34:42] [delta] тик 796800, tracked: 2, files seen: 1
[04:34:45] [delta] тик 797100, tracked: 2, files seen: 1
[04:34:48] [delta] тик 797400, tracked: 2, files seen: 1
[04:34:51] [delta] тик 797700, tracked: 2, files seen: 1
[04:34:54] [delta] тик 798000, tracked: 2, files seen: 1
[04:34:57] [delta] тик 798300, tracked: 2, files seen: 1
[04:35:00] [delta] тик 798600, tracked: 2, files seen: 1
[04:35:04] [delta] тик 798900, tracked: 2, files seen: 1
[04:35:07] [delta] тик 799200, tracked: 2, files seen: 1
[04:35:10] [delta] тик 799500, tracked: 2, files seen: 1
[04:35:13] [delta] тик 799800, tracked: 2, files seen: 1
[04:35:16] [delta] тик 800100, tracked: 2, files seen: 1
[04:35:19] [delta] тик 800400, tracked: 2, files seen: 1
[04:35:22] [delta] тик 800700, tracked: 2, files seen: 1
[04:35:25] [delta] тик 801000, tracked: 2, files seen: 1
[04:35:28] [delta] тик 801300, tracked: 2, files seen: 1
[04:35:31] [delta] тик 801600, tracked: 2, files seen: 1
[04:35:34] [delta] тик 801900, tracked: 2, files seen: 1
[04:35:38] [delta] тик 802200, tracked: 2, files seen: 1
[04:35:41] [delta] тик 802500, tracked: 2, files seen: 1
[04:35:44] [delta] тик 802800, tracked: 2, files seen: 1
[04:35:47] [delta] тик 803100, tracked: 2, files seen: 1
[04:35:50] [delta] тик 803400, tracked: 2, files seen: 1
[04:35:53] [delta] тик 803700, tracked: 2, files seen: 1
[04:35:56] [delta] тик 804000, tracked: 2, files seen: 1
[04:35:59] [delta] тик 804300, tracked: 2, files seen: 1
[04:36:02] [delta] тик 804600, tracked: 2, files seen: 1
[04:36:05] [delta] тик 804900, tracked: 2, files seen: 1
[04:36:09] [delta] тик 805200, tracked: 2, files seen: 1
[04:36:12] [delta] тик 805500, tracked: 2, files seen: 1
[04:36:15] [delta] тик 805800, tracked: 2, files seen: 1
[04:36:18] [delta] тик 806100, tracked: 2, files seen: 1
[04:36:21] [delta] тик 806400, tracked: 2, files seen: 1
[04:36:24] [delta] тик 806700, tracked: 2, files seen: 1
[04:36:27] [delta] тик 807000, tracked: 2, files seen: 1
[04:36:30] [delta] тик 807300, tracked: 2, files seen: 1
[04:36:33] [delta] тик 807600, tracked: 2, files seen: 1
[04:36:36] [delta] тик 807900, tracked: 2, files seen: 1
[04:36:39] [delta] тик 808200, tracked: 2, files seen: 1
[04:36:43] [delta] тик 808500, tracked: 2, files seen: 1
[04:36:46] [delta] тик 808800, tracked: 2, files seen: 1
[04:36:49] [delta] тик 809100, tracked: 2, files seen: 1
[04:36:52] [delta] тик 809400, tracked: 2, files seen: 1
[04:36:55] [delta] тик 809700, tracked: 2, files seen: 1
[04:36:58] [delta] тик 810000, tracked: 2, files seen: 1
[04:37:01] [delta] тик 810300, tracked: 2, files seen: 1
[04:37:04] [delta] тик 810600, tracked: 2, files seen: 1
[04:37:07] [delta] тик 810900, tracked: 2, files seen: 1
[04:37:10] [delta] тик 811200, tracked: 2, files seen: 1
[04:37:14] [delta] тик 811500, tracked: 2, files seen: 1
[04:37:17] [delta] тик 811800, tracked: 2, files seen: 1
[04:37:20] [delta] тик 812100, tracked: 2, files seen: 1
[04:37:23] [delta] тик 812400, tracked: 2, files seen: 1
[04:37:26] [delta] тик 812700, tracked: 2, files seen: 1
[04:37:29] [delta] тик 813000, tracked: 2, files seen: 1
[04:37:32] [delta] тик 813300, tracked: 2, files seen: 1
[04:37:35] [delta] тик 813600, tracked: 2, files seen: 1
[04:37:38] [delta] тик 813900, tracked: 2, files seen: 1
[04:37:41] [delta] тик 814200, tracked: 2, files seen: 1
[04:37:45] [delta] тик 814500, tracked: 2, files seen: 1
[04:37:48] [delta] тик 814800, tracked: 2, files seen: 1
[04:37:51] [delta] тик 815100, tracked: 2, files seen: 1
[04:37:54] [delta] тик 815400, tracked: 2, files seen: 1
[04:37:57] [delta] тик 815700, tracked: 2, files seen: 1
[04:38:00] [delta] тик 816000, tracked: 2, files seen: 1
[04:38:03] [delta] тик 816300, tracked: 2, files seen: 1
[04:38:06] [delta] тик 816600, tracked: 2, files seen: 1
[04:38:09] [delta] тик 816900, tracked: 2, files seen: 1
[04:38:12] [delta] тик 817200, tracked: 2, files seen: 1
[04:38:15] [delta] тик 817500, tracked: 2, files seen: 1
[04:38:19] [delta] тик 817800, tracked: 2, files seen: 1
[04:38:22] [delta] тик 818100, tracked: 2, files seen: 1
[04:38:25] [delta] тик 818400, tracked: 2, files seen: 1
[04:38:28] [delta] тик 818700, tracked: 2, files seen: 1
[04:38:31] [delta] тик 819000, tracked: 2, files seen: 1
[04:38:34] [delta] тик 819300, tracked: 2, files seen: 1
[04:38:37] [delta] тик 819600, tracked: 2, files seen: 1
[04:38:40] [delta] тик 819900, tracked: 2, files seen: 1
[04:38:43] [delta] тик 820200, tracked: 2, files seen: 1
[04:38:46] [delta] тик 820500, tracked: 2, files seen: 1
[04:38:50] [delta] тик 820800, tracked: 2, files seen: 1
[04:38:53] [delta] тик 821100, tracked: 2, files seen: 1
[04:38:56] [delta] тик 821400, tracked: 2, files seen: 1
[04:38:59] [delta] тик 821700, tracked: 2, files seen: 1
[04:39:02] [delta] тик 822000, tracked: 2, files seen: 1
[04:39:05] [delta] тик 822300, tracked: 2, files seen: 1
[04:39:08] [delta] тик 822600, tracked: 2, files seen: 1
[04:39:11] [delta] тик 822900, tracked: 2, files seen: 1
[04:39:14] [delta] тик 823200, tracked: 2, files seen: 1
[04:39:17] [delta] тик 823500, tracked: 2, files seen: 1
[04:39:20] [delta] тик 823800, tracked: 2, files seen: 1
[04:39:24] [delta] тик 824100, tracked: 2, files seen: 1
[04:39:27] [delta] тик 824400, tracked: 2, files seen: 1
[04:39:30] [delta] тик 824700, tracked: 2, files seen: 1
[04:39:33] [delta] тик 825000, tracked: 2, files seen: 1
[04:39:36] [delta] тик 825300, tracked: 2, files seen: 1
[04:39:39] [delta] тик 825600, tracked: 2, files seen: 1
[04:39:42] [delta] тик 825900, tracked: 2, files seen: 1
[04:39:45] [delta] тик 826200, tracked: 1, files seen: 1
[04:39:48] [delta] тик 826500, tracked: 2, files seen: 1
[04:39:51] [delta] тик 826800, tracked: 2, files seen: 1
[04:39:55] [delta] тик 827100, tracked: 2, files seen: 1
[04:39:58] [delta] тик 827400, tracked: 2, files seen: 1
[04:40:01] [delta] тик 827700, tracked: 2, files seen: 1
[04:40:04] [delta] тик 828000, tracked: 2, files seen: 1
[04:40:07] [delta] тик 828300, tracked: 2, files seen: 1
[04:40:10] [delta] тик 828600, tracked: 2, files seen: 1
[04:40:13] [delta] тик 828900, tracked: 2, files seen: 1
[04:40:16] [delta] тик 829200, tracked: 2, files seen: 1
[04:40:19] [delta] тик 829500, tracked: 2, files seen: 1
[04:40:22] [delta] тик 829800, tracked: 2, files seen: 1
[04:40:26] [delta] тик 830100, tracked: 2, files seen: 1
[04:40:29] [delta] тик 830400, tracked: 2, files seen: 1
[04:40:32] [delta] тик 830700, tracked: 2, files seen: 1
[04:40:35] [delta] тик 831000, tracked: 2, files seen: 1
[04:40:38] [delta] тик 831300, tracked: 2, files seen: 1
[04:40:41] [delta] тик 831600, tracked: 2, files seen: 1
[04:40:44] [delta] тик 831900, tracked: 2, files seen: 1
[04:40:47] [delta] тик 832200, tracked: 2, files seen: 1
[04:40:50] [delta] тик 832500, tracked: 2, files seen: 1
[04:40:53] [delta] тик 832800, tracked: 2, files seen: 1
[04:40:57] [delta] тик 833100, tracked: 2, files seen: 1
[04:41:00] [delta] тик 833400, tracked: 2, files seen: 1
[04:41:03] [delta] тик 833700, tracked: 2, files seen: 1
[04:41:06] [delta] тик 834000, tracked: 2, files seen: 1
[04:41:09] [delta] тик 834300, tracked: 2, files seen: 1
[04:41:12] [delta] тик 834600, tracked: 2, files seen: 1
[04:41:15] [delta] тик 834900, tracked: 2, files seen: 1
[04:41:18] [delta] тик 835200, tracked: 2, files seen: 1
[04:41:21] [delta] тик 835500, tracked: 2, files seen: 1
[04:41:24] [delta] тик 835800, tracked: 2, files seen: 1
[04:41:28] [delta] тик 836100, tracked: 2, files seen: 1
[04:41:31] [delta] тик 836400, tracked: 2, files seen: 1
[04:41:34] [delta] тик 836700, tracked: 2, files seen: 1
[04:41:37] [delta] тик 837000, tracked: 2, files seen: 1
[04:41:40] [delta] тик 837300, tracked: 2, files seen: 1
[04:41:43] [delta] тик 837600, tracked: 2, files seen: 1
[04:41:46] [delta] тик 837900, tracked: 2, files seen: 1
[04:41:49] [delta] тик 838200, tracked: 2, files seen: 1
[04:41:52] [delta] тик 838500, tracked: 2, files seen: 1
[04:41:55] [delta] тик 838800, tracked: 2, files seen: 1
[04:41:58] [delta] тик 839100, tracked: 2, files seen: 1
[04:42:02] [delta] тик 839400, tracked: 2, files seen: 1
[04:42:05] [delta] тик 839700, tracked: 2, files seen: 1
[04:42:08] [delta] тик 840000, tracked: 2, files seen: 1
[04:42:11] [delta] тик 840300, tracked: 2, files seen: 1
[04:42:14] [delta] тик 840600, tracked: 2, files seen: 1
[04:42:17] [delta] тик 840900, tracked: 2, files seen: 1
[04:42:20] [delta] тик 841200, tracked: 2, files seen: 1
[04:42:23] [delta] тик 841500, tracked: 2, files seen: 1
[04:42:26] [delta] тик 841800, tracked: 2, files seen: 1
[04:42:29] [delta] тик 842100, tracked: 2, files seen: 1
[04:42:33] [delta] тик 842400, tracked: 2, files seen: 1
[04:42:36] [delta] тик 842700, tracked: 2, files seen: 1
[04:42:39] [delta] тик 843000, tracked: 2, files seen: 1
[04:42:42] [delta] тик 843300, tracked: 2, files seen: 1
[04:42:45] [delta] тик 843600, tracked: 2, files seen: 1
[04:42:48] [delta] тик 843900, tracked: 2, files seen: 1
[04:42:51] [delta] тик 844200, tracked: 2, files seen: 1
[04:42:54] [delta] тик 844500, tracked: 2, files seen: 1
[04:42:57] [delta] тик 844800, tracked: 2, files seen: 1
[04:43:00] [delta] тик 845100, tracked: 2, files seen: 1
[04:43:04] [delta] тик 845400, tracked: 2, files seen: 1
[04:43:07] [delta] тик 845700, tracked: 2, files seen: 1
[04:43:10] [delta] тик 846000, tracked: 2, files seen: 1
[04:43:13] [delta] тик 846300, tracked: 2, files seen: 1
[04:43:16] [delta] тик 846600, tracked: 2, files seen: 1
[04:43:19] [delta] тик 846900, tracked: 2, files seen: 1
[04:43:22] [delta] тик 847200, tracked: 2, files seen: 1
[04:43:25] [delta] тик 847500, tracked: 2, files seen: 1
[04:43:28] [delta] тик 847800, tracked: 2, files seen: 1
[04:43:31] [delta] тик 848100, tracked: 2, files seen: 1
[04:43:34] [delta] тик 848400, tracked: 2, files seen: 1
[04:43:38] [delta] тик 848700, tracked: 2, files seen: 1
[04:43:41] [delta] тик 849000, tracked: 2, files seen: 1
[04:43:44] [delta] тик 849300, tracked: 2, files seen: 1
[04:43:47] [delta] тик 849600, tracked: 2, files seen: 1
[04:43:50] [delta] тик 849900, tracked: 1, files seen: 1
[04:43:53] [delta] тик 850200, tracked: 2, files seen: 1
[04:43:56] [delta] тик 850500, tracked: 2, files seen: 1
[04:43:59] [delta] тик 850800, tracked: 2, files seen: 1
[04:44:02] [delta] тик 851100, tracked: 2, files seen: 1
[04:44:05] [delta] тик 851400, tracked: 2, files seen: 1
[04:44:08] [delta] тик 851700, tracked: 2, files seen: 1
[04:44:12] [delta] тик 852000, tracked: 2, files seen: 1
[04:44:15] [delta] тик 852300, tracked: 2, files seen: 1
[04:44:18] [delta] тик 852600, tracked: 2, files seen: 1
[04:44:21] [delta] тик 852900, tracked: 2, files seen: 1
[04:44:24] [delta] тик 853200, tracked: 2, files seen: 1
[04:44:27] [delta] тик 853500, tracked: 2, files seen: 1
[04:44:30] [delta] тик 853800, tracked: 2, files seen: 1
[04:44:33] [delta] тик 854100, tracked: 2, files seen: 1
[04:44:36] [delta] тик 854400, tracked: 2, files seen: 1
[04:44:40] [delta] тик 854700, tracked: 2, files seen: 1
[04:44:43] [delta] тик 855000, tracked: 1, files seen: 1
[04:44:46] [delta] тик 855300, tracked: 2, files seen: 1
[04:44:49] [delta] тик 855600, tracked: 2, files seen: 1
[04:44:52] [delta] тик 855900, tracked: 2, files seen: 1
[04:44:55] [delta] тик 856200, tracked: 2, files seen: 1
[04:44:58] [delta] тик 856500, tracked: 2, files seen: 1
[04:45:01] [delta] тик 856800, tracked: 2, files seen: 1
[04:45:04] [delta] тик 857100, tracked: 2, files seen: 1
[04:45:07] [delta] тик 857400, tracked: 2, files seen: 1
[04:45:10] [delta] тик 857700, tracked: 2, files seen: 1
[04:45:14] [delta] тик 858000, tracked: 2, files seen: 1
[04:45:17] [delta] тик 858300, tracked: 2, files seen: 1
[04:45:20] [delta] тик 858600, tracked: 2, files seen: 1
[04:45:23] [delta] тик 858900, tracked: 2, files seen: 1
[04:45:26] [delta] тик 859200, tracked: 2, files seen: 1
[04:45:29] [delta] тик 859500, tracked: 2, files seen: 1
[04:45:32] [delta] тик 859800, tracked: 2, files seen: 1
[04:45:35] [delta] тик 860100, tracked: 2, files seen: 1
[04:45:38] [delta] тик 860400, tracked: 2, files seen: 1
[04:45:41] [delta] тик 860700, tracked: 2, files seen: 1
[04:45:45] [delta] тик 861000, tracked: 2, files seen: 1
[04:45:48] [delta] тик 861300, tracked: 2, files seen: 1
[04:45:51] [delta] тик 861600, tracked: 2, files seen: 1
[04:45:54] [delta] тик 861900, tracked: 2, files seen: 1
[04:45:57] [delta] тик 862200, tracked: 2, files seen: 1
[04:46:00] [delta] тик 862500, tracked: 2, files seen: 1
[04:46:03] [delta] тик 862800, tracked: 2, files seen: 1
[04:46:06] [delta] тик 863100, tracked: 2, files seen: 1
[04:46:09] [delta] тик 863400, tracked: 2, files seen: 1
[04:46:12] [delta] тик 863700, tracked: 2, files seen: 1
[04:46:15] [delta] тик 864000, tracked: 2, files seen: 1
[04:46:19] [delta] тик 864300, tracked: 2, files seen: 1
[04:46:22] [delta] тик 864600, tracked: 2, files seen: 1
[04:46:25] [delta] тик 864900, tracked: 2, files seen: 1
[04:46:28] [delta] тик 865200, tracked: 2, files seen: 1
[04:46:31] [delta] тик 865500, tracked: 2, files seen: 1
[04:46:34] [delta] тик 865800, tracked: 2, files seen: 1
[04:46:37] [delta] тик 866100, tracked: 2, files seen: 1
[04:46:40] [delta] тик 866400, tracked: 2, files seen: 1
[04:46:43] [delta] тик 866700, tracked: 2, files seen: 1
[04:46:46] [delta] тик 867000, tracked: 2, files seen: 1
[04:46:49] [delta] тик 867300, tracked: 2, files seen: 1
[04:46:53] [delta] тик 867600, tracked: 2, files seen: 1
[04:46:56] [delta] тик 867900, tracked: 2, files seen: 1
[04:46:59] [delta] тик 868200, tracked: 2, files seen: 1
[04:47:02] [delta] тик 868500, tracked: 2, files seen: 1
[04:47:05] [delta] тик 868800, tracked: 2, files seen: 1
[04:47:08] [delta] тик 869100, tracked: 2, files seen: 1
[04:47:11] [delta] тик 869400, tracked: 2, files seen: 1
[04:47:14] [delta] тик 869700, tracked: 2, files seen: 1
[04:47:17] [delta] тик 870000, tracked: 2, files seen: 1
[04:47:20] [delta] тик 870300, tracked: 2, files seen: 1
[04:47:24] [delta] тик 870600, tracked: 2, files seen: 1
[04:47:27] [delta] тик 870900, tracked: 2, files seen: 1
[04:47:30] [delta] тик 871200, tracked: 2, files seen: 1
[04:47:33] [delta] тик 871500, tracked: 2, files seen: 1
[04:47:36] [delta] тик 871800, tracked: 2, files seen: 1
[04:47:39] [delta] тик 872100, tracked: 2, files seen: 1
[04:47:42] [delta] тик 872400, tracked: 2, files seen: 1
[04:47:45] [delta] тик 872700, tracked: 2, files seen: 1
[04:47:48] [delta] тик 873000, tracked: 2, files seen: 1
[04:47:51] [delta] тик 873300, tracked: 2, files seen: 1
[04:47:55] [delta] тик 873600, tracked: 2, files seen: 1
[04:47:58] [delta] тик 873900, tracked: 2, files seen: 1
[04:48:01] [delta] тик 874200, tracked: 2, files seen: 1
[04:48:04] [delta] тик 874500, tracked: 2, files seen: 1
[04:48:07] [delta] тик 874800, tracked: 2, files seen: 1
[04:48:10] [delta] тик 875100, tracked: 2, files seen: 1
[04:48:13] [delta] тик 875400, tracked: 2, files seen: 1
[04:48:16] [delta] тик 875700, tracked: 2, files seen: 1
[04:48:19] [delta] тик 876000, tracked: 2, files seen: 1
[04:48:22] [delta] тик 876300, tracked: 2, files seen: 1
[04:48:25] [delta] тик 876600, tracked: 2, files seen: 1
[04:48:29] [delta] тик 876900, tracked: 2, files seen: 1
[04:48:32] [delta] тик 877200, tracked: 2, files seen: 1
[04:48:35] [delta] тик 877500, tracked: 2, files seen: 1
[04:48:38] [delta] тик 877800, tracked: 2, files seen: 1
[04:48:41] [delta] тик 878100, tracked: 2, files seen: 1
[04:48:44] [delta] тик 878400, tracked: 2, files seen: 1
[04:48:47] [delta] тик 878700, tracked: 2, files seen: 1
[04:48:50] [delta] тик 879000, tracked: 2, files seen: 1
[04:48:53] [delta] тик 879300, tracked: 2, files seen: 1
[04:48:56] [delta] тик 879600, tracked: 2, files seen: 1
[04:49:00] [delta] тик 879900, tracked: 2, files seen: 1
[04:49:03] [delta] тик 880200, tracked: 2, files seen: 1
[04:49:06] [delta] тик 880500, tracked: 2, files seen: 1
[04:49:09] [delta] тик 880800, tracked: 2, files seen: 1
[04:49:12] [delta] тик 881100, tracked: 2, files seen: 1
[04:49:15] [delta] тик 881400, tracked: 2, files seen: 1
[04:49:18] [delta] тик 881700, tracked: 2, files seen: 1
[04:49:21] [delta] тик 882000, tracked: 2, files seen: 1
[04:49:24] [delta] тик 882300, tracked: 2, files seen: 1
[04:49:27] [delta] тик 882600, tracked: 2, files seen: 1
[04:49:30] [delta] тик 882900, tracked: 2, files seen: 1
[04:49:34] [delta] тик 883200, tracked: 2, files seen: 1
[04:49:37] [delta] тик 883500, tracked: 2, files seen: 1
[04:49:40] [delta] тик 883800, tracked: 2, files seen: 1
[04:49:43] [delta] тик 884100, tracked: 2, files seen: 1
[04:49:46] [delta] тик 884400, tracked: 2, files seen: 1
[04:49:49] [delta] тик 884700, tracked: 2, files seen: 1
[04:49:52] [delta] тик 885000, tracked: 2, files seen: 1
[04:49:55] [delta] тик 885300, tracked: 2, files seen: 1
[04:49:58] [delta] тик 885600, tracked: 2, files seen: 1
[04:50:02] [delta] тик 885900, tracked: 2, files seen: 1
[04:50:05] [delta] тик 886200, tracked: 2, files seen: 1
[04:50:08] [delta] тик 886500, tracked: 2, files seen: 1
[04:50:11] [delta] тик 886800, tracked: 2, files seen: 1
[04:50:14] [delta] тик 887100, tracked: 2, files seen: 1
[04:50:17] [delta] тик 887400, tracked: 2, files seen: 1
[04:50:20] [delta] тик 887700, tracked: 2, files seen: 1
[04:50:23] [delta] тик 888000, tracked: 2, files seen: 1
[04:50:26] [delta] тик 888300, tracked: 2, files seen: 1
[04:50:29] [delta] тик 888600, tracked: 2, files seen: 1
[04:50:32] [delta] тик 888900, tracked: 2, files seen: 1
[04:50:36] [delta] тик 889200, tracked: 2, files seen: 1
[04:50:39] [delta] тик 889500, tracked: 2, files seen: 1
[04:50:42] [delta] тик 889800, tracked: 2, files seen: 1
[04:50:45] [delta] тик 890100, tracked: 2, files seen: 1
[04:50:48] [delta] тик 890400, tracked: 2, files seen: 1
[04:50:51] [delta] тик 890700, tracked: 2, files seen: 1
[04:50:54] [delta] тик 891000, tracked: 2, files seen: 1
[04:50:57] [delta] тик 891300, tracked: 2, files seen: 1
[04:51:00] [delta] тик 891600, tracked: 2, files seen: 1
[04:51:03] [delta] тик 891900, tracked: 2, files seen: 1
[04:51:07] [delta] тик 892200, tracked: 2, files seen: 1
[04:51:10] [delta] тик 892500, tracked: 2, files seen: 1
[04:51:13] [delta] тик 892800, tracked: 2, files seen: 1
[04:51:16] [delta] тик 893100, tracked: 2, files seen: 1
[04:51:19] [delta] тик 893400, tracked: 2, files seen: 1
[04:51:22] [delta] тик 893700, tracked: 2, files seen: 1
[04:51:25] [delta] тик 894000, tracked: 2, files seen: 1
[04:51:28] [delta] тик 894300, tracked: 2, files seen: 1
[04:51:31] [delta] тик 894600, tracked: 1, files seen: 1
[04:51:34] [delta] тик 894900, tracked: 2, files seen: 1
[04:51:38] [delta] тик 895200, tracked: 2, files seen: 1
[04:51:41] [delta] тик 895500, tracked: 2, files seen: 1
[04:51:44] [delta] тик 895800, tracked: 2, files seen: 1
[04:51:47] [delta] тик 896100, tracked: 2, files seen: 1
[04:51:50] [delta] тик 896400, tracked: 2, files seen: 1
[04:51:53] [delta] тик 896700, tracked: 2, files seen: 1
[04:51:56] [delta] тик 897000, tracked: 2, files seen: 1
[04:51:59] [delta] тик 897300, tracked: 2, files seen: 1
[04:52:02] [delta] тик 897600, tracked: 2, files seen: 1
[04:52:05] [delta] тик 897900, tracked: 2, files seen: 1
[04:52:08] [delta] тик 898200, tracked: 2, files seen: 1
[04:52:12] [delta] тик 898500, tracked: 2, files seen: 1
[04:52:15] [delta] тик 898800, tracked: 2, files seen: 1
[04:52:18] [delta] тик 899100, tracked: 2, files seen: 1
[04:52:21] [delta] тик 899400, tracked: 2, files seen: 1
[04:52:24] [delta] тик 899700, tracked: 2, files seen: 1
[04:52:27] [delta] тик 900000, tracked: 2, files seen: 1
[04:52:30] [delta] тик 900300, tracked: 2, files seen: 1
[04:52:33] [delta] тик 900600, tracked: 2, files seen: 1
[04:52:36] [delta] тик 900900, tracked: 2, files seen: 1
[04:52:39] [delta] тик 901200, tracked: 2, files seen: 1
[04:52:43] [delta] тик 901500, tracked: 2, files seen: 1
[04:52:46] [delta] тик 901800, tracked: 2, files seen: 1
[04:52:49] [delta] тик 902100, tracked: 2, files seen: 1
[04:52:52] [delta] тик 902400, tracked: 2, files seen: 1
[04:52:55] [delta] тик 902700, tracked: 2, files seen: 1
[04:52:58] [delta] тик 903000, tracked: 2, files seen: 1
[04:53:01] [delta] тик 903300, tracked: 2, files seen: 1
[04:53:04] [delta] тик 903600, tracked: 2, files seen: 1
[04:53:07] [delta] тик 903900, tracked: 2, files seen: 1
[04:53:10] [delta] тик 904200, tracked: 2, files seen: 1
[04:53:13] [delta] тик 904500, tracked: 2, files seen: 1
[04:53:17] [delta] тик 904800, tracked: 2, files seen: 1
[04:53:20] [delta] тик 905100, tracked: 2, files seen: 1
[04:53:23] [delta] тик 905400, tracked: 2, files seen: 1
[04:53:26] [delta] тик 905700, tracked: 2, files seen: 1
[04:53:29] [delta] тик 906000, tracked: 2, files seen: 1
[04:53:32] [delta] тик 906300, tracked: 2, files seen: 1
[04:53:35] [delta] тик 906600, tracked: 2, files seen: 1
[04:53:38] [delta] тик 906900, tracked: 2, files seen: 1
[04:53:41] [delta] тик 907200, tracked: 1, files seen: 1
[04:53:44] [delta] тик 907500, tracked: 2, files seen: 1
[04:53:47] [delta] тик 907800, tracked: 2, files seen: 1
[04:53:51] [delta] тик 908100, tracked: 2, files seen: 1
[04:53:54] [delta] тик 908400, tracked: 2, files seen: 1
[04:53:57] [delta] тик 908700, tracked: 2, files seen: 1
[04:54:00] [delta] тик 909000, tracked: 2, files seen: 1
[04:54:03] [delta] тик 909300, tracked: 2, files seen: 1
[04:54:06] [delta] тик 909600, tracked: 2, files seen: 1
[04:54:09] [delta] тик 909900, tracked: 2, files seen: 1
[04:54:12] [delta] тик 910200, tracked: 2, files seen: 1
[04:54:15] [delta] тик 910500, tracked: 2, files seen: 1
[04:54:18] [delta] тик 910800, tracked: 2, files seen: 1
[04:54:22] [delta] тик 911100, tracked: 2, files seen: 1
[04:54:25] [delta] тик 911400, tracked: 2, files seen: 1
[04:54:28] [delta] тик 911700, tracked: 2, files seen: 1
[04:54:31] [delta] тик 912000, tracked: 2, files seen: 1
[04:54:34] [delta] тик 912300, tracked: 2, files seen: 1
[04:54:37] [delta] тик 912600, tracked: 2, files seen: 1
[04:54:40] [delta] тик 912900, tracked: 2, files seen: 1
[04:54:43] [delta] тик 913200, tracked: 2, files seen: 1
[04:54:46] [delta] тик 913500, tracked: 2, files seen: 1
[04:54:49] [delta] тик 913800, tracked: 2, files seen: 1
[04:54:53] [delta] тик 914100, tracked: 2, files seen: 1
[04:54:56] [delta] тик 914400, tracked: 2, files seen: 1
[04:54:59] [delta] тик 914700, tracked: 2, files seen: 1
[04:55:02] [delta] тик 915000, tracked: 2, files seen: 1
[04:55:05] [delta] тик 915300, tracked: 2, files seen: 1
[04:55:08] [delta] тик 915600, tracked: 2, files seen: 1
[04:55:11] [delta] тик 915900, tracked: 2, files seen: 1
[04:55:14] [delta] тик 916200, tracked: 2, files seen: 1
[04:55:17] [delta] тик 916500, tracked: 2, files seen: 1
[04:55:20] [delta] тик 916800, tracked: 2, files seen: 1
[04:55:24] [delta] тик 917100, tracked: 2, files seen: 1
[04:55:27] [delta] тик 917400, tracked: 2, files seen: 1
[04:55:30] [delta] тик 917700, tracked: 2, files seen: 1
[04:55:33] [delta] тик 918000, tracked: 2, files seen: 1
[04:55:36] [delta] тик 918300, tracked: 2, files seen: 1
[04:55:39] [delta] тик 918600, tracked: 2, files seen: 1
[04:55:42] [delta] тик 918900, tracked: 2, files seen: 1
[04:55:45] [delta] тик 919200, tracked: 2, files seen: 1
[04:55:48] [delta] тик 919500, tracked: 2, files seen: 1
[04:55:51] [delta] тик 919800, tracked: 2, files seen: 1
[04:55:55] [delta] тик 920100, tracked: 2, files seen: 1
[04:55:58] [delta] тик 920400, tracked: 2, files seen: 1
[04:56:01] [delta] тик 920700, tracked: 2, files seen: 1
[04:56:04] [delta] тик 921000, tracked: 2, files seen: 1
[04:56:07] [delta] тик 921300, tracked: 2, files seen: 1
[04:56:10] [delta] тик 921600, tracked: 2, files seen: 1
[04:56:13] [delta] тик 921900, tracked: 2, files seen: 1
[04:56:16] [delta] тик 922200, tracked: 2, files seen: 1
[04:56:19] [delta] тик 922500, tracked: 2, files seen: 1
[04:56:22] [delta] тик 922800, tracked: 2, files seen: 1
[04:56:25] [delta] тик 923100, tracked: 2, files seen: 1
[04:56:29] [delta] тик 923400, tracked: 2, files seen: 1
[04:56:32] [delta] тик 923700, tracked: 2, files seen: 1
[04:56:35] [delta] тик 924000, tracked: 2, files seen: 1
[04:56:38] [delta] тик 924300, tracked: 2, files seen: 1
[04:56:41] [delta] тик 924600, tracked: 2, files seen: 1
[04:56:44] [delta] тик 924900, tracked: 2, files seen: 1
[04:56:47] [delta] тик 925200, tracked: 2, files seen: 1
[04:56:50] [delta] тик 925500, tracked: 2, files seen: 1
[04:56:53] [delta] тик 925800, tracked: 2, files seen: 1
[04:56:56] [delta] тик 926100, tracked: 2, files seen: 1
[04:56:59] [delta] тик 926400, tracked: 2, files seen: 1
[04:57:03] [delta] тик 926700, tracked: 2, files seen: 1
[04:57:06] [delta] тик 927000, tracked: 2, files seen: 1
[04:57:09] [delta] тик 927300, tracked: 2, files seen: 1
[04:57:12] [delta] тик 927600, tracked: 2, files seen: 1
[04:57:15] [delta] тик 927900, tracked: 1, files seen: 1
[04:57:18] [delta] тик 928200, tracked: 2, files seen: 1
[04:57:21] [delta] тик 928500, tracked: 2, files seen: 1
[04:57:24] [delta] тик 928800, tracked: 2, files seen: 1
[04:57:27] [delta] тик 929100, tracked: 2, files seen: 1
[04:57:30] [delta] тик 929400, tracked: 2, files seen: 1
[04:57:33] [delta] тик 929700, tracked: 2, files seen: 1
[04:57:37] [delta] тик 930000, tracked: 2, files seen: 1
[04:57:40] [delta] тик 930300, tracked: 2, files seen: 1
[04:57:43] [delta] тик 930600, tracked: 2, files seen: 1
[04:57:46] [delta] тик 930900, tracked: 2, files seen: 1
[04:57:49] [delta] тик 931200, tracked: 2, files seen: 1
[04:57:52] [delta] тик 931500, tracked: 2, files seen: 1
[04:57:55] [delta] тик 931800, tracked: 2, files seen: 1
[04:57:58] [delta] тик 932100, tracked: 2, files seen: 1
[04:58:01] [delta] тик 932400, tracked: 2, files seen: 1
[04:58:04] [delta] тик 932700, tracked: 2, files seen: 1
[04:58:08] [delta] тик 933000, tracked: 2, files seen: 1
[04:58:11] [delta] тик 933300, tracked: 2, files seen: 1
[04:58:14] [delta] тик 933600, tracked: 1, files seen: 1
[04:58:17] [delta] тик 933900, tracked: 2, files seen: 1
[04:58:20] [delta] тик 934200, tracked: 2, files seen: 1
[04:58:23] [delta] тик 934500, tracked: 2, files seen: 1
[04:58:26] [delta] тик 934800, tracked: 2, files seen: 1
[04:58:29] [delta] тик 935100, tracked: 2, files seen: 1
[04:58:32] [delta] тик 935400, tracked: 2, files seen: 1
[04:58:35] [delta] тик 935700, tracked: 2, files seen: 1
[04:58:39] [delta] тик 936000, tracked: 2, files seen: 1
[04:58:42] [delta] тик 936300, tracked: 2, files seen: 1
[04:58:45] [delta] тик 936600, tracked: 2, files seen: 1
[04:58:48] [delta] тик 936900, tracked: 2, files seen: 1
[04:58:51] [delta] тик 937200, tracked: 2, files seen: 1
[04:58:54] [delta] тик 937500, tracked: 2, files seen: 1
[04:58:57] [delta] тик 937800, tracked: 2, files seen: 1
[04:59:00] [delta] тик 938100, tracked: 2, files seen: 1
[04:59:03] [delta] тик 938400, tracked: 2, files seen: 1
[04:59:06] [delta] тик 938700, tracked: 2, files seen: 1
[04:59:10] [delta] тик 939000, tracked: 2, files seen: 1
[04:59:13] [delta] тик 939300, tracked: 2, files seen: 1
[04:59:16] [delta] тик 939600, tracked: 2, files seen: 1
[04:59:19] [delta] тик 939900, tracked: 2, files seen: 1
[04:59:22] [delta] тик 940200, tracked: 2, files seen: 1
[04:59:25] [delta] тик 940500, tracked: 2, files seen: 1
[04:59:28] [delta] тик 940800, tracked: 2, files seen: 1
[04:59:31] [delta] тик 941100, tracked: 2, files seen: 1
[04:59:34] [delta] тик 941400, tracked: 2, files seen: 1
[04:59:37] [delta] тик 941700, tracked: 2, files seen: 1
[04:59:41] [delta] тик 942000, tracked: 2, files seen: 1
[04:59:44] [delta] тик 942300, tracked: 2, files seen: 1
[04:59:47] [delta] тик 942600, tracked: 2, files seen: 1
[04:59:50] [delta] тик 942900, tracked: 2, files seen: 1
[04:59:53] [delta] тик 943200, tracked: 2, files seen: 1
[04:59:56] [delta] тик 943500, tracked: 2, files seen: 1
[04:59:59] [delta] тик 943800, tracked: 2, files seen: 1
[05:00:02] [delta] тик 944100, tracked: 2, files seen: 1
[05:00:05] [delta] тик 944400, tracked: 2, files seen: 1
[05:00:08] [delta] тик 944700, tracked: 2, files seen: 1
[05:00:11] [delta] тик 945000, tracked: 2, files seen: 1
[05:00:15] [delta] тик 945300, tracked: 2, files seen: 1
[05:00:18] [delta] тик 945600, tracked: 2, files seen: 1
[05:00:21] [delta] тик 945900, tracked: 2, files seen: 1
[05:00:24] [delta] тик 946200, tracked: 2, files seen: 1
[05:00:27] [delta] тик 946500, tracked: 2, files seen: 1
[05:00:30] [delta] тик 946800, tracked: 2, files seen: 1
[05:00:33] [delta] тик 947100, tracked: 2, files seen: 1
[05:00:36] [delta] тик 947400, tracked: 2, files seen: 1
[05:00:39] [delta] тик 947700, tracked: 2, files seen: 1
[05:00:42] [delta] тик 948000, tracked: 2, files seen: 1
[05:00:45] [delta] тик 948300, tracked: 2, files seen: 1
[05:00:48] [delta] тик 948600, tracked: 2, files seen: 1
[05:00:52] [delta] тик 948900, tracked: 2, files seen: 1
[05:00:55] [delta] тик 949200, tracked: 2, files seen: 1
[05:00:58] [delta] тик 949500, tracked: 2, files seen: 1
[05:01:01] [delta] тик 949800, tracked: 2, files seen: 1
[05:01:04] [delta] тик 950100, tracked: 2, files seen: 1
[05:01:07] [delta] тик 950400, tracked: 2, files seen: 1
[05:01:10] [delta] тик 950700, tracked: 2, files seen: 1
[05:01:13] [delta] тик 951000, tracked: 2, files seen: 1
[05:01:16] [delta] тик 951300, tracked: 2, files seen: 1
[05:01:19] [delta] тик 951600, tracked: 2, files seen: 1
[05:01:23] [delta] тик 951900, tracked: 2, files seen: 1
[05:01:26] [delta] тик 952200, tracked: 2, files seen: 1
[05:01:29] [delta] тик 952500, tracked: 2, files seen: 1
[05:01:32] [delta] тик 952800, tracked: 2, files seen: 1
[05:01:35] [delta] тик 953100, tracked: 2, files seen: 1
[05:01:38] [delta] тик 953400, tracked: 2, files seen: 1
[05:01:41] [delta] тик 953700, tracked: 2, files seen: 1
[05:01:44] [delta] тик 954000, tracked: 2, files seen: 1
[05:01:47] [delta] тик 954300, tracked: 2, files seen: 1
[05:01:50] [delta] тик 954600, tracked: 2, files seen: 1
[05:01:53] [delta] тик 954900, tracked: 2, files seen: 1
[05:01:57] [delta] тик 955200, tracked: 2, files seen: 1
[05:02:00] [delta] тик 955500, tracked: 2, files seen: 1
[05:02:03] [delta] тик 955800, tracked: 2, files seen: 1
[05:02:06] [delta] тик 956100, tracked: 2, files seen: 1
[05:02:09] [delta] тик 956400, tracked: 2, files seen: 1
[05:02:12] [delta] тик 956700, tracked: 2, files seen: 1
[05:02:15] [delta] тик 957000, tracked: 2, files seen: 1
[05:02:18] [delta] тик 957300, tracked: 2, files seen: 1
[05:02:21] [delta] тик 957600, tracked: 2, files seen: 1
[05:02:25] [delta] тик 957900, tracked: 2, files seen: 1
[05:02:28] [delta] тик 958200, tracked: 2, files seen: 1
[05:02:31] [delta] тик 958500, tracked: 2, files seen: 1
[05:02:34] [delta] тик 958800, tracked: 2, files seen: 1
[05:02:37] [delta] тик 959100, tracked: 2, files seen: 1
[05:02:40] [delta] тик 959400, tracked: 2, files seen: 1
[05:02:43] [delta] тик 959700, tracked: 2, files seen: 1
[05:02:46] [delta] тик 960000, tracked: 2, files seen: 1
[05:02:49] [delta] тик 960300, tracked: 2, files seen: 1
[05:02:52] [delta] тик 960600, tracked: 2, files seen: 1
[05:02:56] [delta] тик 960900, tracked: 2, files seen: 1
[05:02:59] [delta] тик 961200, tracked: 2, files seen: 1
[05:03:02] [delta] тик 961500, tracked: 2, files seen: 1
[05:03:05] [delta] тик 961800, tracked: 2, files seen: 1
[05:03:08] [delta] тик 962100, tracked: 2, files seen: 1
[05:03:11] [delta] тик 962400, tracked: 2, files seen: 1
[05:03:14] [delta] тик 962700, tracked: 2, files seen: 1
[05:03:17] [delta] тик 963000, tracked: 2, files seen: 1
[05:03:20] [delta] тик 963300, tracked: 2, files seen: 1
[05:03:23] [delta] тик 963600, tracked: 2, files seen: 1
[05:03:26] [delta] тик 963900, tracked: 2, files seen: 1
[05:03:30] [delta] тик 964200, tracked: 2, files seen: 1
[05:03:33] [delta] тик 964500, tracked: 2, files seen: 1
[05:03:36] [delta] тик 964800, tracked: 2, files seen: 1
[05:03:39] [delta] тик 965100, tracked: 2, files seen: 1
[05:03:42] [delta] тик 965400, tracked: 2, files seen: 1
[05:03:45] [delta] тик 965700, tracked: 2, files seen: 1
[05:03:48] [delta] тик 966000, tracked: 2, files seen: 1
[05:03:51] [delta] тик 966300, tracked: 2, files seen: 1
[05:03:54] [delta] тик 966600, tracked: 2, files seen: 1
[05:03:57] [delta] тик 966900, tracked: 2, files seen: 1
[05:04:01] [delta] тик 967200, tracked: 2, files seen: 1
[05:04:04] [delta] тик 967500, tracked: 2, files seen: 1
[05:04:07] [delta] тик 967800, tracked: 2, files seen: 1
[05:04:10] [delta] тик 968100, tracked: 2, files seen: 1
[05:04:13] [delta] тик 968400, tracked: 2, files seen: 1
[05:04:16] [delta] тик 968700, tracked: 2, files seen: 1
[05:04:19] [delta] тик 969000, tracked: 2, files seen: 1
[05:04:22] [delta] тик 969300, tracked: 2, files seen: 1
[05:04:25] [delta] тик 969600, tracked: 2, files seen: 1
[05:04:28] [delta] тик 969900, tracked: 2, files seen: 1
[05:04:31] [delta] тик 970200, tracked: 2, files seen: 1
[05:04:35] [delta] тик 970500, tracked: 2, files seen: 1
[05:04:38] [delta] тик 970800, tracked: 2, files seen: 1
[05:04:41] [delta] тик 971100, tracked: 2, files seen: 1
[05:04:44] [delta] тик 971400, tracked: 2, files seen: 1
[05:04:47] [delta] тик 971700, tracked: 2, files seen: 1
[05:04:50] [delta] тик 972000, tracked: 2, files seen: 1
[05:04:53] [delta] тик 972300, tracked: 2, files seen: 1
[05:04:56] [delta] тик 972600, tracked: 2, files seen: 1
[05:04:59] [delta] тик 972900, tracked: 2, files seen: 1
[05:05:02] [delta] тик 973200, tracked: 2, files seen: 1
[05:05:06] [delta] тик 973500, tracked: 2, files seen: 1
[05:05:09] [delta] тик 973800, tracked: 2, files seen: 1
[05:05:12] [delta] тик 974100, tracked: 2, files seen: 1
[05:05:15] [delta] тик 974400, tracked: 2, files seen: 1
[05:05:18] [delta] тик 974700, tracked: 2, files seen: 1
[05:05:21] [delta] тик 975000, tracked: 2, files seen: 1
[05:05:24] [delta] тик 975300, tracked: 2, files seen: 1
[05:05:27] [delta] тик 975600, tracked: 2, files seen: 1
[05:05:30] [delta] тик 975900, tracked: 2, files seen: 1
[05:05:33] [delta] тик 976200, tracked: 2, files seen: 1
[05:05:37] [delta] тик 976500, tracked: 2, files seen: 1
[05:05:40] [delta] тик 976800, tracked: 2, files seen: 1
[05:05:43] [delta] тик 977100, tracked: 2, files seen: 1
[05:05:46] [delta] тик 977400, tracked: 2, files seen: 1
[05:05:49] [delta] тик 977700, tracked: 2, files seen: 1
[05:05:52] [delta] тик 978000, tracked: 2, files seen: 1
[05:05:55] [delta] тик 978300, tracked: 2, files seen: 1
[05:05:58] [delta] тик 978600, tracked: 2, files seen: 1
[05:06:01] [delta] тик 978900, tracked: 2, files seen: 1
[05:06:04] [delta] тик 979200, tracked: 2, files seen: 1
[05:06:08] [delta] тик 979500, tracked: 2, files seen: 1
[05:06:11] [delta] тик 979800, tracked: 2, files seen: 1
[05:06:14] [delta] тик 980100, tracked: 2, files seen: 1
[05:06:17] [delta] тик 980400, tracked: 2, files seen: 1
[05:06:20] [delta] тик 980700, tracked: 2, files seen: 1
[05:06:23] [delta] тик 981000, tracked: 2, files seen: 1
[05:06:26] [delta] тик 981300, tracked: 2, files seen: 1
[05:06:29] [delta] тик 981600, tracked: 2, files seen: 1
[05:06:32] [delta] тик 981900, tracked: 2, files seen: 1
[05:06:35] [delta] тик 982200, tracked: 2, files seen: 1
[05:06:38] [delta] тик 982500, tracked: 2, files seen: 1
[05:06:42] [delta] тик 982800, tracked: 2, files seen: 1
[05:06:45] [delta] тик 983100, tracked: 2, files seen: 1
[05:06:48] [delta] тик 983400, tracked: 2, files seen: 1
[05:06:51] [delta] тик 983700, tracked: 2, files seen: 1
[05:06:54] [delta] тик 984000, tracked: 2, files seen: 1
[05:06:57] [delta] тик 984300, tracked: 2, files seen: 1
[05:07:00] [delta] тик 984600, tracked: 2, files seen: 1
[05:07:03] [delta] тик 984900, tracked: 2, files seen: 1
[05:07:06] [delta] тик 985200, tracked: 2, files seen: 1
[05:07:09] [delta] тик 985500, tracked: 2, files seen: 1
[05:07:13] [delta] тик 985800, tracked: 2, files seen: 1
[05:07:16] [delta] тик 986100, tracked: 2, files seen: 1
[05:07:19] [delta] тик 986400, tracked: 2, files seen: 1
[05:07:22] [delta] тик 986700, tracked: 2, files seen: 1
[05:07:25] [delta] тик 987000, tracked: 2, files seen: 1
[05:07:28] [delta] тик 987300, tracked: 2, files seen: 1
[05:07:31] [delta] тик 987600, tracked: 2, files seen: 1
[05:07:34] [delta] тик 987900, tracked: 2, files seen: 1
[05:07:37] [delta] тик 988200, tracked: 2, files seen: 1
[05:07:40] [delta] тик 988500, tracked: 2, files seen: 1
[05:07:43] [delta] тик 988800, tracked: 2, files seen: 1
[05:07:47] [delta] тик 989100, tracked: 2, files seen: 1
[05:07:50] [delta] тик 989400, tracked: 2, files seen: 1
[05:07:53] [delta] тик 989700, tracked: 2, files seen: 1
[05:07:56] [delta] тик 990000, tracked: 2, files seen: 1
[05:07:59] [delta] тик 990300, tracked: 2, files seen: 1
[05:08:02] [delta] тик 990600, tracked: 2, files seen: 1
[05:08:05] [delta] тик 990900, tracked: 2, files seen: 1
[05:08:08] [delta] тик 991200, tracked: 2, files seen: 1
[05:08:11] [delta] тик 991500, tracked: 2, files seen: 1
[05:08:14] [delta] тик 991800, tracked: 2, files seen: 1
[05:08:18] [delta] тик 992100, tracked: 2, files seen: 1
[05:08:21] [delta] тик 992400, tracked: 2, files seen: 1
[05:08:24] [delta] тик 992700, tracked: 2, files seen: 1
[05:08:27] [delta] тик 993000, tracked: 2, files seen: 1
[05:08:30] [delta] тик 993300, tracked: 2, files seen: 1
[05:08:33] [delta] тик 993600, tracked: 2, files seen: 1
[05:08:36] [delta] тик 993900, tracked: 2, files seen: 1
[05:08:39] [delta] тик 994200, tracked: 2, files seen: 1
[05:08:42] [delta] тик 994500, tracked: 2, files seen: 1
[05:08:45] [delta] тик 994800, tracked: 2, files seen: 1
[05:08:48] [delta] тик 995100, tracked: 2, files seen: 1
[05:08:52] [delta] тик 995400, tracked: 2, files seen: 1
[05:08:55] [delta] тик 995700, tracked: 2, files seen: 1
[05:08:58] [delta] тик 996000, tracked: 2, files seen: 1
[05:09:01] [delta] тик 996300, tracked: 2, files seen: 1
[05:09:04] [delta] тик 996600, tracked: 2, files seen: 1
[05:09:07] [delta] тик 996900, tracked: 2, files seen: 1
[05:09:10] [delta] тик 997200, tracked: 2, files seen: 1
[05:09:13] [delta] тик 997500, tracked: 2, files seen: 1
[05:09:16] [delta] тик 997800, tracked: 2, files seen: 1
[05:09:19] [delta] тик 998100, tracked: 2, files seen: 1
[05:09:23] [delta] тик 998400, tracked: 2, files seen: 1
[05:09:26] [delta] тик 998700, tracked: 2, files seen: 1
[05:09:29] [delta] тик 999000, tracked: 2, files seen: 1
[05:09:32] [delta] тик 999300, tracked: 2, files seen: 1
[05:09:35] [delta] тик 999600, tracked: 2, files seen: 1
[05:09:38] [delta] тик 999900, tracked: 2, files seen: 1
[05:09:41] [delta] тик 1000200, tracked: 2, files seen: 1
[05:09:44] [delta] тик 1000500, tracked: 2, files seen: 1
[05:09:47] [delta] тик 1000800, tracked: 2, files seen: 1
[05:09:50] [delta] тик 1001100, tracked: 2, files seen: 1
[05:09:54] [delta] тик 1001400, tracked: 2, files seen: 1
[05:09:57] [delta] тик 1001700, tracked: 2, files seen: 1
[05:10:00] [delta] тик 1002000, tracked: 2, files seen: 1
[05:10:03] [delta] тик 1002300, tracked: 2, files seen: 1
[05:10:06] [delta] тик 1002600, tracked: 2, files seen: 1
[05:10:09] [delta] тик 1002900, tracked: 2, files seen: 1
[05:10:12] [delta] тик 1003200, tracked: 2, files seen: 1
[05:10:15] [delta] тик 1003500, tracked: 2, files seen: 1
[05:10:18] [delta] тик 1003800, tracked: 2, files seen: 1
[05:10:21] [delta] тик 1004100, tracked: 1, files seen: 1
[05:10:24] [delta] тик 1004400, tracked: 2, files seen: 1
[05:10:28] [delta] тик 1004700, tracked: 2, files seen: 1
[05:10:31] [delta] тик 1005000, tracked: 2, files seen: 1
[05:10:34] [delta] тик 1005300, tracked: 2, files seen: 1
[05:10:37] [delta] тик 1005600, tracked: 2, files seen: 1
[05:10:40] [delta] тик 1005900, tracked: 2, files seen: 1
[05:10:43] [delta] тик 1006200, tracked: 2, files seen: 1
[05:10:46] [delta] тик 1006500, tracked: 2, files seen: 1
[05:10:49] [delta] тик 1006800, tracked: 2, files seen: 1
[05:10:52] [delta] тик 1007100, tracked: 2, files seen: 1
[05:10:55] [delta] тик 1007400, tracked: 2, files seen: 1
[05:10:59] [delta] тик 1007700, tracked: 2, files seen: 1
[05:11:02] [delta] тик 1008000, tracked: 2, files seen: 1
[05:11:05] [delta] тик 1008300, tracked: 2, files seen: 1
[05:11:08] [delta] тик 1008600, tracked: 2, files seen: 1
[05:11:11] [delta] тик 1008900, tracked: 2, files seen: 1
[05:11:14] [delta] тик 1009200, tracked: 2, files seen: 1
[05:11:17] [delta] тик 1009500, tracked: 2, files seen: 1
[05:11:20] [delta] тик 1009800, tracked: 2, files seen: 1
[05:11:23] [delta] тик 1010100, tracked: 2, files seen: 1
[05:11:26] [delta] тик 1010400, tracked: 2, files seen: 1
[05:11:29] [delta] тик 1010700, tracked: 2, files seen: 1
[05:11:33] [delta] тик 1011000, tracked: 2, files seen: 1
[05:11:36] [delta] тик 1011300, tracked: 2, files seen: 1
[05:11:39] [delta] тик 1011600, tracked: 2, files seen: 1
[05:11:42] [delta] тик 1011900, tracked: 2, files seen: 1
[05:11:45] [delta] тик 1012200, tracked: 2, files seen: 1
[05:11:48] [delta] тик 1012500, tracked: 2, files seen: 1
[05:11:51] [delta] тик 1012800, tracked: 2, files seen: 1
[05:11:54] [delta] тик 1013100, tracked: 2, files seen: 1
[05:11:57] [delta] тик 1013400, tracked: 2, files seen: 1
[05:12:00] [delta] тик 1013700, tracked: 2, files seen: 1
[05:12:04] [delta] тик 1014000, tracked: 2, files seen: 1
[05:12:07] [delta] тик 1014300, tracked: 2, files seen: 1
[05:12:10] [delta] тик 1014600, tracked: 2, files seen: 1
[05:12:13] [delta] тик 1014900, tracked: 2, files seen: 1
[05:12:16] [delta] тик 1015200, tracked: 2, files seen: 1
[05:12:19] [delta] тик 1015500, tracked: 2, files seen: 1
[05:12:22] [delta] тик 1015800, tracked: 2, files seen: 1
[05:12:25] [delta] тик 1016100, tracked: 2, files seen: 1
[05:12:28] [delta] тик 1016400, tracked: 2, files seen: 1
[05:12:31] [delta] тик 1016700, tracked: 2, files seen: 1
[05:12:34] [delta] тик 1017000, tracked: 2, files seen: 1
[05:12:38] [delta] тик 1017300, tracked: 2, files seen: 1
[05:12:41] [delta] тик 1017600, tracked: 2, files seen: 1
[05:12:44] [delta] тик 1017900, tracked: 2, files seen: 1
[05:12:47] [delta] тик 1018200, tracked: 2, files seen: 1
[05:12:50] [delta] тик 1018500, tracked: 2, files seen: 1
[05:12:53] [delta] тик 1018800, tracked: 2, files seen: 1
[05:12:56] [delta] тик 1019100, tracked: 2, files seen: 1
[05:12:59] [delta] тик 1019400, tracked: 2, files seen: 1
[05:13:02] [delta] тик 1019700, tracked: 2, files seen: 1
[05:13:05] [delta] тик 1020000, tracked: 2, files seen: 1
[05:13:09] [delta] тик 1020300, tracked: 2, files seen: 1
[05:13:12] [delta] тик 1020600, tracked: 2, files seen: 1
[05:13:15] [delta] тик 1020900, tracked: 2, files seen: 1
[05:13:18] [delta] тик 1021200, tracked: 2, files seen: 1
[05:13:21] [delta] тик 1021500, tracked: 2, files seen: 1
[05:13:24] [delta] тик 1021800, tracked: 2, files seen: 1
[05:13:27] [delta] тик 1022100, tracked: 2, files seen: 1
[05:13:30] [delta] тик 1022400, tracked: 2, files seen: 1
[05:13:33] [delta] тик 1022700, tracked: 2, files seen: 1
[05:13:36] [delta] тик 1023000, tracked: 2, files seen: 1
[05:13:40] [delta] тик 1023300, tracked: 2, files seen: 1
[05:13:43] [delta] тик 1023600, tracked: 2, files seen: 1
[05:13:46] [delta] тик 1023900, tracked: 2, files seen: 1
[05:13:49] [delta] тик 1024200, tracked: 2, files seen: 1
[05:13:52] [delta] тик 1024500, tracked: 2, files seen: 1
[05:13:55] [delta] тик 1024800, tracked: 2, files seen: 1
[05:13:58] [delta] тик 1025100, tracked: 2, files seen: 1
[05:14:01] [delta] тик 1025400, tracked: 2, files seen: 1
[05:14:04] [delta] тик 1025700, tracked: 2, files seen: 1
[05:14:07] [delta] тик 1026000, tracked: 2, files seen: 1
[05:14:11] [delta] тик 1026300, tracked: 2, files seen: 1
[05:14:14] [delta] тик 1026600, tracked: 2, files seen: 1
[05:14:17] [delta] тик 1026900, tracked: 2, files seen: 1
[05:14:20] [delta] тик 1027200, tracked: 2, files seen: 1
[05:14:23] [delta] тик 1027500, tracked: 2, files seen: 1
[05:14:26] [delta] тик 1027800, tracked: 2, files seen: 1
[05:14:29] [delta] тик 1028100, tracked: 2, files seen: 1
[05:14:32] [delta] тик 1028400, tracked: 2, files seen: 1
[05:14:35] [delta] тик 1028700, tracked: 2, files seen: 1
[05:14:38] [delta] тик 1029000, tracked: 2, files seen: 1
[05:14:41] [delta] тик 1029300, tracked: 2, files seen: 1
[05:14:45] [delta] тик 1029600, tracked: 2, files seen: 1
[05:14:48] [delta] тик 1029900, tracked: 2, files seen: 1
[05:14:51] [delta] тик 1030200, tracked: 2, files seen: 1
[05:14:54] [delta] тик 1030500, tracked: 2, files seen: 1
[05:14:57] [delta] тик 1030800, tracked: 2, files seen: 1
[05:15:00] [delta] тик 1031100, tracked: 2, files seen: 1
[05:15:03] [delta] тик 1031400, tracked: 2, files seen: 1
[05:15:06] [delta] тик 1031700, tracked: 2, files seen: 1
[05:15:09] [delta] тик 1032000, tracked: 2, files seen: 1
[05:15:12] [delta] тик 1032300, tracked: 2, files seen: 1
[05:15:15] [delta] тик 1032600, tracked: 2, files seen: 1
[05:15:19] [delta] тик 1032900, tracked: 2, files seen: 1
[05:15:22] [delta] тик 1033200, tracked: 2, files seen: 1
[05:15:25] [delta] тик 1033500, tracked: 2, files seen: 1
[05:15:28] [delta] тик 1033800, tracked: 2, files seen: 1
[05:15:31] [delta] тик 1034100, tracked: 2, files seen: 1
[05:15:34] [delta] тик 1034400, tracked: 2, files seen: 1
[05:15:37] [delta] тик 1034700, tracked: 2, files seen: 1
[05:15:40] [delta] тик 1035000, tracked: 2, files seen: 1
[05:15:43] [delta] тик 1035300, tracked: 2, files seen: 1
[05:15:46] [delta] тик 1035600, tracked: 2, files seen: 1
[05:15:50] [delta] тик 1035900, tracked: 2, files seen: 1
[05:15:53] [delta] тик 1036200, tracked: 2, files seen: 1
[05:15:56] [delta] тик 1036500, tracked: 2, files seen: 1
[05:15:59] [delta] тик 1036800, tracked: 2, files seen: 1
[05:16:02] [delta] тик 1037100, tracked: 2, files seen: 1
[05:16:05] [delta] тик 1037400, tracked: 1, files seen: 1
[05:16:08] [delta] тик 1037700, tracked: 2, files seen: 1
[05:16:11] [delta] тик 1038000, tracked: 2, files seen: 1
[05:16:14] [delta] тик 1038300, tracked: 2, files seen: 1
[05:16:17] [delta] тик 1038600, tracked: 2, files seen: 1
[05:16:20] [delta] тик 1038900, tracked: 2, files seen: 1
[05:16:24] [delta] тик 1039200, tracked: 2, files seen: 1
[05:16:27] [delta] тик 1039500, tracked: 2, files seen: 1
[05:16:30] [delta] тик 1039800, tracked: 2, files seen: 1
[05:16:33] [delta] тик 1040100, tracked: 2, files seen: 1
[05:16:36] [delta] тик 1040400, tracked: 2, files seen: 1
[05:16:39] [delta] тик 1040700, tracked: 2, files seen: 1
[05:16:42] [delta] тик 1041000, tracked: 2, files seen: 1
[05:16:45] [delta] тик 1041300, tracked: 2, files seen: 1
[05:16:48] [delta] тик 1041600, tracked: 2, files seen: 1
[05:16:51] [delta] тик 1041900, tracked: 2, files seen: 1
[05:16:55] [delta] тик 1042200, tracked: 2, files seen: 1
[05:16:58] [delta] тик 1042500, tracked: 2, files seen: 1
[05:17:01] [delta] тик 1042800, tracked: 2, files seen: 1
[05:17:04] [delta] тик 1043100, tracked: 1, files seen: 1
[05:17:07] [delta] тик 1043400, tracked: 2, files seen: 1
[05:17:10] [delta] тик 1043700, tracked: 2, files seen: 1
[05:17:13] [delta] тик 1044000, tracked: 2, files seen: 1
[05:17:16] [delta] тик 1044300, tracked: 2, files seen: 1
[05:17:19] [delta] тик 1044600, tracked: 2, files seen: 1
[05:17:22] [delta] тик 1044900, tracked: 2, files seen: 1
[05:17:25] [delta] тик 1045200, tracked: 2, files seen: 1
[05:17:29] [delta] тик 1045500, tracked: 2, files seen: 1
[05:17:32] [delta] тик 1045800, tracked: 2, files seen: 1
[05:17:35] [delta] тик 1046100, tracked: 2, files seen: 1
[05:17:38] [delta] тик 1046400, tracked: 2, files seen: 1
[05:17:41] [delta] тик 1046700, tracked: 2, files seen: 1
[05:17:44] [delta] тик 1047000, tracked: 2, files seen: 1
[05:17:47] [delta] тик 1047300, tracked: 2, files seen: 1
[05:17:50] [delta] тик 1047600, tracked: 2, files seen: 1
[05:17:53] [delta] тик 1047900, tracked: 2, files seen: 1
[05:17:56] [delta] тик 1048200, tracked: 2, files seen: 1
[05:18:00] [delta] тик 1048500, tracked: 2, files seen: 1
[05:18:03] [delta] тик 1048800, tracked: 2, files seen: 1
[05:18:06] [delta] тик 1049100, tracked: 2, files seen: 1
[05:18:09] [delta] тик 1049400, tracked: 2, files seen: 1
[05:18:12] [delta] тик 1049700, tracked: 2, files seen: 1
[05:18:15] [delta] тик 1050000, tracked: 2, files seen: 1
[05:18:18] [delta] тик 1050300, tracked: 2, files seen: 1
[05:18:21] [delta] тик 1050600, tracked: 2, files seen: 1
[05:18:24] [delta] тик 1050900, tracked: 2, files seen: 1
[05:18:27] [delta] тик 1051200, tracked: 2, files seen: 1
[05:18:31] [delta] тик 1051500, tracked: 2, files seen: 1
[05:18:34] [delta] тик 1051800, tracked: 2, files seen: 1
[05:18:37] [delta] тик 1052100, tracked: 2, files seen: 1
[05:18:40] [delta] тик 1052400, tracked: 2, files seen: 1
[05:18:43] [delta] тик 1052700, tracked: 2, files seen: 1
[05:18:46] [delta] тик 1053000, tracked: 2, files seen: 1
[05:18:49] [delta] тик 1053300, tracked: 2, files seen: 1
[05:18:52] [delta] тик 1053600, tracked: 2, files seen: 1
[05:18:55] [delta] тик 1053900, tracked: 2, files seen: 1
[05:18:58] [delta] тик 1054200, tracked: 2, files seen: 1
[05:19:02] [delta] тик 1054500, tracked: 2, files seen: 1
[05:19:05] [delta] тик 1054800, tracked: 2, files seen: 1
[05:19:08] [delta] тик 1055100, tracked: 2, files seen: 1
[05:19:11] [delta] тик 1055400, tracked: 2, files seen: 1
[05:19:14] [delta] тик 1055700, tracked: 2, files seen: 1
[05:19:17] [delta] тик 1056000, tracked: 2, files seen: 1
[05:19:20] [delta] тик 1056300, tracked: 2, files seen: 1
[05:19:23] [delta] тик 1056600, tracked: 2, files seen: 1
[05:19:26] [delta] тик 1056900, tracked: 2, files seen: 1
[05:19:30] [delta] тик 1057200, tracked: 2, files seen: 1
[05:19:33] [delta] тик 1057500, tracked: 2, files seen: 1
[05:19:36] [delta] тик 1057800, tracked: 2, files seen: 1
[05:19:39] [delta] тик 1058100, tracked: 2, files seen: 1
[05:19:42] [delta] тик 1058400, tracked: 2, files seen: 1
[05:19:45] [delta] тик 1058700, tracked: 2, files seen: 1
[05:19:48] [delta] тик 1059000, tracked: 1, files seen: 1
[05:19:51] [delta] тик 1059300, tracked: 2, files seen: 1
[05:19:54] [delta] тик 1059600, tracked: 2, files seen: 1
[05:19:57] [delta] тик 1059900, tracked: 2, files seen: 1
[05:20:01] [delta] тик 1060200, tracked: 2, files seen: 1
[05:20:04] [delta] тик 1060500, tracked: 2, files seen: 1
[05:20:07] [delta] тик 1060800, tracked: 2, files seen: 1
[05:20:10] [delta] тик 1061100, tracked: 2, files seen: 1
[05:20:13] [delta] тик 1061400, tracked: 2, files seen: 1
[05:20:16] [delta] тик 1061700, tracked: 2, files seen: 1
[05:20:19] [delta] тик 1062000, tracked: 2, files seen: 1
[05:20:22] [delta] тик 1062300, tracked: 2, files seen: 1
[05:20:25] [delta] тик 1062600, tracked: 2, files seen: 1
[05:20:29] [delta] тик 1062900, tracked: 2, files seen: 1
[05:20:32] [delta] тик 1063200, tracked: 2, files seen: 1
[05:20:35] [delta] тик 1063500, tracked: 2, files seen: 1
[05:20:38] [delta] тик 1063800, tracked: 2, files seen: 1
[05:20:41] [delta] тик 1064100, tracked: 2, files seen: 1
[05:20:44] [delta] тик 1064400, tracked: 2, files seen: 1
[05:20:47] [delta] тик 1064700, tracked: 2, files seen: 1
[05:20:50] [delta] тик 1065000, tracked: 2, files seen: 1
[05:20:53] [delta] тик 1065300, tracked: 2, files seen: 1
[05:20:56] [delta] тик 1065600, tracked: 2, files seen: 1
[05:20:59] [delta] тик 1065900, tracked: 2, files seen: 1
[05:21:03] [delta] тик 1066200, tracked: 2, files seen: 1
[05:21:06] [delta] тик 1066500, tracked: 2, files seen: 1
[05:21:09] [delta] тик 1066800, tracked: 2, files seen: 1
[05:21:12] [delta] тик 1067100, tracked: 2, files seen: 1
[05:21:15] [delta] тик 1067400, tracked: 2, files seen: 1
[05:21:18] [delta] тик 1067700, tracked: 2, files seen: 1
[05:21:21] [delta] тик 1068000, tracked: 2, files seen: 1
[05:21:24] [delta] тик 1068300, tracked: 2, files seen: 1
[05:21:27] [delta] тик 1068600, tracked: 2, files seen: 1
[05:21:30] [delta] тик 1068900, tracked: 2, files seen: 1
[05:21:34] [delta] тик 1069200, tracked: 2, files seen: 1
[05:21:37] [delta] тик 1069500, tracked: 2, files seen: 1
[05:21:40] [delta] тик 1069800, tracked: 2, files seen: 1
[05:21:43] [delta] тик 1070100, tracked: 2, files seen: 1
[05:21:46] [delta] тик 1070400, tracked: 2, files seen: 1
[05:21:49] [delta] тик 1070700, tracked: 2, files seen: 1
[05:21:52] [delta] тик 1071000, tracked: 2, files seen: 1
[05:21:55] [delta] тик 1071300, tracked: 2, files seen: 1
[05:21:58] [delta] тик 1071600, tracked: 2, files seen: 1
[05:22:02] [delta] тик 1071900, tracked: 2, files seen: 1
[05:22:05] [delta] тик 1072200, tracked: 2, files seen: 1
[05:22:08] [delta] тик 1072500, tracked: 2, files seen: 1
[05:22:11] [delta] тик 1072800, tracked: 2, files seen: 1
[05:22:14] [delta] тик 1073100, tracked: 2, files seen: 1
[05:22:17] [delta] тик 1073400, tracked: 2, files seen: 1
[05:22:20] [delta] тик 1073700, tracked: 2, files seen: 1
[05:22:23] [delta] тик 1074000, tracked: 2, files seen: 1
[05:22:26] [delta] тик 1074300, tracked: 2, files seen: 1
[05:22:29] [delta] тик 1074600, tracked: 2, files seen: 1
[05:22:33] [delta] тик 1074900, tracked: 2, files seen: 1
[05:22:36] [delta] тик 1075200, tracked: 2, files seen: 1
[05:22:39] [delta] тик 1075500, tracked: 1, files seen: 1
[05:22:42] [delta] тик 1075800, tracked: 2, files seen: 1
[05:22:45] [delta] тик 1076100, tracked: 2, files seen: 1
[05:22:48] [delta] тик 1076400, tracked: 2, files seen: 1
[05:22:51] [delta] тик 1076700, tracked: 2, files seen: 1
[05:22:54] [delta] тик 1077000, tracked: 2, files seen: 1
[05:22:57] [delta] тик 1077300, tracked: 2, files seen: 1
[05:23:00] [delta] тик 1077600, tracked: 2, files seen: 1
[05:23:04] [delta] тик 1077900, tracked: 2, files seen: 1
[05:23:07] [delta] тик 1078200, tracked: 2, files seen: 1
[05:23:10] [delta] тик 1078500, tracked: 2, files seen: 1
[05:23:13] [delta] тик 1078800, tracked: 2, files seen: 1
[05:23:16] [delta] тик 1079100, tracked: 2, files seen: 1
[05:23:19] [delta] тик 1079400, tracked: 2, files seen: 1
[05:23:23] [delta] тик 1079700, tracked: 2, files seen: 1
[05:23:26] [delta] тик 1080000, tracked: 2, files seen: 1
[05:23:29] [delta] тик 1080300, tracked: 2, files seen: 1
[05:23:32] [delta] тик 1080600, tracked: 2, files seen: 1
[05:23:35] [delta] тик 1080900, tracked: 2, files seen: 1
[05:23:38] [delta] тик 1081200, tracked: 2, files seen: 1
[05:23:41] [delta] тик 1081500, tracked: 2, files seen: 1
[05:23:44] [delta] тик 1081800, tracked: 1, files seen: 1
[05:23:47] [delta] тик 1082100, tracked: 2, files seen: 1
[05:23:50] [delta] тик 1082400, tracked: 2, files seen: 1
[05:23:54] [delta] тик 1082700, tracked: 2, files seen: 1
[05:23:57] [delta] тик 1083000, tracked: 2, files seen: 1
[05:24:00] [delta] тик 1083300, tracked: 2, files seen: 1
[05:24:03] [delta] тик 1083600, tracked: 2, files seen: 1
[05:24:06] [delta] тик 1083900, tracked: 2, files seen: 1
[05:24:09] [delta] тик 1084200, tracked: 2, files seen: 1
[05:24:12] [delta] тик 1084500, tracked: 2, files seen: 1
[05:24:15] [delta] тик 1084800, tracked: 2, files seen: 1
[05:24:18] [delta] тик 1085100, tracked: 2, files seen: 1
[05:24:22] [delta] тик 1085400, tracked: 2, files seen: 1
[05:24:25] [delta] тик 1085700, tracked: 2, files seen: 1
[05:24:28] [delta] тик 1086000, tracked: 2, files seen: 1
[05:24:31] [delta] тик 1086300, tracked: 2, files seen: 1
[05:24:34] [delta] тик 1086600, tracked: 2, files seen: 1
[05:24:37] [delta] тик 1086900, tracked: 2, files seen: 1
[05:24:40] [delta] тик 1087200, tracked: 2, files seen: 1
[05:24:43] [delta] тик 1087500, tracked: 2, files seen: 1
[05:24:46] [delta] тик 1087800, tracked: 2, files seen: 1
[05:24:50] [delta] тик 1088100, tracked: 2, files seen: 1
[05:24:53] [delta] тик 1088400, tracked: 2, files seen: 1
[05:24:56] [delta] тик 1088700, tracked: 2, files seen: 1
[05:24:59] [delta] тик 1089000, tracked: 2, files seen: 1
[05:25:02] [delta] тик 1089300, tracked: 2, files seen: 1
[05:25:05] [delta] тик 1089600, tracked: 2, files seen: 1
[05:25:08] [delta] тик 1089900, tracked: 2, files seen: 1
[05:25:11] [delta] тик 1090200, tracked: 2, files seen: 1
[05:25:14] [delta] тик 1090500, tracked: 2, files seen: 1
[05:25:18] [delta] тик 1090800, tracked: 2, files seen: 1
[05:25:21] [delta] тик 1091100, tracked: 2, files seen: 1
[05:25:24] [delta] тик 1091400, tracked: 2, files seen: 1
[05:25:27] [delta] тик 1091700, tracked: 2, files seen: 1
[05:25:30] [delta] тик 1092000, tracked: 2, files seen: 1
[05:25:33] [delta] тик 1092300, tracked: 2, files seen: 1
[05:25:36] [delta] тик 1092600, tracked: 2, files seen: 1
[05:25:39] [delta] тик 1092900, tracked: 2, files seen: 1
[05:25:42] [delta] тик 1093200, tracked: 2, files seen: 1
[05:25:45] [delta] тик 1093500, tracked: 2, files seen: 1
[05:25:49] [delta] тик 1093800, tracked: 2, files seen: 1
[05:25:52] [delta] тик 1094100, tracked: 2, files seen: 1
[05:25:55] [delta] тик 1094400, tracked: 2, files seen: 1
[05:25:58] [delta] тик 1094700, tracked: 2, files seen: 1
[05:26:01] [delta] тик 1095000, tracked: 2, files seen: 1
[05:26:04] [delta] тик 1095300, tracked: 2, files seen: 1
[05:26:07] [delta] тик 1095600, tracked: 2, files seen: 1
[05:26:10] [delta] тик 1095900, tracked: 2, files seen: 1
[05:26:13] [delta] тик 1096200, tracked: 2, files seen: 1
[05:26:17] [delta] тик 1096500, tracked: 2, files seen: 1
[05:26:20] [delta] тик 1096800, tracked: 2, files seen: 1
[05:26:23] [delta] тик 1097100, tracked: 2, files seen: 1
[05:26:26] [delta] тик 1097400, tracked: 2, files seen: 1
[05:26:29] [delta] тик 1097700, tracked: 2, files seen: 1
[05:26:32] [delta] тик 1098000, tracked: 2, files seen: 1
[05:26:35] [delta] тик 1098300, tracked: 2, files seen: 1
[05:26:38] [delta] тик 1098600, tracked: 2, files seen: 1
[05:26:41] [delta] тик 1098900, tracked: 2, files seen: 1
[05:26:45] [delta] тик 1099200, tracked: 2, files seen: 1
[05:26:48] [delta] тик 1099500, tracked: 2, files seen: 1
[05:26:51] [delta] тик 1099800, tracked: 2, files seen: 1
[05:26:54] [delta] тик 1100100, tracked: 2, files seen: 1
[05:26:57] [delta] тик 1100400, tracked: 2, files seen: 1
[05:27:00] [delta] тик 1100700, tracked: 2, files seen: 1
[05:27:03] [delta] тик 1101000, tracked: 2, files seen: 1
[05:27:06] [delta] тик 1101300, tracked: 2, files seen: 1
[05:27:09] [delta] тик 1101600, tracked: 2, files seen: 1
[05:27:12] [delta] тик 1101900, tracked: 2, files seen: 1
[05:27:16] [delta] тик 1102200, tracked: 2, files seen: 1
[05:27:19] [delta] тик 1102500, tracked: 2, files seen: 1
[05:27:22] [delta] тик 1102800, tracked: 2, files seen: 1
[05:27:25] [delta] тик 1103100, tracked: 2, files seen: 1
[05:27:28] [delta] тик 1103400, tracked: 2, files seen: 1
[05:27:31] [delta] тик 1103700, tracked: 2, files seen: 1
[05:27:34] [delta] тик 1104000, tracked: 2, files seen: 1
[05:27:37] [delta] тик 1104300, tracked: 2, files seen: 1
[05:27:40] [delta] тик 1104600, tracked: 2, files seen: 1
[05:27:44] [delta] тик 1104900, tracked: 2, files seen: 1
[05:27:47] [delta] тик 1105200, tracked: 2, files seen: 1
[05:27:50] [delta] тик 1105500, tracked: 2, files seen: 1
[05:27:53] [delta] тик 1105800, tracked: 2, files seen: 1
[05:27:56] [delta] тик 1106100, tracked: 2, files seen: 1
[05:27:59] [delta] тик 1106400, tracked: 2, files seen: 1
[05:28:02] [delta] тик 1106700, tracked: 2, files seen: 1
[05:28:05] [delta] тик 1107000, tracked: 2, files seen: 1
[05:28:08] [delta] тик 1107300, tracked: 2, files seen: 1
[05:28:11] [delta] тик 1107600, tracked: 2, files seen: 1
[05:28:15] [delta] тик 1107900, tracked: 2, files seen: 1
[05:28:18] [delta] тик 1108200, tracked: 2, files seen: 1
[05:28:21] [delta] тик 1108500, tracked: 2, files seen: 1
[05:28:24] [delta] тик 1108800, tracked: 2, files seen: 1
[05:28:27] [delta] тик 1109100, tracked: 2, files seen: 1
[05:28:30] [delta] тик 1109400, tracked: 2, files seen: 1
[05:28:33] [delta] тик 1109700, tracked: 2, files seen: 1
[05:28:36] [delta] тик 1110000, tracked: 2, files seen: 1
[05:28:39] [delta] тик 1110300, tracked: 2, files seen: 1
[05:28:43] [delta] тик 1110600, tracked: 1, files seen: 1
[05:28:46] [delta] тик 1110900, tracked: 2, files seen: 1
[05:28:49] [delta] тик 1111200, tracked: 2, files seen: 1
[05:28:52] [delta] тик 1111500, tracked: 2, files seen: 1
[05:28:55] [delta] тик 1111800, tracked: 2, files seen: 1
[05:28:58] [delta] тик 1112100, tracked: 2, files seen: 1
[05:29:01] [delta] тик 1112400, tracked: 2, files seen: 1
[05:29:04] [delta] тик 1112700, tracked: 2, files seen: 1
[05:29:07] [delta] тик 1113000, tracked: 2, files seen: 1
[05:29:10] [delta] тик 1113300, tracked: 2, files seen: 1
[05:29:14] [delta] тик 1113600, tracked: 2, files seen: 1
[05:29:17] [delta] тик 1113900, tracked: 2, files seen: 1
[05:29:20] [delta] тик 1114200, tracked: 2, files seen: 1
[05:29:23] [delta] тик 1114500, tracked: 2, files seen: 1
[05:29:26] [delta] тик 1114800, tracked: 2, files seen: 1
[05:29:29] [delta] тик 1115100, tracked: 2, files seen: 1
[05:29:32] [delta] тик 1115400, tracked: 2, files seen: 1
[05:29:35] [delta] тик 1115700, tracked: 2, files seen: 1
[05:29:38] [delta] тик 1116000, tracked: 2, files seen: 1
[05:29:42] [delta] тик 1116300, tracked: 2, files seen: 1
[05:29:45] [delta] тик 1116600, tracked: 2, files seen: 1
[05:29:48] [delta] тик 1116900, tracked: 2, files seen: 1
[05:29:51] [delta] тик 1117200, tracked: 2, files seen: 1
[05:29:54] [delta] тик 1117500, tracked: 2, files seen: 1
[05:29:57] [delta] тик 1117800, tracked: 2, files seen: 1
[05:30:00] [delta] тик 1118100, tracked: 2, files seen: 1
[05:30:03] [delta] тик 1118400, tracked: 2, files seen: 1
[05:30:06] [delta] тик 1118700, tracked: 2, files seen: 1
[05:30:09] [delta] тик 1119000, tracked: 2, files seen: 1
[05:30:13] [delta] тик 1119300, tracked: 2, files seen: 1
[05:30:16] [delta] тик 1119600, tracked: 2, files seen: 1
[05:30:19] [delta] тик 1119900, tracked: 2, files seen: 1
[05:30:22] [delta] тик 1120200, tracked: 2, files seen: 1
[05:30:25] [delta] тик 1120500, tracked: 2, files seen: 1
[05:30:28] [delta] тик 1120800, tracked: 2, files seen: 1
[05:30:31] [delta] тик 1121100, tracked: 2, files seen: 1
[05:30:34] [delta] тик 1121400, tracked: 2, files seen: 1
[05:30:37] [delta] тик 1121700, tracked: 2, files seen: 1
[05:30:41] [delta] тик 1122000, tracked: 2, files seen: 1
[05:30:44] [delta] тик 1122300, tracked: 2, files seen: 1
[05:30:47] [delta] тик 1122600, tracked: 2, files seen: 1
[05:30:50] [delta] тик 1122900, tracked: 2, files seen: 1
[05:30:53] [delta] тик 1123200, tracked: 2, files seen: 1
[05:30:56] [delta] тик 1123500, tracked: 2, files seen: 1
[05:30:59] [delta] тик 1123800, tracked: 2, files seen: 1
[05:31:02] [delta] тик 1124100, tracked: 2, files seen: 1
[05:31:05] [delta] тик 1124400, tracked: 2, files seen: 1
[05:31:09] [delta] тик 1124700, tracked: 2, files seen: 1
[05:31:12] [delta] тик 1125000, tracked: 2, files seen: 1
[05:31:15] [delta] тик 1125300, tracked: 2, files seen: 1
[05:31:18] [delta] тик 1125600, tracked: 2, files seen: 1
[05:31:21] [delta] тик 1125900, tracked: 2, files seen: 1
[05:31:24] [delta] тик 1126200, tracked: 2, files seen: 1
[05:31:27] [delta] тик 1126500, tracked: 2, files seen: 1
[05:31:30] [delta] тик 1126800, tracked: 2, files seen: 1
[05:31:33] [delta] тик 1127100, tracked: 2, files seen: 1
[05:31:36] [delta] тик 1127400, tracked: 2, files seen: 1
[05:31:40] [delta] тик 1127700, tracked: 2, files seen: 1
[05:31:43] [delta] тик 1128000, tracked: 2, files seen: 1
[05:31:46] [delta] тик 1128300, tracked: 2, files seen: 1
[05:31:49] [delta] тик 1128600, tracked: 2, files seen: 1
[05:31:52] [delta] тик 1128900, tracked: 2, files seen: 1
[05:31:55] [delta] тик 1129200, tracked: 2, files seen: 1
[05:31:58] [delta] тик 1129500, tracked: 2, files seen: 1
[05:32:01] [delta] тик 1129800, tracked: 2, files seen: 1
[05:32:04] [delta] тик 1130100, tracked: 2, files seen: 1
[05:32:07] [delta] тик 1130400, tracked: 2, files seen: 1
[05:32:11] [delta] тик 1130700, tracked: 2, files seen: 1
[05:32:14] [delta] тик 1131000, tracked: 2, files seen: 1
[05:32:17] [delta] тик 1131300, tracked: 2, files seen: 1
[05:32:20] [delta] тик 1131600, tracked: 2, files seen: 1
[05:32:23] [delta] тик 1131900, tracked: 2, files seen: 1
[05:32:26] [delta] тик 1132200, tracked: 2, files seen: 1
[05:32:29] [delta] тик 1132500, tracked: 2, files seen: 1
[05:32:32] [delta] тик 1132800, tracked: 2, files seen: 1
[05:32:35] [delta] тик 1133100, tracked: 2, files seen: 1
[05:32:39] [delta] тик 1133400, tracked: 2, files seen: 1
[05:32:42] [delta] тик 1133700, tracked: 2, files seen: 1
[05:32:45] [delta] тик 1134000, tracked: 2, files seen: 1
[05:32:48] [delta] тик 1134300, tracked: 2, files seen: 1
[05:32:51] [delta] тик 1134600, tracked: 2, files seen: 1
[05:32:54] [delta] тик 1134900, tracked: 2, files seen: 1
[05:32:57] [delta] тик 1135200, tracked: 2, files seen: 1
[05:33:00] [delta] тик 1135500, tracked: 2, files seen: 1
[05:33:03] [delta] тик 1135800, tracked: 2, files seen: 1
[05:33:06] [delta] тик 1136100, tracked: 2, files seen: 1
[05:33:10] [delta] тик 1136400, tracked: 2, files seen: 1
[05:33:13] [delta] тик 1136700, tracked: 2, files seen: 1
[05:33:16] [delta] тик 1137000, tracked: 2, files seen: 1
[05:33:19] [delta] тик 1137300, tracked: 2, files seen: 1
[05:33:22] [delta] тик 1137600, tracked: 2, files seen: 1
[05:33:25] [delta] тик 1137900, tracked: 2, files seen: 1
[05:33:28] [delta] тик 1138200, tracked: 2, files seen: 1
[05:33:31] [delta] тик 1138500, tracked: 2, files seen: 1
[05:33:34] [delta] тик 1138800, tracked: 2, files seen: 1
[05:33:38] [delta] тик 1139100, tracked: 2, files seen: 1
[05:33:41] [delta] тик 1139400, tracked: 2, files seen: 1
[05:33:44] [delta] тик 1139700, tracked: 2, files seen: 1
[05:33:47] [delta] тик 1140000, tracked: 2, files seen: 1
[05:33:50] [delta] тик 1140300, tracked: 2, files seen: 1
[05:33:53] [delta] тик 1140600, tracked: 2, files seen: 1
[05:33:56] [delta] тик 1140900, tracked: 2, files seen: 1
[05:33:59] [delta] тик 1141200, tracked: 2, files seen: 1
[05:34:02] [delta] тик 1141500, tracked: 2, files seen: 1
[05:34:05] [delta] тик 1141800, tracked: 2, files seen: 1
[05:34:09] [delta] тик 1142100, tracked: 2, files seen: 1
[05:34:12] [delta] тик 1142400, tracked: 2, files seen: 1
[05:34:15] [delta] тик 1142700, tracked: 2, files seen: 1
[05:34:18] [delta] тик 1143000, tracked: 2, files seen: 1
[05:34:21] [delta] тик 1143300, tracked: 2, files seen: 1
[05:34:24] [delta] тик 1143600, tracked: 2, files seen: 1
[05:34:27] [delta] тик 1143900, tracked: 2, files seen: 1
[05:34:30] [delta] тик 1144200, tracked: 2, files seen: 1
[05:34:33] [delta] тик 1144500, tracked: 2, files seen: 1
[05:34:37] [delta] тик 1144800, tracked: 2, files seen: 1
[05:34:40] [delta] тик 1145100, tracked: 2, files seen: 1
[05:34:43] [delta] тик 1145400, tracked: 2, files seen: 1
[05:34:46] [delta] тик 1145700, tracked: 2, files seen: 1
[05:34:49] [delta] тик 1146000, tracked: 2, files seen: 1
[05:34:52] [delta] тик 1146300, tracked: 2, files seen: 1
[05:34:55] [delta] тик 1146600, tracked: 2, files seen: 1
[05:34:58] [delta] тик 1146900, tracked: 2, files seen: 1
[05:35:01] [delta] тик 1147200, tracked: 2, files seen: 1
[05:35:04] [delta] тик 1147500, tracked: 2, files seen: 1
[05:35:08] [delta] тик 1147800, tracked: 2, files seen: 1
[05:35:11] [delta] тик 1148100, tracked: 2, files seen: 1
[05:35:14] [delta] тик 1148400, tracked: 2, files seen: 1
[05:35:17] [delta] тик 1148700, tracked: 2, files seen: 1
[05:35:20] [delta] тик 1149000, tracked: 2, files seen: 1
[05:35:23] [delta] тик 1149300, tracked: 2, files seen: 1
[05:35:26] [delta] тик 1149600, tracked: 2, files seen: 1
[05:35:29] [delta] тик 1149900, tracked: 2, files seen: 1
[05:35:32] [delta] тик 1150200, tracked: 2, files seen: 1
[05:35:36] [delta] тик 1150500, tracked: 2, files seen: 1
[05:35:39] [delta] тик 1150800, tracked: 2, files seen: 1
[05:35:42] [delta] тик 1151100, tracked: 2, files seen: 1
[05:35:45] [delta] тик 1151400, tracked: 2, files seen: 1
[05:35:48] [delta] тик 1151700, tracked: 2, files seen: 1
[05:35:51] [delta] тик 1152000, tracked: 2, files seen: 1
[05:35:54] [delta] тик 1152300, tracked: 2, files seen: 1
[05:35:57] [delta] тик 1152600, tracked: 2, files seen: 1
[05:36:00] [delta] тик 1152900, tracked: 2, files seen: 1
[05:36:03] [delta] тик 1153200, tracked: 2, files seen: 1
[05:36:07] [delta] тик 1153500, tracked: 2, files seen: 1
[05:36:10] [delta] тик 1153800, tracked: 2, files seen: 1
[05:36:13] [delta] тик 1154100, tracked: 2, files seen: 1
[05:36:16] [delta] тик 1154400, tracked: 2, files seen: 1
[05:36:19] [delta] тик 1154700, tracked: 2, files seen: 1
[05:36:22] [delta] тик 1155000, tracked: 2, files seen: 1
[05:36:25] [delta] тик 1155300, tracked: 2, files seen: 1
[05:36:28] [delta] тик 1155600, tracked: 2, files seen: 1
[05:36:31] [delta] тик 1155900, tracked: 2, files seen: 1
[05:36:35] [delta] тик 1156200, tracked: 2, files seen: 1
[05:36:38] [delta] тик 1156500, tracked: 2, files seen: 1
[05:36:41] [delta] тик 1156800, tracked: 2, files seen: 1
[05:36:44] [delta] тик 1157100, tracked: 2, files seen: 1
[05:36:47] [delta] тик 1157400, tracked: 2, files seen: 1
[05:36:50] [delta] тик 1157700, tracked: 1, files seen: 1
[05:36:53] [delta] тик 1158000, tracked: 2, files seen: 1
[05:36:56] [delta] тик 1158300, tracked: 2, files seen: 1
[05:36:59] [delta] тик 1158600, tracked: 2, files seen: 1
[05:37:02] [delta] тик 1158900, tracked: 2, files seen: 1
[05:37:06] [delta] тик 1159200, tracked: 2, files seen: 1
[05:37:09] [delta] тик 1159500, tracked: 2, files seen: 1
[05:37:12] [delta] тик 1159800, tracked: 2, files seen: 1
[05:37:15] [delta] тик 1160100, tracked: 2, files seen: 1
[05:37:18] [delta] тик 1160400, tracked: 2, files seen: 1
[05:37:21] [delta] тик 1160700, tracked: 2, files seen: 1
[05:37:24] [delta] тик 1161000, tracked: 2, files seen: 1
[05:37:27] [delta] тик 1161300, tracked: 2, files seen: 1
[05:37:30] [delta] тик 1161600, tracked: 2, files seen: 1
[05:37:33] [delta] тик 1161900, tracked: 2, files seen: 1
[05:37:37] [delta] тик 1162200, tracked: 2, files seen: 1
[05:37:40] [delta] тик 1162500, tracked: 2, files seen: 1
[05:37:43] [delta] тик 1162800, tracked: 2, files seen: 1
[05:37:46] [delta] тик 1163100, tracked: 2, files seen: 1
[05:37:49] [delta] тик 1163400, tracked: 2, files seen: 1
[05:37:52] [delta] тик 1163700, tracked: 2, files seen: 1
[05:37:55] [delta] тик 1164000, tracked: 2, files seen: 1
[05:37:58] [delta] тик 1164300, tracked: 2, files seen: 1
[05:38:02] [delta] тик 1164600, tracked: 2, files seen: 1
[05:38:05] [delta] тик 1164900, tracked: 2, files seen: 1
[05:38:08] [delta] тик 1165200, tracked: 2, files seen: 1
[05:38:11] [delta] тик 1165500, tracked: 2, files seen: 1
[05:38:14] [delta] тик 1165800, tracked: 2, files seen: 1
[05:38:17] [delta] тик 1166100, tracked: 2, files seen: 1
[05:38:20] [delta] тик 1166400, tracked: 2, files seen: 1
[05:38:23] [delta] тик 1166700, tracked: 2, files seen: 1
[05:38:26] [delta] тик 1167000, tracked: 2, files seen: 1
[05:38:29] [delta] тик 1167300, tracked: 2, files seen: 1
[05:38:33] [delta] тик 1167600, tracked: 2, files seen: 1
[05:38:36] [delta] тик 1167900, tracked: 2, files seen: 1
[05:38:39] [delta] тик 1168200, tracked: 2, files seen: 1
[05:38:42] [delta] тик 1168500, tracked: 2, files seen: 1
[05:38:45] [delta] тик 1168800, tracked: 2, files seen: 1
[05:38:48] [delta] тик 1169100, tracked: 2, files seen: 1
[05:38:51] [delta] тик 1169400, tracked: 2, files seen: 1
[05:38:54] [delta] тик 1169700, tracked: 2, files seen: 1
[05:38:57] [delta] тик 1170000, tracked: 2, files seen: 1
[05:39:00] [delta] тик 1170300, tracked: 2, files seen: 1
[05:39:04] [delta] тик 1170600, tracked: 2, files seen: 1
[05:39:07] [delta] тик 1170900, tracked: 2, files seen: 1
[05:39:10] [delta] тик 1171200, tracked: 2, files seen: 1
[05:39:13] [delta] тик 1171500, tracked: 2, files seen: 1
[05:39:16] [delta] тик 1171800, tracked: 2, files seen: 1
[05:39:19] [delta] тик 1172100, tracked: 2, files seen: 1
[05:39:22] [delta] тик 1172400, tracked: 2, files seen: 1
[05:39:25] [delta] тик 1172700, tracked: 2, files seen: 1
[05:39:28] [delta] тик 1173000, tracked: 2, files seen: 1
[05:39:32] [delta] тик 1173300, tracked: 2, files seen: 1
[05:39:35] [delta] тик 1173600, tracked: 2, files seen: 1
[05:39:38] [delta] тик 1173900, tracked: 2, files seen: 1
[05:39:41] [delta] тик 1174200, tracked: 1, files seen: 1
[05:39:44] [delta] тик 1174500, tracked: 2, files seen: 1
[05:39:47] [delta] тик 1174800, tracked: 2, files seen: 1
[05:39:50] [delta] тик 1175100, tracked: 2, files seen: 1
[05:39:53] [delta] тик 1175400, tracked: 2, files seen: 1
[05:39:56] [delta] тик 1175700, tracked: 2, files seen: 1
[05:39:59] [delta] тик 1176000, tracked: 1, files seen: 1
[05:40:03] [delta] тик 1176300, tracked: 2, files seen: 1
[05:40:06] [delta] тик 1176600, tracked: 2, files seen: 1
[05:40:09] [delta] тик 1176900, tracked: 2, files seen: 1
[05:40:12] [delta] тик 1177200, tracked: 2, files seen: 1
[05:40:15] [delta] тик 1177500, tracked: 2, files seen: 1
[05:40:18] [delta] тик 1177800, tracked: 2, files seen: 1
[05:40:21] [delta] тик 1178100, tracked: 2, files seen: 1
[05:40:24] [delta] тик 1178400, tracked: 2, files seen: 1
[05:40:27] [delta] тик 1178700, tracked: 2, files seen: 1
[05:40:30] [delta] тик 1179000, tracked: 2, files seen: 1
[05:40:34] [delta] тик 1179300, tracked: 2, files seen: 1
[05:40:37] [delta] тик 1179600, tracked: 2, files seen: 1
[05:40:40] [delta] тик 1179900, tracked: 2, files seen: 1
[05:40:43] [delta] тик 1180200, tracked: 2, files seen: 1
[05:40:46] [delta] тик 1180500, tracked: 2, files seen: 1
[05:40:49] [delta] тик 1180800, tracked: 2, files seen: 1
[05:40:52] [delta] тик 1181100, tracked: 2, files seen: 1
[05:40:55] [delta] тик 1181400, tracked: 2, files seen: 1
[05:40:58] [delta] тик 1181700, tracked: 2, files seen: 1
[05:41:02] [delta] тик 1182000, tracked: 2, files seen: 1
[05:41:05] [delta] тик 1182300, tracked: 2, files seen: 1
[05:41:08] [delta] тик 1182600, tracked: 2, files seen: 1
[05:41:11] [delta] тик 1182900, tracked: 2, files seen: 1
[05:41:14] [delta] тик 1183200, tracked: 2, files seen: 1
[05:41:17] [delta] тик 1183500, tracked: 2, files seen: 1
[05:41:20] [delta] тик 1183800, tracked: 2, files seen: 1
[05:41:23] [delta] тик 1184100, tracked: 2, files seen: 1
[05:41:26] [delta] тик 1184400, tracked: 2, files seen: 1
[05:41:29] [delta] тик 1184700, tracked: 2, files seen: 1
[05:41:33] [delta] тик 1185000, tracked: 2, files seen: 1
[05:41:36] [delta] тик 1185300, tracked: 2, files seen: 1
[05:41:39] [delta] тик 1185600, tracked: 2, files seen: 1
[05:41:42] [delta] тик 1185900, tracked: 2, files seen: 1
[05:41:45] [delta] тик 1186200, tracked: 2, files seen: 1
[05:41:48] [delta] тик 1186500, tracked: 2, files seen: 1
[05:41:51] [delta] тик 1186800, tracked: 2, files seen: 1
[05:41:54] [delta] тик 1187100, tracked: 2, files seen: 1
[05:41:57] [delta] тик 1187400, tracked: 2, files seen: 1
[05:42:00] [delta] тик 1187700, tracked: 2, files seen: 1
[05:42:04] [delta] тик 1188000, tracked: 2, files seen: 1
[05:42:07] [delta] тик 1188300, tracked: 2, files seen: 1
[05:42:10] [delta] тик 1188600, tracked: 2, files seen: 1
[05:42:13] [delta] тик 1188900, tracked: 2, files seen: 1
[05:42:16] [delta] тик 1189200, tracked: 2, files seen: 1
[05:42:19] [delta] тик 1189500, tracked: 2, files seen: 1
[05:42:22] [delta] тик 1189800, tracked: 2, files seen: 1
[05:42:25] [delta] тик 1190100, tracked: 2, files seen: 1
[05:42:28] [delta] тик 1190400, tracked: 2, files seen: 1
[05:42:31] [delta] тик 1190700, tracked: 2, files seen: 1
[05:42:35] [delta] тик 1191000, tracked: 2, files seen: 1
[05:42:38] [delta] тик 1191300, tracked: 1, files seen: 1
[05:42:41] [delta] тик 1191600, tracked: 2, files seen: 1
[05:42:44] [delta] тик 1191900, tracked: 2, files seen: 1
[05:42:47] [delta] тик 1192200, tracked: 2, files seen: 1
[05:42:50] [delta] тик 1192500, tracked: 2, files seen: 1
[05:42:53] [delta] тик 1192800, tracked: 2, files seen: 1
[05:42:56] [delta] тик 1193100, tracked: 2, files seen: 1
[05:42:59] [delta] тик 1193400, tracked: 2, files seen: 1
[05:43:02] [delta] тик 1193700, tracked: 2, files seen: 1
[05:43:06] [delta] тик 1194000, tracked: 2, files seen: 1
[05:43:09] [delta] тик 1194300, tracked: 2, files seen: 1
[05:43:12] [delta] тик 1194600, tracked: 2, files seen: 1
[05:43:15] [delta] тик 1194900, tracked: 2, files seen: 1
[05:43:18] [delta] тик 1195200, tracked: 2, files seen: 1
[05:43:21] [delta] тик 1195500, tracked: 2, files seen: 1
[05:43:24] [delta] тик 1195800, tracked: 2, files seen: 1
[05:43:27] [delta] тик 1196100, tracked: 2, files seen: 1
[05:43:30] [delta] тик 1196400, tracked: 2, files seen: 1
[05:43:33] [delta] тик 1196700, tracked: 2, files seen: 1
[05:43:37] [delta] тик 1197000, tracked: 2, files seen: 1
[05:43:40] [delta] тик 1197300, tracked: 2, files seen: 1
[05:43:43] [delta] тик 1197600, tracked: 2, files seen: 1
[05:43:46] [delta] тик 1197900, tracked: 2, files seen: 1
[05:43:49] [delta] тик 1198200, tracked: 2, files seen: 1
[05:43:52] [delta] тик 1198500, tracked: 2, files seen: 1
[05:43:55] [delta] тик 1198800, tracked: 2, files seen: 1
[05:43:58] [delta] тик 1199100, tracked: 2, files seen: 1
[05:44:01] [delta] тик 1199400, tracked: 2, files seen: 1
[05:44:04] [delta] тик 1199700, tracked: 2, files seen: 1
[05:44:08] [delta] тик 1200000, tracked: 2, files seen: 1
[05:44:11] [delta] тик 1200300, tracked: 2, files seen: 1
[05:44:14] [delta] тик 1200600, tracked: 2, files seen: 1
[05:44:17] [delta] тик 1200900, tracked: 2, files seen: 1
[05:44:20] [delta] тик 1201200, tracked: 2, files seen: 1
[05:44:23] [delta] тик 1201500, tracked: 2, files seen: 1
[05:44:26] [delta] тик 1201800, tracked: 2, files seen: 1
[05:44:29] [delta] тик 1202100, tracked: 2, files seen: 1
[05:44:32] [delta] тик 1202400, tracked: 2, files seen: 1
[05:44:35] [delta] тик 1202700, tracked: 2, files seen: 1
[05:44:39] [delta] тик 1203000, tracked: 2, files seen: 1
[05:44:42] [delta] тик 1203300, tracked: 2, files seen: 1
[05:44:45] [delta] тик 1203600, tracked: 2, files seen: 1
[05:44:48] [delta] тик 1203900, tracked: 2, files seen: 1
[05:44:51] [delta] тик 1204200, tracked: 2, files seen: 1
[05:44:54] [delta] тик 1204500, tracked: 2, files seen: 1
[05:44:57] [delta] тик 1204800, tracked: 2, files seen: 1
[05:45:00] [delta] тик 1205100, tracked: 2, files seen: 1
[05:45:03] [delta] тик 1205400, tracked: 2, files seen: 1
[05:45:06] [delta] тик 1205700, tracked: 2, files seen: 1
[05:45:10] [delta] тик 1206000, tracked: 2, files seen: 1
[05:45:13] [delta] тик 1206300, tracked: 2, files seen: 1
[05:45:16] [delta] тик 1206600, tracked: 2, files seen: 1
[05:45:19] [delta] тик 1206900, tracked: 2, files seen: 1
[05:45:22] [delta] тик 1207200, tracked: 2, files seen: 1
[05:45:25] [delta] тик 1207500, tracked: 2, files seen: 1
[05:45:28] [delta] тик 1207800, tracked: 2, files seen: 1
[05:45:31] [delta] тик 1208100, tracked: 2, files seen: 1
[05:45:34] [delta] тик 1208400, tracked: 2, files seen: 1
[05:45:37] [delta] тик 1208700, tracked: 2, files seen: 1
[05:45:41] [delta] тик 1209000, tracked: 2, files seen: 1
[05:45:44] [delta] тик 1209300, tracked: 2, files seen: 1
[05:45:47] [delta] тик 1209600, tracked: 2, files seen: 1
[05:45:50] [delta] тик 1209900, tracked: 2, files seen: 1
[05:45:53] [delta] тик 1210200, tracked: 2, files seen: 1
[05:45:56] [delta] тик 1210500, tracked: 2, files seen: 1
[05:45:59] [delta] тик 1210800, tracked: 2, files seen: 1
[05:46:02] [delta] тик 1211100, tracked: 2, files seen: 1
[05:46:05] [delta] тик 1211400, tracked: 2, files seen: 1
[05:46:08] [delta] тик 1211700, tracked: 2, files seen: 1
[05:46:12] [delta] тик 1212000, tracked: 2, files seen: 1
[05:46:15] [delta] тик 1212300, tracked: 2, files seen: 1
[05:46:18] [delta] тик 1212600, tracked: 2, files seen: 1
[05:46:21] [delta] тик 1212900, tracked: 2, files seen: 1
[05:46:24] [delta] тик 1213200, tracked: 2, files seen: 1
[05:46:27] [delta] тик 1213500, tracked: 2, files seen: 1
[05:46:30] [delta] тик 1213800, tracked: 2, files seen: 1
[05:46:33] [delta] тик 1214100, tracked: 2, files seen: 1
[05:46:36] [delta] тик 1214400, tracked: 2, files seen: 1
[05:46:40] [delta] тик 1214700, tracked: 2, files seen: 1
[05:46:43] [delta] тик 1215000, tracked: 2, files seen: 1
[05:46:46] [delta] тик 1215300, tracked: 2, files seen: 1
[05:46:49] [delta] тик 1215600, tracked: 2, files seen: 1
[05:46:52] [delta] тик 1215900, tracked: 2, files seen: 1
[05:46:55] [delta] тик 1216200, tracked: 2, files seen: 1
[05:46:58] [delta] тик 1216500, tracked: 2, files seen: 1
[05:47:01] [delta] тик 1216800, tracked: 2, files seen: 1
[05:47:04] [delta] тик 1217100, tracked: 2, files seen: 1
[05:47:07] [delta] тик 1217400, tracked: 2, files seen: 1
[05:47:10] [delta] тик 1217700, tracked: 2, files seen: 1
[05:47:14] [delta] тик 1218000, tracked: 2, files seen: 1
[05:47:17] [delta] тик 1218300, tracked: 2, files seen: 1
[05:47:20] [delta] тик 1218600, tracked: 2, files seen: 1
[05:47:23] [delta] тик 1218900, tracked: 2, files seen: 1
[05:47:26] [delta] тик 1219200, tracked: 2, files seen: 1
[05:47:29] [delta] тик 1219500, tracked: 2, files seen: 1
[05:47:32] [delta] тик 1219800, tracked: 2, files seen: 1
[05:47:35] [delta] тик 1220100, tracked: 2, files seen: 1
[05:47:38] [delta] тик 1220400, tracked: 2, files seen: 1
[05:47:41] [delta] тик 1220700, tracked: 2, files seen: 1
[05:47:45] [delta] тик 1221000, tracked: 2, files seen: 1
[05:47:48] [delta] тик 1221300, tracked: 2, files seen: 1
[05:47:51] [delta] тик 1221600, tracked: 2, files seen: 1
[05:47:54] [delta] тик 1221900, tracked: 2, files seen: 1
[05:47:57] [delta] тик 1222200, tracked: 2, files seen: 1
[05:48:00] [delta] тик 1222500, tracked: 2, files seen: 1
[05:48:03] [delta] тик 1222800, tracked: 2, files seen: 1
[05:48:06] [delta] тик 1223100, tracked: 2, files seen: 1
[05:48:09] [delta] тик 1223400, tracked: 2, files seen: 1
[05:48:12] [delta] тик 1223700, tracked: 2, files seen: 1
[05:48:15] [delta] тик 1224000, tracked: 2, files seen: 1
[05:48:19] [delta] тик 1224300, tracked: 2, files seen: 1
[05:48:22] [delta] тик 1224600, tracked: 2, files seen: 1
[05:48:25] [delta] тик 1224900, tracked: 2, files seen: 1
[05:48:28] [delta] тик 1225200, tracked: 2, files seen: 1
[05:48:31] [delta] тик 1225500, tracked: 2, files seen: 1
[05:48:34] [delta] тик 1225800, tracked: 2, files seen: 1
[05:48:37] [delta] тик 1226100, tracked: 2, files seen: 1
[05:48:40] [delta] тик 1226400, tracked: 2, files seen: 1
[05:48:43] [delta] тик 1226700, tracked: 2, files seen: 1
[05:48:46] [delta] тик 1227000, tracked: 2, files seen: 1
[05:48:50] [delta] тик 1227300, tracked: 2, files seen: 1
[05:48:53] [delta] тик 1227600, tracked: 2, files seen: 1
[05:48:56] [delta] тик 1227900, tracked: 2, files seen: 1
[05:48:59] [delta] тик 1228200, tracked: 2, files seen: 1
[05:49:02] [delta] тик 1228500, tracked: 2, files seen: 1
[05:49:05] [delta] тик 1228800, tracked: 2, files seen: 1
[05:49:08] [delta] тик 1229100, tracked: 2, files seen: 1
[05:49:11] [delta] тик 1229400, tracked: 2, files seen: 1
[05:49:14] [delta] тик 1229700, tracked: 2, files seen: 1
[05:49:17] [delta] тик 1230000, tracked: 2, files seen: 1
[05:49:21] [delta] тик 1230300, tracked: 2, files seen: 1
[05:49:24] [delta] тик 1230600, tracked: 2, files seen: 1
[05:49:27] [delta] тик 1230900, tracked: 2, files seen: 1
[05:49:30] [delta] тик 1231200, tracked: 2, files seen: 1
[05:49:33] [delta] тик 1231500, tracked: 2, files seen: 1
[05:49:36] [delta] тик 1231800, tracked: 2, files seen: 1
[05:49:39] [delta] тик 1232100, tracked: 2, files seen: 1
[05:49:42] [delta] тик 1232400, tracked: 2, files seen: 1
[05:49:45] [delta] тик 1232700, tracked: 2, files seen: 1
[05:49:48] [delta] тик 1233000, tracked: 2, files seen: 1
[05:49:52] [delta] тик 1233300, tracked: 2, files seen: 1
[05:49:55] [delta] тик 1233600, tracked: 2, files seen: 1
[05:49:58] [delta] тик 1233900, tracked: 2, files seen: 1
[05:50:01] [delta] тик 1234200, tracked: 2, files seen: 1
[05:50:04] [delta] тик 1234500, tracked: 2, files seen: 1
[05:50:07] [delta] тик 1234800, tracked: 2, files seen: 1
[05:50:10] [delta] тик 1235100, tracked: 2, files seen: 1
[05:50:13] [delta] тик 1235400, tracked: 2, files seen: 1
[05:50:16] [delta] тик 1235700, tracked: 2, files seen: 1
[05:50:19] [delta] тик 1236000, tracked: 2, files seen: 1
[05:50:23] [delta] тик 1236300, tracked: 2, files seen: 1
[05:50:26] [delta] тик 1236600, tracked: 2, files seen: 1
[05:50:29] [delta] тик 1236900, tracked: 2, files seen: 1
[05:50:32] [delta] тик 1237200, tracked: 2, files seen: 1
[05:50:35] [delta] тик 1237500, tracked: 2, files seen: 1
[05:50:38] [delta] тик 1237800, tracked: 2, files seen: 1
[05:50:41] [delta] тик 1238100, tracked: 2, files seen: 1
[05:50:44] [delta] тик 1238400, tracked: 2, files seen: 1
[05:50:47] [delta] тик 1238700, tracked: 2, files seen: 1
[05:50:50] [delta] тик 1239000, tracked: 2, files seen: 1
[05:50:54] [delta] тик 1239300, tracked: 2, files seen: 1
[05:50:57] [delta] тик 1239600, tracked: 2, files seen: 1
[05:51:00] [delta] тик 1239900, tracked: 2, files seen: 1
[05:51:03] [delta] тик 1240200, tracked: 2, files seen: 1
[05:51:06] [delta] тик 1240500, tracked: 2, files seen: 1
[05:51:09] [delta] тик 1240800, tracked: 2, files seen: 1
[05:51:12] [delta] тик 1241100, tracked: 2, files seen: 1
[05:51:15] [delta] тик 1241400, tracked: 2, files seen: 1
[05:51:18] [delta] тик 1241700, tracked: 2, files seen: 1
[05:51:21] [delta] тик 1242000, tracked: 2, files seen: 1
[05:51:25] [delta] тик 1242300, tracked: 2, files seen: 1
[05:51:28] [delta] тик 1242600, tracked: 2, files seen: 1
[05:51:31] [delta] тик 1242900, tracked: 2, files seen: 1
[05:51:34] [delta] тик 1243200, tracked: 2, files seen: 1
[05:51:37] [delta] тик 1243500, tracked: 2, files seen: 1
[05:51:40] [delta] тик 1243800, tracked: 2, files seen: 1
[05:51:43] [delta] тик 1244100, tracked: 2, files seen: 1
[05:51:46] [delta] тик 1244400, tracked: 2, files seen: 1
[05:51:49] [delta] тик 1244700, tracked: 2, files seen: 1
[05:51:52] [delta] тик 1245000, tracked: 2, files seen: 1
[05:51:56] [delta] тик 1245300, tracked: 2, files seen: 1
[05:51:59] [delta] тик 1245600, tracked: 2, files seen: 1
[05:52:02] [delta] тик 1245900, tracked: 2, files seen: 1
[05:52:05] [delta] тик 1246200, tracked: 2, files seen: 1
[05:52:08] [delta] тик 1246500, tracked: 2, files seen: 1
[05:52:11] [delta] тик 1246800, tracked: 2, files seen: 1
[05:52:14] [delta] тик 1247100, tracked: 2, files seen: 1
[05:52:17] [delta] тик 1247400, tracked: 2, files seen: 1
[05:52:20] [delta] тик 1247700, tracked: 2, files seen: 1
[05:52:23] [delta] тик 1248000, tracked: 2, files seen: 1
[05:52:26] [delta] тик 1248300, tracked: 2, files seen: 1
[05:52:30] [delta] тик 1248600, tracked: 2, files seen: 1
[05:52:33] [delta] тик 1248900, tracked: 2, files seen: 1
[05:52:36] [delta] тик 1249200, tracked: 2, files seen: 1
[05:52:39] [delta] тик 1249500, tracked: 2, files seen: 1
[05:52:42] [delta] тик 1249800, tracked: 2, files seen: 1
[05:52:45] [delta] тик 1250100, tracked: 2, files seen: 1
[05:52:48] [delta] тик 1250400, tracked: 2, files seen: 1
[05:52:51] [delta] тик 1250700, tracked: 2, files seen: 1
[05:52:54] [delta] тик 1251000, tracked: 2, files seen: 1
[05:52:57] [delta] тик 1251300, tracked: 2, files seen: 1
[05:53:01] [delta] тик 1251600, tracked: 2, files seen: 1
[05:53:04] [delta] тик 1251900, tracked: 2, files seen: 1
[05:53:07] [delta] тик 1252200, tracked: 2, files seen: 1
[05:53:10] [delta] тик 1252500, tracked: 2, files seen: 1
[05:53:13] [delta] тик 1252800, tracked: 2, files seen: 1
[05:53:16] [delta] тик 1253100, tracked: 2, files seen: 1
[05:53:19] [delta] тик 1253400, tracked: 2, files seen: 1
[05:53:22] [delta] тик 1253700, tracked: 2, files seen: 1
[05:53:25] [delta] тик 1254000, tracked: 1, files seen: 1
[05:53:28] [delta] тик 1254300, tracked: 2, files seen: 1
[05:53:31] [delta] тик 1254600, tracked: 2, files seen: 1
[05:53:35] [delta] тик 1254900, tracked: 2, files seen: 1
[05:53:38] [delta] тик 1255200, tracked: 2, files seen: 1
[05:53:41] [delta] тик 1255500, tracked: 2, files seen: 1
[05:53:44] [delta] тик 1255800, tracked: 2, files seen: 1
[05:53:47] [delta] тик 1256100, tracked: 2, files seen: 1
[05:53:50] [delta] тик 1256400, tracked: 2, files seen: 1
[05:53:53] [delta] тик 1256700, tracked: 2, files seen: 1
[05:53:56] [delta] тик 1257000, tracked: 2, files seen: 1
[05:53:59] [delta] тик 1257300, tracked: 2, files seen: 1
[05:54:02] [delta] тик 1257600, tracked: 2, files seen: 1
[05:54:06] [delta] тик 1257900, tracked: 2, files seen: 1
[05:54:09] [delta] тик 1258200, tracked: 2, files seen: 1
[05:54:12] [delta] тик 1258500, tracked: 2, files seen: 1
[05:54:15] [delta] тик 1258800, tracked: 2, files seen: 1
[05:54:18] [delta] тик 1259100, tracked: 2, files seen: 1
[05:54:21] [delta] тик 1259400, tracked: 2, files seen: 1
[05:54:24] [delta] тик 1259700, tracked: 2, files seen: 1
[05:54:27] [delta] тик 1260000, tracked: 2, files seen: 1
[05:54:30] [delta] тик 1260300, tracked: 2, files seen: 1
[05:54:33] [delta] тик 1260600, tracked: 2, files seen: 1
[05:54:36] [delta] тик 1260900, tracked: 2, files seen: 1
[05:54:40] [delta] тик 1261200, tracked: 2, files seen: 1
[05:54:43] [delta] тик 1261500, tracked: 2, files seen: 1
[05:54:46] [delta] тик 1261800, tracked: 2, files seen: 1
[05:54:49] [delta] тик 1262100, tracked: 2, files seen: 1
[05:54:52] [delta] тик 1262400, tracked: 2, files seen: 1
[05:54:55] [delta] тик 1262700, tracked: 2, files seen: 1
[05:54:58] [delta] тик 1263000, tracked: 2, files seen: 1
[05:55:01] [delta] тик 1263300, tracked: 2, files seen: 1
[05:55:04] [delta] тик 1263600, tracked: 2, files seen: 1
[05:55:08] [delta] тик 1263900, tracked: 2, files seen: 1
[05:55:11] [delta] тик 1264200, tracked: 2, files seen: 1
[05:55:14] [delta] тик 1264500, tracked: 2, files seen: 1
[05:55:17] [delta] тик 1264800, tracked: 2, files seen: 1
[05:55:20] [delta] тик 1265100, tracked: 2, files seen: 1
[05:55:23] [delta] тик 1265400, tracked: 2, files seen: 1
[05:55:26] [delta] тик 1265700, tracked: 2, files seen: 1
[05:55:29] [delta] тик 1266000, tracked: 2, files seen: 1
[05:55:32] [delta] тик 1266300, tracked: 2, files seen: 1
[05:55:35] [delta] тик 1266600, tracked: 2, files seen: 1
[05:55:39] [delta] тик 1266900, tracked: 2, files seen: 1
[05:55:42] [delta] тик 1267200, tracked: 2, files seen: 1
[05:55:45] [delta] тик 1267500, tracked: 2, files seen: 1
[05:55:48] [delta] тик 1267800, tracked: 2, files seen: 1
[05:55:51] [delta] тик 1268100, tracked: 2, files seen: 1
[05:55:54] [delta] тик 1268400, tracked: 2, files seen: 1
[05:55:57] [delta] тик 1268700, tracked: 2, files seen: 1
[05:56:00] [delta] тик 1269000, tracked: 2, files seen: 1
[05:56:03] [delta] тик 1269300, tracked: 2, files seen: 1
[05:56:06] [delta] тик 1269600, tracked: 2, files seen: 1
[05:56:09] [delta] тик 1269900, tracked: 2, files seen: 1
[05:56:13] [delta] тик 1270200, tracked: 2, files seen: 1
[05:56:16] [delta] тик 1270500, tracked: 2, files seen: 1
[05:56:19] [delta] тик 1270800, tracked: 2, files seen: 1
[05:56:22] [delta] тик 1271100, tracked: 2, files seen: 1
[05:56:25] [delta] тик 1271400, tracked: 2, files seen: 1
[05:56:28] [delta] тик 1271700, tracked: 2, files seen: 1
[05:56:31] [delta] тик 1272000, tracked: 2, files seen: 1
[05:56:34] [delta] тик 1272300, tracked: 2, files seen: 1
[05:56:37] [delta] тик 1272600, tracked: 2, files seen: 1
[05:56:40] [delta] тик 1272900, tracked: 2, files seen: 1
[05:56:44] [delta] тик 1273200, tracked: 2, files seen: 1
[05:56:47] [delta] тик 1273500, tracked: 2, files seen: 1
[05:56:50] [delta] тик 1273800, tracked: 2, files seen: 1
[05:56:53] [delta] тик 1274100, tracked: 2, files seen: 1
[05:56:56] [delta] тик 1274400, tracked: 2, files seen: 1
[05:56:59] [delta] тик 1274700, tracked: 2, files seen: 1
[05:57:02] [delta] тик 1275000, tracked: 2, files seen: 1
[05:57:05] [delta] тик 1275300, tracked: 2, files seen: 1
[05:57:08] [delta] тик 1275600, tracked: 2, files seen: 1
[05:57:11] [delta] тик 1275900, tracked: 2, files seen: 1
[05:57:15] [delta] тик 1276200, tracked: 2, files seen: 1
[05:57:18] [delta] тик 1276500, tracked: 2, files seen: 1
[05:57:21] [delta] тик 1276800, tracked: 2, files seen: 1
[05:57:24] [delta] тик 1277100, tracked: 2, files seen: 1
[05:57:27] [delta] тик 1277400, tracked: 2, files seen: 1
[05:57:30] [delta] тик 1277700, tracked: 2, files seen: 1
[05:57:33] [delta] тик 1278000, tracked: 2, files seen: 1
[05:57:36] [delta] тик 1278300, tracked: 2, files seen: 1
[05:57:39] [delta] тик 1278600, tracked: 2, files seen: 1
[05:57:42] [delta] тик 1278900, tracked: 2, files seen: 1
[05:57:46] [delta] тик 1279200, tracked: 2, files seen: 1
[05:57:49] [delta] тик 1279500, tracked: 2, files seen: 1
[05:57:52] [delta] тик 1279800, tracked: 2, files seen: 1
[05:57:55] [delta] тик 1280100, tracked: 2, files seen: 1
[05:57:58] [delta] тик 1280400, tracked: 2, files seen: 1
[05:58:01] [delta] тик 1280700, tracked: 2, files seen: 1
[05:58:04] [delta] тик 1281000, tracked: 2, files seen: 1
[05:58:07] [delta] тик 1281300, tracked: 2, files seen: 1
[05:58:10] [delta] тик 1281600, tracked: 2, files seen: 1
[05:58:13] [delta] тик 1281900, tracked: 2, files seen: 1
[05:58:17] [delta] тик 1282200, tracked: 2, files seen: 1
[05:58:20] [delta] тик 1282500, tracked: 2, files seen: 1
[05:58:23] [delta] тик 1282800, tracked: 2, files seen: 1
[05:58:26] [delta] тик 1283100, tracked: 2, files seen: 1
[05:58:29] [delta] тик 1283400, tracked: 2, files seen: 1
[05:58:32] [delta] тик 1283700, tracked: 2, files seen: 1
[05:58:35] [delta] тик 1284000, tracked: 2, files seen: 1
[05:58:38] [delta] тик 1284300, tracked: 2, files seen: 1
[05:58:41] [delta] тик 1284600, tracked: 2, files seen: 1
[05:58:44] [delta] тик 1284900, tracked: 2, files seen: 1
[05:58:48] [delta] тик 1285200, tracked: 2, files seen: 1
[05:58:51] [delta] тик 1285500, tracked: 2, files seen: 1
[05:58:54] [delta] тик 1285800, tracked: 2, files seen: 1
[05:58:57] [delta] тик 1286100, tracked: 2, files seen: 1
[05:59:00] [delta] тик 1286400, tracked: 2, files seen: 1
[05:59:03] [delta] тик 1286700, tracked: 2, files seen: 1
[05:59:06] [delta] тик 1287000, tracked: 2, files seen: 1
[05:59:09] [delta] тик 1287300, tracked: 2, files seen: 1
[05:59:12] [delta] тик 1287600, tracked: 2, files seen: 1
[05:59:15] [delta] тик 1287900, tracked: 2, files seen: 1
[05:59:19] [delta] тик 1288200, tracked: 2, files seen: 1
[05:59:22] [delta] тик 1288500, tracked: 2, files seen: 1
[05:59:25] [delta] тик 1288800, tracked: 2, files seen: 1
[05:59:28] [delta] тик 1289100, tracked: 2, files seen: 1
[05:59:31] [delta] тик 1289400, tracked: 2, files seen: 1
[05:59:34] [delta] тик 1289700, tracked: 2, files seen: 1
[05:59:37] [delta] тик 1290000, tracked: 2, files seen: 1
[05:59:40] [delta] тик 1290300, tracked: 2, files seen: 1
[05:59:43] [delta] тик 1290600, tracked: 2, files seen: 1
[05:59:46] [delta] тик 1290900, tracked: 2, files seen: 1
[05:59:50] [delta] тик 1291200, tracked: 2, files seen: 1
[05:59:53] [delta] тик 1291500, tracked: 2, files seen: 1
[05:59:56] [delta] тик 1291800, tracked: 2, files seen: 1
[05:59:59] [delta] тик 1292100, tracked: 2, files seen: 1
[06:00:02] [delta] тик 1292400, tracked: 2, files seen: 1
[06:00:05] [delta] тик 1292700, tracked: 2, files seen: 1
[06:00:08] [delta] тик 1293000, tracked: 2, files seen: 1
[06:00:11] [delta] тик 1293300, tracked: 2, files seen: 1
[06:00:14] [delta] тик 1293600, tracked: 2, files seen: 1
[06:00:17] [delta] тик 1293900, tracked: 2, files seen: 1
[06:00:21] [delta] тик 1294200, tracked: 2, files seen: 1
[06:00:24] [delta] тик 1294500, tracked: 2, files seen: 1
[06:00:27] [delta] тик 1294800, tracked: 2, files seen: 1
[06:00:30] [delta] тик 1295100, tracked: 2, files seen: 1
[06:00:33] [delta] тик 1295400, tracked: 2, files seen: 1
[06:00:36] [delta] тик 1295700, tracked: 2, files seen: 1
[06:00:39] [delta] тик 1296000, tracked: 2, files seen: 1
[06:00:42] [delta] тик 1296300, tracked: 2, files seen: 1
[06:00:45] [delta] тик 1296600, tracked: 2, files seen: 1
[06:00:48] [delta] тик 1296900, tracked: 2, files seen: 1
[06:00:52] [delta] тик 1297200, tracked: 2, files seen: 1
[06:00:55] [delta] тик 1297500, tracked: 2, files seen: 1
[06:00:58] [delta] тик 1297800, tracked: 2, files seen: 1
[06:01:01] [delta] тик 1298100, tracked: 2, files seen: 1
[06:01:04] [delta] тик 1298400, tracked: 1, files seen: 1
[06:01:07] [delta] тик 1298700, tracked: 2, files seen: 1
[06:01:10] [delta] тик 1299000, tracked: 2, files seen: 1
[06:01:13] [delta] тик 1299300, tracked: 2, files seen: 1
[06:01:16] [delta] тик 1299600, tracked: 2, files seen: 1
[06:01:19] [delta] тик 1299900, tracked: 2, files seen: 1
[06:01:23] [delta] тик 1300200, tracked: 2, files seen: 1
[06:01:26] [delta] тик 1300500, tracked: 2, files seen: 1
[06:01:29] [delta] тик 1300800, tracked: 2, files seen: 1
[06:01:32] [delta] тик 1301100, tracked: 2, files seen: 1
[06:01:35] [delta] тик 1301400, tracked: 2, files seen: 1
[06:01:38] [delta] тик 1301700, tracked: 2, files seen: 1
[06:01:41] [delta] тик 1302000, tracked: 2, files seen: 1
[06:01:44] [delta] тик 1302300, tracked: 2, files seen: 1
[06:01:47] [delta] тик 1302600, tracked: 2, files seen: 1
[06:01:50] [delta] тик 1302900, tracked: 2, files seen: 1
[06:01:53] [delta] тик 1303200, tracked: 2, files seen: 1
[06:01:57] [delta] тик 1303500, tracked: 2, files seen: 1
[06:02:00] [delta] тик 1303800, tracked: 2, files seen: 1
[06:02:03] [delta] тик 1304100, tracked: 2, files seen: 1
[06:02:06] [delta] тик 1304400, tracked: 2, files seen: 1
[06:02:09] [delta] тик 1304700, tracked: 2, files seen: 1
[06:02:12] [delta] тик 1305000, tracked: 2, files seen: 1
[06:02:15] [delta] тик 1305300, tracked: 2, files seen: 1
[06:02:18] [delta] тик 1305600, tracked: 2, files seen: 1
[06:02:21] [delta] тик 1305900, tracked: 2, files seen: 1
[06:02:25] [delta] тик 1306200, tracked: 2, files seen: 1
[06:02:28] [delta] тик 1306500, tracked: 2, files seen: 1
[06:02:31] [delta] тик 1306800, tracked: 2, files seen: 1
[06:02:34] [delta] тик 1307100, tracked: 2, files seen: 1
[06:02:37] [delta] тик 1307400, tracked: 2, files seen: 1
[06:02:40] [delta] тик 1307700, tracked: 2, files seen: 1
[06:02:43] [delta] тик 1308000, tracked: 2, files seen: 1
[06:02:46] [delta] тик 1308300, tracked: 2, files seen: 1
[06:02:49] [delta] тик 1308600, tracked: 2, files seen: 1
[06:02:52] [delta] тик 1308900, tracked: 2, files seen: 1
[06:02:55] [delta] тик 1309200, tracked: 2, files seen: 1
[06:02:59] [delta] тик 1309500, tracked: 2, files seen: 1
[06:03:02] [delta] тик 1309800, tracked: 2, files seen: 1
[06:03:05] [delta] тик 1310100, tracked: 2, files seen: 1
[06:03:08] [delta] тик 1310400, tracked: 2, files seen: 1
[06:03:11] [delta] тик 1310700, tracked: 2, files seen: 1
[06:03:14] [delta] тик 1311000, tracked: 2, files seen: 1
[06:03:17] [delta] тик 1311300, tracked: 2, files seen: 1
[06:03:20] [delta] тик 1311600, tracked: 2, files seen: 1
[06:03:23] [delta] тик 1311900, tracked: 2, files seen: 1
[06:03:26] [delta] тик 1312200, tracked: 2, files seen: 1
[06:03:30] [delta] тик 1312500, tracked: 2, files seen: 1
[06:03:33] [delta] тик 1312800, tracked: 2, files seen: 1
[06:03:36] [delta] тик 1313100, tracked: 2, files seen: 1
[06:03:39] [delta] тик 1313400, tracked: 2, files seen: 1
[06:03:42] [delta] тик 1313700, tracked: 2, files seen: 1
[06:03:45] [delta] тик 1314000, tracked: 2, files seen: 1
[06:03:48] [delta] тик 1314300, tracked: 2, files seen: 1
[06:03:51] [delta] тик 1314600, tracked: 2, files seen: 1
[06:03:54] [delta] тик 1314900, tracked: 2, files seen: 1
[06:03:58] [delta] тик 1315200, tracked: 2, files seen: 1
[06:04:01] [delta] тик 1315500, tracked: 2, files seen: 1
[06:04:04] [delta] тик 1315800, tracked: 2, files seen: 1
[06:04:07] [delta] тик 1316100, tracked: 2, files seen: 1
[06:04:10] [delta] тик 1316400, tracked: 2, files seen: 1
[06:04:13] [delta] тик 1316700, tracked: 2, files seen: 1
[06:04:16] [delta] тик 1317000, tracked: 2, files seen: 1
[06:04:19] [delta] тик 1317300, tracked: 2, files seen: 1
[06:04:22] [delta] тик 1317600, tracked: 2, files seen: 1
[06:04:25] [delta] тик 1317900, tracked: 2, files seen: 1
[06:04:29] [delta] тик 1318200, tracked: 2, files seen: 1
[06:04:32] [delta] тик 1318500, tracked: 2, files seen: 1
[06:04:35] [delta] тик 1318800, tracked: 2, files seen: 1
[06:04:38] [delta] тик 1319100, tracked: 2, files seen: 1
[06:04:41] [delta] тик 1319400, tracked: 2, files seen: 1
[06:04:44] [delta] тик 1319700, tracked: 2, files seen: 1
[06:04:47] [delta] тик 1320000, tracked: 2, files seen: 1
[06:04:50] [delta] тик 1320300, tracked: 2, files seen: 1
[06:04:53] [delta] тик 1320600, tracked: 2, files seen: 1
[06:04:56] [delta] тик 1320900, tracked: 2, files seen: 1
[06:04:59] [delta] тик 1321200, tracked: 2, files seen: 1
[06:05:03] [delta] тик 1321500, tracked: 2, files seen: 1
[06:05:06] [delta] тик 1321800, tracked: 2, files seen: 1
[06:05:09] [delta] тик 1322100, tracked: 2, files seen: 1
[06:05:12] [delta] тик 1322400, tracked: 2, files seen: 1
[06:05:15] [delta] тик 1322700, tracked: 2, files seen: 1
[06:05:18] [delta] тик 1323000, tracked: 2, files seen: 1
[06:05:21] [delta] тик 1323300, tracked: 2, files seen: 1
[06:05:24] [delta] тик 1323600, tracked: 2, files seen: 1
[06:05:27] [delta] тик 1323900, tracked: 2, files seen: 1
[06:05:30] [delta] тик 1324200, tracked: 2, files seen: 1
[06:05:33] [delta] тик 1324500, tracked: 2, files seen: 1
[06:05:37] [delta] тик 1324800, tracked: 2, files seen: 1
[06:05:40] [delta] тик 1325100, tracked: 2, files seen: 1
[06:05:43] [delta] тик 1325400, tracked: 2, files seen: 1
[06:05:46] [delta] тик 1325700, tracked: 2, files seen: 1
[06:05:49] [delta] тик 1326000, tracked: 2, files seen: 1
[06:05:52] [delta] тик 1326300, tracked: 2, files seen: 1
[06:05:55] [delta] тик 1326600, tracked: 2, files seen: 1
[06:05:58] [delta] тик 1326900, tracked: 2, files seen: 1
[06:06:01] [delta] тик 1327200, tracked: 2, files seen: 1
[06:06:04] [delta] тик 1327500, tracked: 2, files seen: 1
[06:06:08] [delta] тик 1327800, tracked: 2, files seen: 1
[06:06:11] [delta] тик 1328100, tracked: 2, files seen: 1
[06:06:14] [delta] тик 1328400, tracked: 2, files seen: 1
[06:06:17] [delta] тик 1328700, tracked: 2, files seen: 1
[06:06:20] [delta] тик 1329000, tracked: 2, files seen: 1
[06:06:23] [delta] тик 1329300, tracked: 2, files seen: 1
[06:06:26] [delta] тик 1329600, tracked: 2, files seen: 1
[06:06:29] [delta] тик 1329900, tracked: 2, files seen: 1
[06:06:32] [delta] тик 1330200, tracked: 2, files seen: 1
[06:06:35] [delta] тик 1330500, tracked: 2, files seen: 1
[06:06:39] [delta] тик 1330800, tracked: 2, files seen: 1
[06:06:42] [delta] тик 1331100, tracked: 2, files seen: 1
[06:06:45] [delta] тик 1331400, tracked: 2, files seen: 1
[06:06:48] [delta] тик 1331700, tracked: 2, files seen: 1
[06:06:51] [delta] тик 1332000, tracked: 2, files seen: 1
[06:06:54] [delta] тик 1332300, tracked: 2, files seen: 1
[06:06:57] [delta] тик 1332600, tracked: 2, files seen: 1
[06:07:00] [delta] тик 1332900, tracked: 2, files seen: 1
[06:07:03] [delta] тик 1333200, tracked: 2, files seen: 1
[06:07:07] [delta] тик 1333500, tracked: 2, files seen: 1
[06:07:10] [delta] тик 1333800, tracked: 2, files seen: 1
[06:07:13] [delta] тик 1334100, tracked: 2, files seen: 1
[06:07:16] [delta] тик 1334400, tracked: 2, files seen: 1
[06:07:19] [delta] тик 1334700, tracked: 2, files seen: 1
[06:07:22] [delta] тик 1335000, tracked: 2, files seen: 1
[06:07:25] [delta] тик 1335300, tracked: 2, files seen: 1
[06:07:28] [delta] тик 1335600, tracked: 1, files seen: 1
[06:07:31] [delta] тик 1335900, tracked: 2, files seen: 1
[06:07:34] [delta] тик 1336200, tracked: 2, files seen: 1
[06:07:38] [delta] тик 1336500, tracked: 2, files seen: 1
[06:07:41] [delta] тик 1336800, tracked: 2, files seen: 1
[06:07:44] [delta] тик 1337100, tracked: 2, files seen: 1
[06:07:47] [delta] тик 1337400, tracked: 2, files seen: 1
[06:07:50] [delta] тик 1337700, tracked: 2, files seen: 1
[06:07:53] [delta] тик 1338000, tracked: 2, files seen: 1
[06:07:56] [delta] тик 1338300, tracked: 2, files seen: 1
[06:07:59] [delta] тик 1338600, tracked: 2, files seen: 1
[06:08:02] [delta] тик 1338900, tracked: 2, files seen: 1
[06:08:05] [delta] тик 1339200, tracked: 2, files seen: 1
[06:08:08] [delta] тик 1339500, tracked: 2, files seen: 1
[06:08:12] [delta] тик 1339800, tracked: 2, files seen: 1
[06:08:15] [delta] тик 1340100, tracked: 2, files seen: 1
[06:08:18] [delta] тик 1340400, tracked: 2, files seen: 1
[06:08:21] [delta] тик 1340700, tracked: 2, files seen: 1
[06:08:24] [delta] тик 1341000, tracked: 2, files seen: 1
[06:08:27] [delta] тик 1341300, tracked: 2, files seen: 1
[06:08:30] [delta] тик 1341600, tracked: 2, files seen: 1
[06:08:33] [delta] тик 1341900, tracked: 2, files seen: 1
[06:08:36] [delta] тик 1342200, tracked: 2, files seen: 1
[06:08:39] [delta] тик 1342500, tracked: 2, files seen: 1
[06:08:43] [delta] тик 1342800, tracked: 2, files seen: 1
[06:08:46] [delta] тик 1343100, tracked: 2, files seen: 1
[06:08:49] [delta] тик 1343400, tracked: 2, files seen: 1
[06:08:52] [delta] тик 1343700, tracked: 2, files seen: 1
[06:08:55] [delta] тик 1344000, tracked: 2, files seen: 1
[06:08:58] [delta] тик 1344300, tracked: 2, files seen: 1
[06:09:01] [delta] тик 1344600, tracked: 2, files seen: 1
[06:09:04] [delta] тик 1344900, tracked: 2, files seen: 1
[06:09:07] [delta] тик 1345200, tracked: 2, files seen: 1
[06:09:10] [delta] тик 1345500, tracked: 2, files seen: 1
[06:09:14] [delta] тик 1345800, tracked: 2, files seen: 1
[06:09:17] [delta] тик 1346100, tracked: 2, files seen: 1
[06:09:20] [delta] тик 1346400, tracked: 2, files seen: 1
[06:09:23] [delta] тик 1346700, tracked: 2, files seen: 1
[06:09:26] [delta] тик 1347000, tracked: 2, files seen: 1
[06:09:29] [delta] тик 1347300, tracked: 2, files seen: 1
[06:09:32] [delta] тик 1347600, tracked: 2, files seen: 1
[06:09:35] [delta] тик 1347900, tracked: 2, files seen: 1
[06:09:38] [delta] тик 1348200, tracked: 2, files seen: 1
[06:09:41] [delta] тик 1348500, tracked: 2, files seen: 1
[06:09:45] [delta] тик 1348800, tracked: 2, files seen: 1
[06:09:48] [delta] тик 1349100, tracked: 2, files seen: 1
[06:09:51] [delta] тик 1349400, tracked: 2, files seen: 1
[06:09:54] [delta] тик 1349700, tracked: 2, files seen: 1
[06:09:57] [delta] тик 1350000, tracked: 2, files seen: 1
[06:10:00] [delta] тик 1350300, tracked: 2, files seen: 1
[06:10:03] [delta] тик 1350600, tracked: 2, files seen: 1
[06:10:06] [delta] тик 1350900, tracked: 2, files seen: 1
[06:10:09] [delta] тик 1351200, tracked: 2, files seen: 1
[06:10:12] [delta] тик 1351500, tracked: 2, files seen: 1
[06:10:15] [delta] тик 1351800, tracked: 2, files seen: 1
[06:10:19] [delta] тик 1352100, tracked: 2, files seen: 1
[06:10:22] [delta] тик 1352400, tracked: 2, files seen: 1
[06:10:25] [delta] тик 1352700, tracked: 2, files seen: 1
[06:10:28] [delta] тик 1353000, tracked: 2, files seen: 1
[06:10:31] [delta] тик 1353300, tracked: 2, files seen: 1
[06:10:34] [delta] тик 1353600, tracked: 2, files seen: 1
[06:10:37] [delta] тик 1353900, tracked: 2, files seen: 1
[06:10:40] [delta] тик 1354200, tracked: 2, files seen: 1
[06:10:43] [delta] тик 1354500, tracked: 2, files seen: 1
[06:10:46] [delta] тик 1354800, tracked: 2, files seen: 1
[06:10:50] [delta] тик 1355100, tracked: 2, files seen: 1
[06:10:53] [delta] тик 1355400, tracked: 2, files seen: 1
[06:10:56] [delta] тик 1355700, tracked: 2, files seen: 1
[06:10:59] [delta] тик 1356000, tracked: 2, files seen: 1
[06:11:02] [delta] тик 1356300, tracked: 2, files seen: 1
[06:11:05] [delta] тик 1356600, tracked: 2, files seen: 1
[06:11:08] [delta] тик 1356900, tracked: 2, files seen: 1
[06:11:11] [delta] тик 1357200, tracked: 2, files seen: 1
[06:11:14] [delta] тик 1357500, tracked: 2, files seen: 1
[06:11:17] [delta] тик 1357800, tracked: 2, files seen: 1
[06:11:21] [delta] тик 1358100, tracked: 2, files seen: 1
[06:11:24] [delta] тик 1358400, tracked: 1, files seen: 1
[06:11:27] [delta] тик 1358700, tracked: 2, files seen: 1
[06:11:30] [delta] тик 1359000, tracked: 2, files seen: 1
[06:11:33] [delta] тик 1359300, tracked: 2, files seen: 1
[06:11:36] [delta] тик 1359600, tracked: 2, files seen: 1
[06:11:39] [delta] тик 1359900, tracked: 2, files seen: 1
[06:11:42] [delta] тик 1360200, tracked: 2, files seen: 1
[06:11:45] [delta] тик 1360500, tracked: 2, files seen: 1
[06:11:48] [delta] тик 1360800, tracked: 2, files seen: 1
[06:11:51] [delta] тик 1361100, tracked: 2, files seen: 1
[06:11:55] [delta] тик 1361400, tracked: 2, files seen: 1
[06:11:58] [delta] тик 1361700, tracked: 2, files seen: 1
[06:12:01] [delta] тик 1362000, tracked: 2, files seen: 1
[06:12:04] [delta] тик 1362300, tracked: 2, files seen: 1
[06:12:07] [delta] тик 1362600, tracked: 2, files seen: 1
[06:12:10] [delta] тик 1362900, tracked: 2, files seen: 1
[06:12:13] [delta] тик 1363200, tracked: 2, files seen: 1
[06:12:16] [delta] тик 1363500, tracked: 2, files seen: 1
[06:12:19] [delta] тик 1363800, tracked: 2, files seen: 1
[06:12:22] [delta] тик 1364100, tracked: 1, files seen: 1
[06:12:26] [delta] тик 1364400, tracked: 2, files seen: 1
[06:12:29] [delta] тик 1364700, tracked: 2, files seen: 1
[06:12:32] [delta] тик 1365000, tracked: 2, files seen: 1
[06:12:35] [delta] тик 1365300, tracked: 2, files seen: 1
[06:12:38] [delta] тик 1365600, tracked: 2, files seen: 1
[06:12:41] [delta] тик 1365900, tracked: 2, files seen: 1
[06:12:44] [delta] тик 1366200, tracked: 2, files seen: 1
[06:12:47] [delta] тик 1366500, tracked: 2, files seen: 1
[06:12:50] [delta] тик 1366800, tracked: 2, files seen: 1
[06:12:53] [delta] тик 1367100, tracked: 2, files seen: 1
[06:12:57] [delta] тик 1367400, tracked: 2, files seen: 1
[06:13:00] [delta] тик 1367700, tracked: 2, files seen: 1
[06:13:03] [delta] тик 1368000, tracked: 2, files seen: 1
[06:13:06] [delta] тик 1368300, tracked: 2, files seen: 1
[06:13:09] [delta] тик 1368600, tracked: 2, files seen: 1
[06:13:12] [delta] тик 1368900, tracked: 2, files seen: 1
[06:13:15] [delta] тик 1369200, tracked: 2, files seen: 1
[06:13:18] [delta] тик 1369500, tracked: 2, files seen: 1
[06:13:21] [delta] тик 1369800, tracked: 2, files seen: 1
[06:13:24] [delta] тик 1370100, tracked: 2, files seen: 1
[06:13:28] [delta] тик 1370400, tracked: 2, files seen: 1
[06:13:31] [delta] тик 1370700, tracked: 2, files seen: 1
[06:13:34] [delta] тик 1371000, tracked: 2, files seen: 1
[06:13:37] [delta] тик 1371300, tracked: 2, files seen: 1
[06:13:40] [delta] тик 1371600, tracked: 2, files seen: 1
[06:13:43] [delta] тик 1371900, tracked: 2, files seen: 1
[06:13:46] [delta] тик 1372200, tracked: 2, files seen: 1
[06:13:49] [delta] тик 1372500, tracked: 2, files seen: 1
[06:13:52] [delta] тик 1372800, tracked: 2, files seen: 1
[06:13:55] [delta] тик 1373100, tracked: 2, files seen: 1
[06:13:59] [delta] тик 1373400, tracked: 2, files seen: 1
[06:14:02] [delta] тик 1373700, tracked: 2, files seen: 1
[06:14:05] [delta] тик 1374000, tracked: 2, files seen: 1
[06:14:08] [delta] тик 1374300, tracked: 2, files seen: 1
[06:14:11] [delta] тик 1374600, tracked: 2, files seen: 1
[06:14:14] [delta] тик 1374900, tracked: 2, files seen: 1
[06:14:17] [delta] тик 1375200, tracked: 2, files seen: 1
[06:14:20] [delta] тик 1375500, tracked: 2, files seen: 1
[06:14:23] [delta] тик 1375800, tracked: 2, files seen: 1
[06:14:26] [delta] тик 1376100, tracked: 2, files seen: 1
[06:14:30] [delta] тик 1376400, tracked: 2, files seen: 1
[06:14:33] [delta] тик 1376700, tracked: 2, files seen: 1
[06:14:36] [delta] тик 1377000, tracked: 2, files seen: 1
[06:14:39] [delta] тик 1377300, tracked: 2, files seen: 1
[06:14:42] [delta] тик 1377600, tracked: 2, files seen: 1
[06:14:45] [delta] тик 1377900, tracked: 2, files seen: 1
[06:14:48] [delta] тик 1378200, tracked: 2, files seen: 1
[06:14:51] [delta] тик 1378500, tracked: 2, files seen: 1
[06:14:54] [delta] тик 1378800, tracked: 2, files seen: 1
[06:14:58] [delta] тик 1379100, tracked: 2, files seen: 1
[06:15:01] [delta] тик 1379400, tracked: 2, files seen: 1
[06:15:04] [delta] тик 1379700, tracked: 2, files seen: 1
[06:15:07] [delta] тик 1380000, tracked: 1, files seen: 1
[06:15:10] [delta] тик 1380300, tracked: 2, files seen: 1
[06:15:13] [delta] тик 1380600, tracked: 2, files seen: 1
[06:15:16] [delta] тик 1380900, tracked: 2, files seen: 1
[06:15:19] [delta] тик 1381200, tracked: 2, files seen: 1
[06:15:22] [delta] тик 1381500, tracked: 2, files seen: 1
[06:15:25] [delta] тик 1381800, tracked: 2, files seen: 1
[06:15:28] [delta] тик 1382100, tracked: 2, files seen: 1
[06:15:32] [delta] тик 1382400, tracked: 2, files seen: 1
[06:15:35] [delta] тик 1382700, tracked: 2, files seen: 1
[06:15:38] [delta] тик 1383000, tracked: 2, files seen: 1
[06:15:41] [delta] тик 1383300, tracked: 2, files seen: 1
[06:15:44] [delta] тик 1383600, tracked: 2, files seen: 1
[06:15:47] [delta] тик 1383900, tracked: 2, files seen: 1
[06:15:50] [delta] тик 1384200, tracked: 2, files seen: 1
[06:15:53] [delta] тик 1384500, tracked: 2, files seen: 1
[06:15:56] [delta] тик 1384800, tracked: 2, files seen: 1
[06:15:59] [delta] тик 1385100, tracked: 2, files seen: 1
[06:16:03] [delta] тик 1385400, tracked: 2, files seen: 1
[06:16:06] [delta] тик 1385700, tracked: 2, files seen: 1
[06:16:09] [delta] тик 1386000, tracked: 2, files seen: 1
[06:16:12] [delta] тик 1386300, tracked: 2, files seen: 1
[06:16:15] [delta] тик 1386600, tracked: 2, files seen: 1
[06:16:18] [delta] тик 1386900, tracked: 2, files seen: 1
[06:16:21] [delta] тик 1387200, tracked: 2, files seen: 1
[06:16:24] [delta] тик 1387500, tracked: 2, files seen: 1
[06:16:28] [delta] тик 1387800, tracked: 2, files seen: 1
[06:16:31] [delta] тик 1388100, tracked: 2, files seen: 1
[06:16:34] [delta] тик 1388400, tracked: 2, files seen: 1
[06:16:37] [delta] тик 1388700, tracked: 2, files seen: 1
[06:16:40] [delta] тик 1389000, tracked: 2, files seen: 1
[06:16:43] [delta] тик 1389300, tracked: 2, files seen: 1
[06:16:46] [delta] тик 1389600, tracked: 2, files seen: 1
[06:16:50] [delta] тик 1389900, tracked: 2, files seen: 1
[06:16:53] [delta] тик 1390200, tracked: 2, files seen: 1
[06:16:56] [delta] тик 1390500, tracked: 2, files seen: 1
[06:16:59] [delta] тик 1390800, tracked: 2, files seen: 1
[06:17:02] [delta] тик 1391100, tracked: 2, files seen: 1
[06:17:05] [delta] тик 1391400, tracked: 2, files seen: 1
[06:17:08] [delta] тик 1391700, tracked: 2, files seen: 1
[06:17:11] [delta] тик 1392000, tracked: 2, files seen: 1
[06:17:14] [delta] тик 1392300, tracked: 2, files seen: 1
[06:17:17] [delta] тик 1392600, tracked: 2, files seen: 1
[06:17:21] [delta] тик 1392900, tracked: 2, files seen: 1
[06:17:24] [delta] тик 1393200, tracked: 2, files seen: 1
[06:17:27] [delta] тик 1393500, tracked: 2, files seen: 1
[06:17:30] [delta] тик 1393800, tracked: 2, files seen: 1
[06:17:33] [delta] тик 1394100, tracked: 2, files seen: 1
[06:17:36] [delta] тик 1394400, tracked: 2, files seen: 1
[06:17:39] [delta] тик 1394700, tracked: 2, files seen: 1
[06:17:42] [delta] тик 1395000, tracked: 2, files seen: 1
[06:17:45] [delta] тик 1395300, tracked: 2, files seen: 1
[06:17:48] [delta] тик 1395600, tracked: 2, files seen: 1
[06:17:52] [delta] тик 1395900, tracked: 2, files seen: 1
[06:17:55] [delta] тик 1396200, tracked: 2, files seen: 1
[06:17:58] [delta] тик 1396500, tracked: 2, files seen: 1
[06:18:01] [delta] тик 1396800, tracked: 2, files seen: 1
[06:18:04] [delta] тик 1397100, tracked: 2, files seen: 1
[06:18:07] [delta] тик 1397400, tracked: 2, files seen: 1
[06:18:10] [delta] тик 1397700, tracked: 2, files seen: 1
[06:18:13] [delta] тик 1398000, tracked: 2, files seen: 1
[06:18:16] [delta] тик 1398300, tracked: 2, files seen: 1
[06:18:19] [delta] тик 1398600, tracked: 2, files seen: 1
[06:18:23] [delta] тик 1398900, tracked: 2, files seen: 1
[06:18:26] [delta] тик 1399200, tracked: 2, files seen: 1
[06:18:29] [delta] тик 1399500, tracked: 2, files seen: 1
[06:18:32] [delta] тик 1399800, tracked: 2, files seen: 1
[06:18:35] [delta] тик 1400100, tracked: 2, files seen: 1
[06:18:38] [delta] тик 1400400, tracked: 2, files seen: 1
[06:18:41] [delta] тик 1400700, tracked: 2, files seen: 1
[06:18:44] [delta] тик 1401000, tracked: 2, files seen: 1
[06:18:47] [delta] тик 1401300, tracked: 2, files seen: 1
[06:18:50] [delta] тик 1401600, tracked: 2, files seen: 1
[06:18:54] [delta] тик 1401900, tracked: 2, files seen: 1
[06:18:57] [delta] тик 1402200, tracked: 2, files seen: 1
[06:19:00] [delta] тик 1402500, tracked: 2, files seen: 1
[06:19:03] [delta] тик 1402800, tracked: 2, files seen: 1
[06:19:06] [delta] тик 1403100, tracked: 2, files seen: 1
[06:19:09] [delta] тик 1403400, tracked: 2, files seen: 1
[06:19:12] [delta] тик 1403700, tracked: 2, files seen: 1
[06:19:15] [delta] тик 1404000, tracked: 2, files seen: 1
[06:19:18] [delta] тик 1404300, tracked: 2, files seen: 1
[06:19:22] [delta] тик 1404600, tracked: 2, files seen: 1
[06:19:25] [delta] тик 1404900, tracked: 2, files seen: 1
[06:19:28] [delta] тик 1405200, tracked: 2, files seen: 1
[06:19:31] [delta] тик 1405500, tracked: 2, files seen: 1
[06:19:34] [delta] тик 1405800, tracked: 2, files seen: 1
[06:19:37] [delta] тик 1406100, tracked: 2, files seen: 1
[06:19:40] [delta] тик 1406400, tracked: 2, files seen: 1
[06:19:43] [delta] тик 1406700, tracked: 2, files seen: 1
[06:19:46] [delta] тик 1407000, tracked: 2, files seen: 1
[06:19:49] [delta] тик 1407300, tracked: 2, files seen: 1
[06:19:53] [delta] тик 1407600, tracked: 2, files seen: 1
[06:19:56] [delta] тик 1407900, tracked: 2, files seen: 1
[06:19:59] [delta] тик 1408200, tracked: 2, files seen: 1
[06:20:02] [delta] тик 1408500, tracked: 2, files seen: 1
[06:20:05] [delta] тик 1408800, tracked: 2, files seen: 1
[06:20:08] [delta] тик 1409100, tracked: 2, files seen: 1
[06:20:11] [delta] тик 1409400, tracked: 2, files seen: 1
[06:20:14] [delta] тик 1409700, tracked: 2, files seen: 1
[06:20:17] [delta] тик 1410000, tracked: 2, files seen: 1
[06:20:20] [delta] тик 1410300, tracked: 2, files seen: 1
[06:20:24] [delta] тик 1410600, tracked: 2, files seen: 1
[06:20:27] [delta] тик 1410900, tracked: 2, files seen: 1
[06:20:30] [delta] тик 1411200, tracked: 2, files seen: 1
[06:20:33] [delta] тик 1411500, tracked: 2, files seen: 1
[06:20:36] [delta] тик 1411800, tracked: 2, files seen: 1
[06:20:39] [delta] тик 1412100, tracked: 2, files seen: 1
[06:20:42] [delta] тик 1412400, tracked: 2, files seen: 1
[06:20:45] [delta] тик 1412700, tracked: 2, files seen: 1
[06:20:48] [delta] тик 1413000, tracked: 1, files seen: 1
[06:20:51] [delta] тик 1413300, tracked: 2, files seen: 1
[06:20:55] [delta] тик 1413600, tracked: 2, files seen: 1
[06:20:58] [delta] тик 1413900, tracked: 2, files seen: 1
[06:21:01] [delta] тик 1414200, tracked: 2, files seen: 1
[06:21:04] [delta] тик 1414500, tracked: 2, files seen: 1
[06:21:07] [delta] тик 1414800, tracked: 2, files seen: 1
[06:21:10] [delta] тик 1415100, tracked: 2, files seen: 1
[06:21:13] [delta] тик 1415400, tracked: 2, files seen: 1
[06:21:16] [delta] тик 1415700, tracked: 2, files seen: 1
[06:21:19] [delta] тик 1416000, tracked: 2, files seen: 1
[06:21:22] [delta] тик 1416300, tracked: 2, files seen: 1
[06:21:26] [delta] тик 1416600, tracked: 2, files seen: 1
[06:21:29] [delta] тик 1416900, tracked: 2, files seen: 1
[06:21:32] [delta] тик 1417200, tracked: 2, files seen: 1
[06:21:35] [delta] тик 1417500, tracked: 2, files seen: 1
[06:21:38] [delta] тик 1417800, tracked: 2, files seen: 1
[06:21:41] [delta] тик 1418100, tracked: 2, files seen: 1
[06:21:44] [delta] тик 1418400, tracked: 2, files seen: 1
[06:21:47] [delta] тик 1418700, tracked: 2, files seen: 1
[06:21:50] [delta] тик 1419000, tracked: 2, files seen: 1
[06:21:53] [delta] тик 1419300, tracked: 2, files seen: 1
[06:21:57] [delta] тик 1419600, tracked: 2, files seen: 1
[06:22:00] [delta] тик 1419900, tracked: 2, files seen: 1
[06:22:03] [delta] тик 1420200, tracked: 2, files seen: 1
[06:22:06] [delta] тик 1420500, tracked: 2, files seen: 1
[06:22:09] [delta] тик 1420800, tracked: 2, files seen: 1
[06:22:12] [delta] тик 1421100, tracked: 2, files seen: 1
[06:22:15] [delta] тик 1421400, tracked: 2, files seen: 1
[06:22:18] [delta] тик 1421700, tracked: 2, files seen: 1
[06:22:21] [delta] тик 1422000, tracked: 2, files seen: 1
[06:22:25] [delta] тик 1422300, tracked: 2, files seen: 1
[06:22:28] [delta] тик 1422600, tracked: 2, files seen: 1
[06:22:31] [delta] тик 1422900, tracked: 2, files seen: 1
[06:22:34] [delta] тик 1423200, tracked: 1, files seen: 1
[06:22:37] [delta] тик 1423500, tracked: 2, files seen: 1
[06:22:40] [delta] тик 1423800, tracked: 2, files seen: 1
[06:22:43] [delta] тик 1424100, tracked: 2, files seen: 1
[06:22:46] [delta] тик 1424400, tracked: 2, files seen: 1
[06:22:49] [delta] тик 1424700, tracked: 2, files seen: 1
[06:22:52] [delta] тик 1425000, tracked: 2, files seen: 1
[06:22:56] [delta] тик 1425300, tracked: 2, files seen: 1
[06:22:59] [delta] тик 1425600, tracked: 2, files seen: 1
[06:23:02] [delta] тик 1425900, tracked: 2, files seen: 1
[06:23:05] [delta] тик 1426200, tracked: 2, files seen: 1
[06:23:08] [delta] тик 1426500, tracked: 2, files seen: 1
[06:23:11] [delta] тик 1426800, tracked: 2, files seen: 1
[06:23:14] [delta] тик 1427100, tracked: 2, files seen: 1
[06:23:18] [delta] тик 1427400, tracked: 2, files seen: 1
[06:23:21] [delta] тик 1427700, tracked: 2, files seen: 1
[06:23:24] [delta] тик 1428000, tracked: 2, files seen: 1
[06:23:27] [delta] тик 1428300, tracked: 2, files seen: 1
[06:23:30] [delta] тик 1428600, tracked: 2, files seen: 1
[06:23:33] [delta] тик 1428900, tracked: 2, files seen: 1
[06:23:36] [delta] тик 1429200, tracked: 2, files seen: 1
[06:23:39] [delta] тик 1429500, tracked: 2, files seen: 1
[06:23:43] [delta] тик 1429800, tracked: 2, files seen: 1
[06:23:46] [delta] тик 1430100, tracked: 2, files seen: 1
[06:23:49] [delta] тик 1430400, tracked: 2, files seen: 1
[06:23:52] [delta] тик 1430700, tracked: 2, files seen: 1
[06:23:55] [delta] тик 1431000, tracked: 2, files seen: 1
[06:23:58] [delta] тик 1431300, tracked: 2, files seen: 1
[06:24:01] [delta] тик 1431600, tracked: 2, files seen: 1
[06:24:04] [delta] тик 1431900, tracked: 2, files seen: 1
[06:24:07] [delta] тик 1432200, tracked: 2, files seen: 1
[06:24:10] [delta] тик 1432500, tracked: 2, files seen: 1
[06:24:14] [delta] тик 1432800, tracked: 2, files seen: 1
[06:24:17] [delta] тик 1433100, tracked: 2, files seen: 1
[06:24:20] [delta] тик 1433400, tracked: 2, files seen: 1
[06:24:23] [delta] тик 1433700, tracked: 2, files seen: 1
[06:24:26] [delta] тик 1434000, tracked: 2, files seen: 1
[06:24:29] [delta] тик 1434300, tracked: 2, files seen: 1
[06:24:32] [delta] тик 1434600, tracked: 2, files seen: 1
[06:24:35] [delta] тик 1434900, tracked: 2, files seen: 1
[06:24:38] [delta] тик 1435200, tracked: 2, files seen: 1
[06:24:41] [delta] тик 1435500, tracked: 2, files seen: 1
[06:24:45] [delta] тик 1435800, tracked: 2, files seen: 1
[06:24:48] [delta] тик 1436100, tracked: 2, files seen: 1
[06:24:51] [delta] тик 1436400, tracked: 2, files seen: 1
[06:24:54] [delta] тик 1436700, tracked: 2, files seen: 1
[06:24:57] [delta] тик 1437000, tracked: 2, files seen: 1
[06:25:00] [delta] тик 1437300, tracked: 2, files seen: 1
[06:25:03] [delta] тик 1437600, tracked: 2, files seen: 1
[06:25:06] [delta] тик 1437900, tracked: 2, files seen: 1
[06:25:09] [delta] тик 1438200, tracked: 2, files seen: 1
[06:25:12] [delta] тик 1438500, tracked: 2, files seen: 1
[06:25:16] [delta] тик 1438800, tracked: 2, files seen: 1
[06:25:19] [delta] тик 1439100, tracked: 2, files seen: 1
[06:25:22] [delta] тик 1439400, tracked: 2, files seen: 1
[06:25:25] [delta] тик 1439700, tracked: 2, files seen: 1
[06:25:28] [delta] тик 1440000, tracked: 2, files seen: 1
[06:25:31] [delta] тик 1440300, tracked: 2, files seen: 1
[06:25:34] [delta] тик 1440600, tracked: 2, files seen: 1
[06:25:37] [delta] тик 1440900, tracked: 2, files seen: 1
[06:25:40] [delta] тик 1441200, tracked: 2, files seen: 1
[06:25:43] [delta] тик 1441500, tracked: 2, files seen: 1
[06:25:47] [delta] тик 1441800, tracked: 2, files seen: 1
[06:25:50] [delta] тик 1442100, tracked: 2, files seen: 1
[06:25:53] [delta] тик 1442400, tracked: 2, files seen: 1
[06:25:56] [delta] тик 1442700, tracked: 2, files seen: 1
[06:25:59] [delta] тик 1443000, tracked: 2, files seen: 1
[06:26:02] [delta] тик 1443300, tracked: 2, files seen: 1
[06:26:05] [delta] тик 1443600, tracked: 2, files seen: 1
[06:26:08] [delta] тик 1443900, tracked: 2, files seen: 1
[06:26:11] [delta] тик 1444200, tracked: 2, files seen: 1
[06:26:14] [delta] тик 1444500, tracked: 2, files seen: 1
[06:26:18] [delta] тик 1444800, tracked: 2, files seen: 1
[06:26:21] [delta] тик 1445100, tracked: 2, files seen: 1
[06:26:24] [delta] тик 1445400, tracked: 2, files seen: 1
[06:26:27] [delta] тик 1445700, tracked: 2, files seen: 1
[06:26:30] [delta] тик 1446000, tracked: 2, files seen: 1
[06:26:33] [delta] тик 1446300, tracked: 2, files seen: 1
[06:26:36] [delta] тик 1446600, tracked: 2, files seen: 1
[06:26:39] [delta] тик 1446900, tracked: 2, files seen: 1
[06:26:42] [delta] тик 1447200, tracked: 2, files seen: 1
[06:26:45] [delta] тик 1447500, tracked: 2, files seen: 1
[06:26:48] [delta] тик 1447800, tracked: 2, files seen: 1
[06:26:52] [delta] тик 1448100, tracked: 2, files seen: 1
[06:26:55] [delta] тик 1448400, tracked: 2, files seen: 1
[06:26:58] [delta] тик 1448700, tracked: 2, files seen: 1
[06:27:01] [delta] тик 1449000, tracked: 2, files seen: 1
[06:27:04] [delta] тик 1449300, tracked: 2, files seen: 1
[06:27:07] [delta] тик 1449600, tracked: 2, files seen: 1
[06:27:10] [delta] тик 1449900, tracked: 2, files seen: 1
[06:27:13] [delta] тик 1450200, tracked: 2, files seen: 1
[06:27:16] [delta] тик 1450500, tracked: 2, files seen: 1
[06:27:20] [delta] тик 1450800, tracked: 2, files seen: 1
[06:27:23] [delta] тик 1451100, tracked: 2, files seen: 1
[06:27:26] [delta] тик 1451400, tracked: 2, files seen: 1
[06:27:29] [delta] тик 1451700, tracked: 2, files seen: 1
[06:27:32] [delta] тик 1452000, tracked: 2, files seen: 1
[06:27:35] [delta] тик 1452300, tracked: 2, files seen: 1
[06:27:38] [delta] тик 1452600, tracked: 2, files seen: 1
[06:27:41] [delta] тик 1452900, tracked: 2, files seen: 1
[06:27:44] [delta] тик 1453200, tracked: 2, files seen: 1
[06:27:47] [delta] тик 1453500, tracked: 2, files seen: 1
[06:27:51] [delta] тик 1453800, tracked: 2, files seen: 1
[06:27:54] [delta] тик 1454100, tracked: 2, files seen: 1
[06:27:57] [delta] тик 1454400, tracked: 2, files seen: 1
[06:28:00] [delta] тик 1454700, tracked: 2, files seen: 1
[06:28:03] [delta] тик 1455000, tracked: 2, files seen: 1
[06:28:06] [delta] тик 1455300, tracked: 2, files seen: 1
[06:28:09] [delta] тик 1455600, tracked: 2, files seen: 1
[06:28:12] [delta] тик 1455900, tracked: 2, files seen: 1
[06:28:15] [delta] тик 1456200, tracked: 2, files seen: 1
[06:28:18] [delta] тик 1456500, tracked: 2, files seen: 1
[06:28:22] [delta] тик 1456800, tracked: 2, files seen: 1
[06:28:25] [delta] тик 1457100, tracked: 2, files seen: 1
[06:28:28] [delta] тик 1457400, tracked: 2, files seen: 1
[06:28:31] [delta] тик 1457700, tracked: 2, files seen: 1
[06:28:34] [delta] тик 1458000, tracked: 2, files seen: 1
[06:28:37] [delta] тик 1458300, tracked: 2, files seen: 1
[06:28:40] [delta] тик 1458600, tracked: 2, files seen: 1
[06:28:43] [delta] тик 1458900, tracked: 2, files seen: 1
[06:28:46] [delta] тик 1459200, tracked: 2, files seen: 1
[06:28:49] [delta] тик 1459500, tracked: 2, files seen: 1
[06:28:53] [delta] тик 1459800, tracked: 2, files seen: 1
[06:28:56] [delta] тик 1460100, tracked: 2, files seen: 1
[06:28:59] [delta] тик 1460400, tracked: 2, files seen: 1
[06:29:02] [delta] тик 1460700, tracked: 2, files seen: 1
[06:29:05] [delta] тик 1461000, tracked: 2, files seen: 1
[06:29:08] [delta] тик 1461300, tracked: 2, files seen: 1
[06:29:11] [delta] тик 1461600, tracked: 2, files seen: 1
[06:29:14] [delta] тик 1461900, tracked: 2, files seen: 1
[06:29:17] [delta] тик 1462200, tracked: 2, files seen: 1
[06:29:21] [delta] тик 1462500, tracked: 2, files seen: 1
[06:29:24] [delta] тик 1462800, tracked: 2, files seen: 1
[06:29:27] [delta] тик 1463100, tracked: 2, files seen: 1
[06:29:30] [delta] тик 1463400, tracked: 2, files seen: 1
[06:29:33] [delta] тик 1463700, tracked: 2, files seen: 1
[06:29:36] [delta] тик 1464000, tracked: 2, files seen: 1
[06:29:39] [delta] тик 1464300, tracked: 2, files seen: 1
[06:29:42] [delta] тик 1464600, tracked: 2, files seen: 1
[06:29:45] [delta] тик 1464900, tracked: 2, files seen: 1
[06:29:48] [delta] тик 1465200, tracked: 2, files seen: 1
[06:29:52] [delta] тик 1465500, tracked: 2, files seen: 1
[06:29:55] [delta] тик 1465800, tracked: 1, files seen: 1
[06:29:58] [delta] тик 1466100, tracked: 2, files seen: 1
[06:30:01] [delta] тик 1466400, tracked: 2, files seen: 1
[06:30:04] [delta] тик 1466700, tracked: 2, files seen: 1
[06:30:07] [delta] тик 1467000, tracked: 2, files seen: 1
[06:30:10] [delta] тик 1467300, tracked: 2, files seen: 1
[06:30:13] [delta] тик 1467600, tracked: 2, files seen: 1
[06:30:16] [delta] тик 1467900, tracked: 2, files seen: 1
[06:30:19] [delta] тик 1468200, tracked: 2, files seen: 1
[06:30:23] [delta] тик 1468500, tracked: 2, files seen: 1
[06:30:26] [delta] тик 1468800, tracked: 2, files seen: 1
[06:30:29] [delta] тик 1469100, tracked: 2, files seen: 1
[06:30:32] [delta] тик 1469400, tracked: 2, files seen: 1
[06:30:35] [delta] тик 1469700, tracked: 2, files seen: 1
[06:30:38] [delta] тик 1470000, tracked: 2, files seen: 1
[06:30:41] [delta] тик 1470300, tracked: 2, files seen: 1
[06:30:44] [delta] тик 1470600, tracked: 2, files seen: 1
[06:30:47] [delta] тик 1470900, tracked: 1, files seen: 1
[06:30:50] [delta] тик 1471200, tracked: 2, files seen: 1
[06:30:54] [delta] тик 1471500, tracked: 2, files seen: 1
[06:30:57] [delta] тик 1471800, tracked: 2, files seen: 1
[06:31:00] [delta] тик 1472100, tracked: 2, files seen: 1
[06:31:03] [delta] тик 1472400, tracked: 2, files seen: 1
[06:31:06] [delta] тик 1472700, tracked: 2, files seen: 1
[06:31:09] [delta] тик 1473000, tracked: 2, files seen: 1
[06:31:12] [delta] тик 1473300, tracked: 2, files seen: 1
[06:31:15] [delta] тик 1473600, tracked: 2, files seen: 1
[06:31:18] [delta] тик 1473900, tracked: 2, files seen: 1
[06:31:21] [delta] тик 1474200, tracked: 2, files seen: 1
[06:31:25] [delta] тик 1474500, tracked: 2, files seen: 1
[06:31:28] [delta] тик 1474800, tracked: 2, files seen: 1
[06:31:31] [delta] тик 1475100, tracked: 2, files seen: 1
[06:31:34] [delta] тик 1475400, tracked: 2, files seen: 1
[06:31:37] [delta] тик 1475700, tracked: 2, files seen: 1
[06:31:40] [delta] тик 1476000, tracked: 1, files seen: 1
[06:31:43] [delta] тик 1476300, tracked: 2, files seen: 1
[06:31:46] [delta] тик 1476600, tracked: 2, files seen: 1
[06:31:49] [delta] тик 1476900, tracked: 2, files seen: 1
[06:31:52] [delta] тик 1477200, tracked: 2, files seen: 1
[06:31:56] [delta] тик 1477500, tracked: 2, files seen: 1
[06:31:59] [delta] тик 1477800, tracked: 2, files seen: 1
[06:32:02] [delta] тик 1478100, tracked: 2, files seen: 1
[06:32:05] [delta] тик 1478400, tracked: 2, files seen: 1
[06:32:08] [delta] тик 1478700, tracked: 2, files seen: 1
[06:32:11] [delta] тик 1479000, tracked: 2, files seen: 1
[06:32:14] [delta] тик 1479300, tracked: 2, files seen: 1
[06:32:17] [delta] тик 1479600, tracked: 2, files seen: 1
[06:32:20] [delta] тик 1479900, tracked: 2, files seen: 1
[06:32:23] [delta] тик 1480200, tracked: 2, files seen: 1
[06:32:27] [delta] тик 1480500, tracked: 2, files seen: 1
[06:32:30] [delta] тик 1480800, tracked: 2, files seen: 1
[06:32:33] [delta] тик 1481100, tracked: 2, files seen: 1
[06:32:36] [delta] тик 1481400, tracked: 2, files seen: 1
[06:32:39] [delta] тик 1481700, tracked: 2, files seen: 1
[06:32:42] [delta] тик 1482000, tracked: 2, files seen: 1
[06:32:45] [delta] тик 1482300, tracked: 2, files seen: 1
[06:32:48] [delta] тик 1482600, tracked: 2, files seen: 1
[06:32:51] [delta] тик 1482900, tracked: 2, files seen: 1
[06:32:54] [delta] тик 1483200, tracked: 2, files seen: 1
[06:32:58] [delta] тик 1483500, tracked: 2, files seen: 1
[06:33:01] [delta] тик 1483800, tracked: 2, files seen: 1
[06:33:04] [delta] тик 1484100, tracked: 2, files seen: 1
[06:33:07] [delta] тик 1484400, tracked: 2, files seen: 1
[06:33:10] [delta] тик 1484700, tracked: 2, files seen: 1
[06:33:13] [delta] тик 1485000, tracked: 2, files seen: 1
[06:33:16] [delta] тик 1485300, tracked: 2, files seen: 1
[06:33:19] [delta] тик 1485600, tracked: 2, files seen: 1
[06:33:22] [delta] тик 1485900, tracked: 2, files seen: 1
[06:33:25] [delta] тик 1486200, tracked: 2, files seen: 1
[06:33:29] [delta] тик 1486500, tracked: 2, files seen: 1
[06:33:32] [delta] тик 1486800, tracked: 2, files seen: 1
[06:33:35] [delta] тик 1487100, tracked: 2, files seen: 1
[06:33:38] [delta] тик 1487400, tracked: 2, files seen: 1
[06:33:41] [delta] тик 1487700, tracked: 2, files seen: 1
[06:33:44] [delta] тик 1488000, tracked: 2, files seen: 1
[06:33:47] [delta] тик 1488300, tracked: 2, files seen: 1
[06:33:50] [delta] тик 1488600, tracked: 2, files seen: 1
[06:33:53] [delta] тик 1488900, tracked: 2, files seen: 1
[06:33:56] [delta] тик 1489200, tracked: 2, files seen: 1
[06:34:00] [delta] тик 1489500, tracked: 2, files seen: 1
[06:34:03] [delta] тик 1489800, tracked: 2, files seen: 1
[06:34:06] [delta] тик 1490100, tracked: 2, files seen: 1
[06:34:09] [delta] тик 1490400, tracked: 2, files seen: 1
[06:34:12] [delta] тик 1490700, tracked: 2, files seen: 1
[06:34:15] [delta] тик 1491000, tracked: 2, files seen: 1
[06:34:18] [delta] тик 1491300, tracked: 2, files seen: 1
[06:34:21] [delta] тик 1491600, tracked: 2, files seen: 1
[06:34:24] [delta] тик 1491900, tracked: 2, files seen: 1
[06:34:27] [delta] тик 1492200, tracked: 2, files seen: 1
[06:34:31] [delta] тик 1492500, tracked: 2, files seen: 1
[06:34:34] [delta] тик 1492800, tracked: 2, files seen: 1
[06:34:37] [delta] тик 1493100, tracked: 1, files seen: 1
[06:34:40] [delta] тик 1493400, tracked: 2, files seen: 1
[06:34:43] [delta] тик 1493700, tracked: 2, files seen: 1
[06:34:46] [delta] тик 1494000, tracked: 2, files seen: 1
[06:34:49] [delta] тик 1494300, tracked: 2, files seen: 1
[06:34:52] [delta] тик 1494600, tracked: 2, files seen: 1
[06:34:55] [delta] тик 1494900, tracked: 2, files seen: 1
[06:34:58] [delta] тик 1495200, tracked: 2, files seen: 1
[06:35:02] [delta] тик 1495500, tracked: 2, files seen: 1
[06:35:05] [delta] тик 1495800, tracked: 2, files seen: 1
[06:35:08] [delta] тик 1496100, tracked: 2, files seen: 1
[06:35:11] [delta] тик 1496400, tracked: 2, files seen: 1
[06:35:14] [delta] тик 1496700, tracked: 2, files seen: 1
[06:35:17] [delta] тик 1497000, tracked: 2, files seen: 1
[06:35:20] [delta] тик 1497300, tracked: 2, files seen: 1
[06:35:23] [delta] тик 1497600, tracked: 2, files seen: 1
[06:35:26] [delta] тик 1497900, tracked: 2, files seen: 1
[06:35:29] [delta] тик 1498200, tracked: 2, files seen: 1
[06:35:33] [delta] тик 1498500, tracked: 2, files seen: 1
[06:35:36] [delta] тик 1498800, tracked: 2, files seen: 1
[06:35:39] [delta] тик 1499100, tracked: 2, files seen: 1
[06:35:42] [delta] тик 1499400, tracked: 2, files seen: 1
[06:35:45] [delta] тик 1499700, tracked: 2, files seen: 1
[06:35:48] [delta] тик 1500000, tracked: 2, files seen: 1
[06:35:51] [delta] тик 1500300, tracked: 2, files seen: 1
[06:35:54] [delta] тик 1500600, tracked: 2, files seen: 1
[06:35:57] [delta] тик 1500900, tracked: 2, files seen: 1
[06:36:00] [delta] тик 1501200, tracked: 2, files seen: 1
[06:36:04] [delta] тик 1501500, tracked: 2, files seen: 1
[06:36:07] [delta] тик 1501800, tracked: 2, files seen: 1
[06:36:10] [delta] тик 1502100, tracked: 2, files seen: 1
[06:36:13] [delta] тик 1502400, tracked: 2, files seen: 1
[06:36:16] [delta] тик 1502700, tracked: 2, files seen: 1
[06:36:19] [delta] тик 1503000, tracked: 2, files seen: 1
[06:36:22] [delta] тик 1503300, tracked: 2, files seen: 1
[06:36:25] [delta] тик 1503600, tracked: 2, files seen: 1
[06:36:28] [delta] тик 1503900, tracked: 2, files seen: 1
[06:36:31] [delta] тик 1504200, tracked: 2, files seen: 1
[06:36:35] [delta] тик 1504500, tracked: 2, files seen: 1
[06:36:38] [delta] тик 1504800, tracked: 2, files seen: 1
[06:36:41] [delta] тик 1505100, tracked: 2, files seen: 1
[06:36:44] [delta] тик 1505400, tracked: 2, files seen: 1
[06:36:47] [delta] тик 1505700, tracked: 2, files seen: 1
[06:36:50] [delta] тик 1506000, tracked: 2, files seen: 1
[06:36:53] [delta] тик 1506300, tracked: 2, files seen: 1
[06:36:56] [delta] тик 1506600, tracked: 2, files seen: 1
[06:36:59] [delta] тик 1506900, tracked: 2, files seen: 1
[06:37:02] [delta] тик 1507200, tracked: 2, files seen: 1
[06:37:06] [delta] тик 1507500, tracked: 2, files seen: 1
[06:37:09] [delta] тик 1507800, tracked: 2, files seen: 1
[06:37:12] [delta] тик 1508100, tracked: 2, files seen: 1
[06:37:15] [delta] тик 1508400, tracked: 2, files seen: 1
[06:37:18] [delta] тик 1508700, tracked: 2, files seen: 1
[06:37:21] [delta] тик 1509000, tracked: 1, files seen: 1
[06:37:24] [delta] тик 1509300, tracked: 2, files seen: 1
[06:37:27] [delta] тик 1509600, tracked: 2, files seen: 1
[06:37:30] [delta] тик 1509900, tracked: 2, files seen: 1
[06:37:33] [delta] тик 1510200, tracked: 2, files seen: 1
[06:37:37] [delta] тик 1510500, tracked: 2, files seen: 1
[06:37:40] [delta] тик 1510800, tracked: 2, files seen: 1
[06:37:43] [delta] тик 1511100, tracked: 2, files seen: 1
[06:37:46] [delta] тик 1511400, tracked: 2, files seen: 1
[06:37:49] [delta] тик 1511700, tracked: 2, files seen: 1
[06:37:52] [delta] тик 1512000, tracked: 2, files seen: 1
[06:37:55] [delta] тик 1512300, tracked: 2, files seen: 1
[06:37:58] [delta] тик 1512600, tracked: 2, files seen: 1
[06:38:01] [delta] тик 1512900, tracked: 2, files seen: 1
[06:38:04] [delta] тик 1513200, tracked: 2, files seen: 1
[06:38:08] [delta] тик 1513500, tracked: 2, files seen: 1
[06:38:11] [delta] тик 1513800, tracked: 2, files seen: 1
[06:38:14] [delta] тик 1514100, tracked: 2, files seen: 1
[06:38:17] [delta] тик 1514400, tracked: 2, files seen: 1
[06:38:20] [delta] тик 1514700, tracked: 2, files seen: 1
[06:38:23] [delta] тик 1515000, tracked: 2, files seen: 1
[06:38:26] [delta] тик 1515300, tracked: 2, files seen: 1
[06:38:29] [delta] тик 1515600, tracked: 2, files seen: 1
[06:38:32] [delta] тик 1515900, tracked: 2, files seen: 1
[06:38:35] [delta] тик 1516200, tracked: 2, files seen: 1
[06:38:39] [delta] тик 1516500, tracked: 2, files seen: 1
[06:38:42] [delta] тик 1516800, tracked: 2, files seen: 1
[06:38:45] [delta] тик 1517100, tracked: 2, files seen: 1
[06:38:48] [delta] тик 1517400, tracked: 2, files seen: 1
[06:38:51] [delta] тик 1517700, tracked: 2, files seen: 1
[06:38:54] [delta] тик 1518000, tracked: 2, files seen: 1
[06:38:57] [delta] тик 1518300, tracked: 2, files seen: 1
[06:39:00] [delta] тик 1518600, tracked: 2, files seen: 1
[06:39:03] [delta] тик 1518900, tracked: 2, files seen: 1
[06:39:06] [delta] тик 1519200, tracked: 2, files seen: 1
[06:39:10] [delta] тик 1519500, tracked: 2, files seen: 1
[06:39:13] [delta] тик 1519800, tracked: 2, files seen: 1
[06:39:16] [delta] тик 1520100, tracked: 2, files seen: 1
[06:39:19] [delta] тик 1520400, tracked: 2, files seen: 1
[06:39:22] [delta] тик 1520700, tracked: 2, files seen: 1
[06:39:25] [delta] тик 1521000, tracked: 2, files seen: 1
[06:39:28] [delta] тик 1521300, tracked: 2, files seen: 1
[06:39:31] [delta] тик 1521600, tracked: 2, files seen: 1
[06:39:34] [delta] тик 1521900, tracked: 2, files seen: 1
[06:39:38] [delta] тик 1522200, tracked: 2, files seen: 1
[06:39:41] [delta] тик 1522500, tracked: 2, files seen: 1
[06:39:44] [delta] тик 1522800, tracked: 2, files seen: 1
[06:39:47] [delta] тик 1523100, tracked: 2, files seen: 1
[06:39:50] [delta] тик 1523400, tracked: 2, files seen: 1
[06:39:53] [delta] тик 1523700, tracked: 2, files seen: 1
[06:39:56] [delta] тик 1524000, tracked: 2, files seen: 1
[06:39:59] [delta] тик 1524300, tracked: 2, files seen: 1
[06:40:02] [delta] тик 1524600, tracked: 2, files seen: 1
[06:40:05] [delta] тик 1524900, tracked: 2, files seen: 1
[06:40:09] [delta] тик 1525200, tracked: 2, files seen: 1
[06:40:12] [delta] тик 1525500, tracked: 2, files seen: 1
[06:40:15] [delta] тик 1525800, tracked: 2, files seen: 1
[06:40:18] [delta] тик 1526100, tracked: 2, files seen: 1
[06:40:21] [delta] тик 1526400, tracked: 2, files seen: 1
[06:40:24] [delta] тик 1526700, tracked: 2, files seen: 1
[06:40:27] [delta] тик 1527000, tracked: 2, files seen: 1
[06:40:30] [delta] тик 1527300, tracked: 2, files seen: 1
[06:40:33] [delta] тик 1527600, tracked: 2, files seen: 1
[06:40:36] [delta] тик 1527900, tracked: 2, files seen: 1
[06:40:39] [delta] тик 1528200, tracked: 2, files seen: 1
[06:40:43] [delta] тик 1528500, tracked: 2, files seen: 1
[06:40:46] [delta] тик 1528800, tracked: 2, files seen: 1
[06:40:49] [delta] тик 1529100, tracked: 2, files seen: 1
[06:40:52] [delta] тик 1529400, tracked: 2, files seen: 1
[06:40:55] [delta] тик 1529700, tracked: 2, files seen: 1
[06:40:58] [delta] тик 1530000, tracked: 2, files seen: 1
[06:41:01] [delta] тик 1530300, tracked: 2, files seen: 1
[06:41:04] [delta] тик 1530600, tracked: 2, files seen: 1
[06:41:07] [delta] тик 1530900, tracked: 2, files seen: 1
[06:41:10] [delta] тик 1531200, tracked: 2, files seen: 1
[06:41:14] [delta] тик 1531500, tracked: 2, files seen: 1
[06:41:17] [delta] тик 1531800, tracked: 2, files seen: 1
[06:41:20] [delta] тик 1532100, tracked: 2, files seen: 1
[06:41:23] [delta] тик 1532400, tracked: 2, files seen: 1
[06:41:26] [delta] тик 1532700, tracked: 2, files seen: 1
[06:41:29] [delta] тик 1533000, tracked: 2, files seen: 1
[06:41:32] [delta] тик 1533300, tracked: 2, files seen: 1
[06:41:35] [delta] тик 1533600, tracked: 2, files seen: 1
[06:41:38] [delta] тик 1533900, tracked: 2, files seen: 1
[06:41:42] [delta] тик 1534200, tracked: 2, files seen: 1
[06:41:45] [delta] тик 1534500, tracked: 2, files seen: 1
[06:41:48] [delta] тик 1534800, tracked: 2, files seen: 1
[06:41:51] [delta] тик 1535100, tracked: 2, files seen: 1
[06:41:54] [delta] тик 1535400, tracked: 2, files seen: 1
[06:41:57] [delta] тик 1535700, tracked: 2, files seen: 1
[06:42:00] [delta] тик 1536000, tracked: 2, files seen: 1
[06:42:03] [delta] тик 1536300, tracked: 2, files seen: 1
[06:42:06] [delta] тик 1536600, tracked: 2, files seen: 1
[06:42:09] [delta] тик 1536900, tracked: 2, files seen: 1
[06:42:13] [delta] тик 1537200, tracked: 2, files seen: 1
[06:42:16] [delta] тик 1537500, tracked: 2, files seen: 1
[06:42:19] [delta] тик 1537800, tracked: 2, files seen: 1
[06:42:22] [delta] тик 1538100, tracked: 2, files seen: 1
[06:42:25] [delta] тик 1538400, tracked: 2, files seen: 1
[06:42:28] [delta] тик 1538700, tracked: 2, files seen: 1
[06:42:31] [delta] тик 1539000, tracked: 2, files seen: 1
[06:42:34] [delta] тик 1539300, tracked: 2, files seen: 1
[06:42:37] [delta] тик 1539600, tracked: 2, files seen: 1
[06:42:40] [delta] тик 1539900, tracked: 2, files seen: 1
[06:42:44] [delta] тик 1540200, tracked: 2, files seen: 1
[06:42:47] [delta] тик 1540500, tracked: 2, files seen: 1
[06:42:50] [delta] тик 1540800, tracked: 2, files seen: 1
[06:42:53] [delta] тик 1541100, tracked: 2, files seen: 1
[06:42:56] [delta] тик 1541400, tracked: 2, files seen: 1
[06:42:59] [delta] тик 1541700, tracked: 2, files seen: 1
[06:43:02] [delta] тик 1542000, tracked: 2, files seen: 1
[06:43:05] [delta] тик 1542300, tracked: 2, files seen: 1
[06:43:08] [delta] тик 1542600, tracked: 2, files seen: 1
[06:43:11] [delta] тик 1542900, tracked: 2, files seen: 1
[06:43:15] [delta] тик 1543200, tracked: 2, files seen: 1
[06:43:18] [delta] тик 1543500, tracked: 2, files seen: 1
[06:43:21] [delta] тик 1543800, tracked: 2, files seen: 1
[06:43:24] [delta] тик 1544100, tracked: 2, files seen: 1
[06:43:27] [delta] тик 1544400, tracked: 2, files seen: 1
[06:43:30] [delta] тик 1544700, tracked: 2, files seen: 1
[06:43:33] [delta] тик 1545000, tracked: 2, files seen: 1
[06:43:36] [delta] тик 1545300, tracked: 2, files seen: 1
[06:43:39] [delta] тик 1545600, tracked: 2, files seen: 1
[06:43:42] [delta] тик 1545900, tracked: 1, files seen: 1
[06:43:46] [delta] тик 1546200, tracked: 2, files seen: 1
[06:43:49] [delta] тик 1546500, tracked: 2, files seen: 1
[06:43:52] [delta] тик 1546800, tracked: 2, files seen: 1
[06:43:55] [delta] тик 1547100, tracked: 2, files seen: 1
[06:43:58] [delta] тик 1547400, tracked: 2, files seen: 1
[06:44:01] [delta] тик 1547700, tracked: 2, files seen: 1
[06:44:04] [delta] тик 1548000, tracked: 2, files seen: 1
[06:44:07] [delta] тик 1548300, tracked: 2, files seen: 1
[06:44:10] [delta] тик 1548600, tracked: 2, files seen: 1
[06:44:13] [delta] тик 1548900, tracked: 2, files seen: 1
[06:44:17] [delta] тик 1549200, tracked: 2, files seen: 1
[06:44:20] [delta] тик 1549500, tracked: 2, files seen: 1
[06:44:23] [delta] тик 1549800, tracked: 2, files seen: 1
[06:44:26] [delta] тик 1550100, tracked: 2, files seen: 1
[06:44:29] [delta] тик 1550400, tracked: 2, files seen: 1
[06:44:32] [delta] тик 1550700, tracked: 2, files seen: 1
[06:44:35] [delta] тик 1551000, tracked: 2, files seen: 1
[06:44:38] [delta] тик 1551300, tracked: 2, files seen: 1
[06:44:41] [delta] тик 1551600, tracked: 2, files seen: 1
[06:44:44] [delta] тик 1551900, tracked: 2, files seen: 1
[06:44:48] [delta] тик 1552200, tracked: 2, files seen: 1
[06:44:51] [delta] тик 1552500, tracked: 2, files seen: 1
[06:44:54] [delta] тик 1552800, tracked: 2, files seen: 1
[06:44:57] [delta] тик 1553100, tracked: 2, files seen: 1
[06:45:00] [delta] тик 1553400, tracked: 2, files seen: 1
[06:45:03] [delta] тик 1553700, tracked: 2, files seen: 1
[06:45:06] [delta] тик 1554000, tracked: 2, files seen: 1
[06:45:09] [delta] тик 1554300, tracked: 2, files seen: 1
[06:45:12] [delta] тик 1554600, tracked: 2, files seen: 1
[06:45:15] [delta] тик 1554900, tracked: 2, files seen: 1
[06:45:19] [delta] тик 1555200, tracked: 2, files seen: 1
[06:45:22] [delta] тик 1555500, tracked: 2, files seen: 1
[06:45:25] [delta] тик 1555800, tracked: 2, files seen: 1
[06:45:28] [delta] тик 1556100, tracked: 2, files seen: 1
[06:45:31] [delta] тик 1556400, tracked: 2, files seen: 1
[06:45:34] [delta] тик 1556700, tracked: 2, files seen: 1
[06:45:37] [delta] тик 1557000, tracked: 2, files seen: 1
[06:45:40] [delta] тик 1557300, tracked: 1, files seen: 1
[06:45:43] [delta] тик 1557600, tracked: 2, files seen: 1
[06:45:46] [delta] тик 1557900, tracked: 2, files seen: 1
[06:45:49] [delta] тик 1558200, tracked: 2, files seen: 1
[06:45:53] [delta] тик 1558500, tracked: 2, files seen: 1
[06:45:56] [delta] тик 1558800, tracked: 2, files seen: 1
[06:45:59] [delta] тик 1559100, tracked: 2, files seen: 1
[06:46:02] [delta] тик 1559400, tracked: 2, files seen: 1
[06:46:05] [delta] тик 1559700, tracked: 2, files seen: 1
[06:46:08] [delta] тик 1560000, tracked: 2, files seen: 1
[06:46:11] [delta] тик 1560300, tracked: 2, files seen: 1
[06:46:14] [delta] тик 1560600, tracked: 2, files seen: 1
[06:46:17] [delta] тик 1560900, tracked: 2, files seen: 1
[06:46:21] [delta] тик 1561200, tracked: 2, files seen: 1
[06:46:24] [delta] тик 1561500, tracked: 2, files seen: 1
[06:46:27] [delta] тик 1561800, tracked: 2, files seen: 1
[06:46:30] [delta] тик 1562100, tracked: 2, files seen: 1
[06:46:33] [delta] тик 1562400, tracked: 2, files seen: 1
[06:46:36] [delta] тик 1562700, tracked: 2, files seen: 1
[06:46:39] [delta] тик 1563000, tracked: 2, files seen: 1
[06:46:42] [delta] тик 1563300, tracked: 2, files seen: 1
[06:46:45] [delta] тик 1563600, tracked: 2, files seen: 1
[06:46:48] [delta] тик 1563900, tracked: 2, files seen: 1
[06:46:52] [delta] тик 1564200, tracked: 2, files seen: 1
[06:46:55] [delta] тик 1564500, tracked: 2, files seen: 1
[06:46:58] [delta] тик 1564800, tracked: 2, files seen: 1
[06:47:01] [delta] тик 1565100, tracked: 2, files seen: 1
[06:47:04] [delta] тик 1565400, tracked: 2, files seen: 1
[06:47:07] [delta] тик 1565700, tracked: 2, files seen: 1
[06:47:10] [delta] тик 1566000, tracked: 2, files seen: 1
[06:47:13] [delta] тик 1566300, tracked: 2, files seen: 1
[06:47:16] [delta] тик 1566600, tracked: 2, files seen: 1
[06:47:19] [delta] тик 1566900, tracked: 2, files seen: 1
[06:47:23] [delta] тик 1567200, tracked: 2, files seen: 1
[06:47:26] [delta] тик 1567500, tracked: 2, files seen: 1
[06:47:29] [delta] тик 1567800, tracked: 2, files seen: 1
[06:47:32] [delta] тик 1568100, tracked: 2, files seen: 1
[06:47:35] [delta] тик 1568400, tracked: 2, files seen: 1
[06:47:38] [delta] тик 1568700, tracked: 2, files seen: 1
[06:47:41] [delta] тик 1569000, tracked: 2, files seen: 1
[06:47:44] [delta] тик 1569300, tracked: 2, files seen: 1
[06:47:47] [delta] тик 1569600, tracked: 2, files seen: 1
[06:47:50] [delta] тик 1569900, tracked: 2, files seen: 1
[06:47:54] [delta] тик 1570200, tracked: 2, files seen: 1
[06:47:57] [delta] тик 1570500, tracked: 2, files seen: 1
[06:48:00] [delta] тик 1570800, tracked: 2, files seen: 1
[06:48:03] [delta] тик 1571100, tracked: 2, files seen: 1
[06:48:06] [delta] тик 1571400, tracked: 2, files seen: 1
[06:48:09] [delta] тик 1571700, tracked: 2, files seen: 1
[06:48:12] [delta] тик 1572000, tracked: 2, files seen: 1
[06:48:15] [delta] тик 1572300, tracked: 2, files seen: 1
[06:48:18] [delta] тик 1572600, tracked: 2, files seen: 1
[06:48:21] [delta] тик 1572900, tracked: 2, files seen: 1
[06:48:25] [delta] тик 1573200, tracked: 2, files seen: 1
[06:48:28] [delta] тик 1573500, tracked: 2, files seen: 1
[06:48:31] [delta] тик 1573800, tracked: 2, files seen: 1
[06:48:34] [delta] тик 1574100, tracked: 2, files seen: 1
[06:48:37] [delta] тик 1574400, tracked: 2, files seen: 1
[06:48:40] [delta] тик 1574700, tracked: 2, files seen: 1
[06:48:43] [delta] тик 1575000, tracked: 2, files seen: 1
[06:48:46] [delta] тик 1575300, tracked: 2, files seen: 1
[06:48:49] [delta] тик 1575600, tracked: 2, files seen: 1
[06:48:52] [delta] тик 1575900, tracked: 2, files seen: 1
[06:48:56] [delta] тик 1576200, tracked: 2, files seen: 1
[06:48:59] [delta] тик 1576500, tracked: 2, files seen: 1
[06:49:02] [delta] тик 1576800, tracked: 2, files seen: 1
[06:49:05] [delta] тик 1577100, tracked: 2, files seen: 1
[06:49:08] [delta] тик 1577400, tracked: 2, files seen: 1
[06:49:11] [delta] тик 1577700, tracked: 2, files seen: 1
[06:49:14] [delta] тик 1578000, tracked: 2, files seen: 1
[06:49:17] [delta] тик 1578300, tracked: 1, files seen: 1
[06:49:20] [delta] тик 1578600, tracked: 2, files seen: 1
[06:49:23] [delta] тик 1578900, tracked: 2, files seen: 1
[06:49:27] [delta] тик 1579200, tracked: 2, files seen: 1
[06:49:30] [delta] тик 1579500, tracked: 2, files seen: 1
[06:49:33] [delta] тик 1579800, tracked: 2, files seen: 1
[06:49:36] [delta] тик 1580100, tracked: 2, files seen: 1
[06:49:39] [delta] тик 1580400, tracked: 2, files seen: 1
[06:49:42] [delta] тик 1580700, tracked: 2, files seen: 1
[06:49:45] [delta] тик 1581000, tracked: 2, files seen: 1
[06:49:48] [delta] тик 1581300, tracked: 2, files seen: 1
[06:49:51] [delta] тик 1581600, tracked: 2, files seen: 1
[06:49:54] [delta] тик 1581900, tracked: 2, files seen: 1
[06:49:58] [delta] тик 1582200, tracked: 2, files seen: 1
[06:50:01] [delta] тик 1582500, tracked: 2, files seen: 1
[06:50:04] [delta] тик 1582800, tracked: 2, files seen: 1
[06:50:07] [delta] тик 1583100, tracked: 2, files seen: 1
[06:50:10] [delta] тик 1583400, tracked: 2, files seen: 1
[06:50:13] [delta] тик 1583700, tracked: 2, files seen: 1
[06:50:16] [delta] тик 1584000, tracked: 2, files seen: 1
[06:50:19] [delta] тик 1584300, tracked: 2, files seen: 1
[06:50:22] [delta] тик 1584600, tracked: 2, files seen: 1
[06:50:25] [delta] тик 1584900, tracked: 2, files seen: 1
[06:50:29] [delta] тик 1585200, tracked: 2, files seen: 1
[06:50:32] [delta] тик 1585500, tracked: 2, files seen: 1
[06:50:35] [delta] тик 1585800, tracked: 2, files seen: 1
[06:50:38] [delta] тик 1586100, tracked: 2, files seen: 1
[06:50:41] [delta] тик 1586400, tracked: 2, files seen: 1
[06:50:44] [delta] тик 1586700, tracked: 2, files seen: 1
[06:50:47] [delta] тик 1587000, tracked: 2, files seen: 1
[06:50:50] [delta] тик 1587300, tracked: 2, files seen: 1
[06:50:53] [delta] тик 1587600, tracked: 2, files seen: 1
[06:50:56] [delta] тик 1587900, tracked: 2, files seen: 1
[06:51:00] [delta] тик 1588200, tracked: 2, files seen: 1
[06:51:03] [delta] тик 1588500, tracked: 2, files seen: 1
[06:51:06] [delta] тик 1588800, tracked: 2, files seen: 1
[06:51:09] [delta] тик 1589100, tracked: 2, files seen: 1
[06:51:12] [delta] тик 1589400, tracked: 2, files seen: 1
[06:51:15] [delta] тик 1589700, tracked: 2, files seen: 1
[06:51:18] [delta] тик 1590000, tracked: 2, files seen: 1
[06:51:21] [delta] тик 1590300, tracked: 2, files seen: 1
[06:51:24] [delta] тик 1590600, tracked: 2, files seen: 1
[06:51:27] [delta] тик 1590900, tracked: 2, files seen: 1
[06:51:31] [delta] тик 1591200, tracked: 2, files seen: 1
[06:51:34] [delta] тик 1591500, tracked: 2, files seen: 1
[06:51:37] [delta] тик 1591800, tracked: 2, files seen: 1
[06:51:40] [delta] тик 1592100, tracked: 2, files seen: 1
[06:51:43] [delta] тик 1592400, tracked: 2, files seen: 1
[06:51:46] [delta] тик 1592700, tracked: 2, files seen: 1
[06:51:49] [delta] тик 1593000, tracked: 2, files seen: 1
[06:51:52] [delta] тик 1593300, tracked: 2, files seen: 1
[06:51:55] [delta] тик 1593600, tracked: 2, files seen: 1
[06:51:59] [delta] тик 1593900, tracked: 2, files seen: 1
[06:52:02] [delta] тик 1594200, tracked: 2, files seen: 1
[06:52:05] [delta] тик 1594500, tracked: 2, files seen: 1
[06:52:08] [delta] тик 1594800, tracked: 2, files seen: 1
[06:52:11] [delta] тик 1595100, tracked: 2, files seen: 1
[06:52:14] [delta] тик 1595400, tracked: 2, files seen: 1
[06:52:17] [delta] тик 1595700, tracked: 2, files seen: 1
[06:52:20] [delta] тик 1596000, tracked: 2, files seen: 1
[06:52:23] [delta] тик 1596300, tracked: 2, files seen: 1
[06:52:26] [delta] тик 1596600, tracked: 2, files seen: 1
[06:52:29] [delta] тик 1596900, tracked: 2, files seen: 1
[06:52:33] [delta] тик 1597200, tracked: 2, files seen: 1
[06:52:36] [delta] тик 1597500, tracked: 2, files seen: 1
[06:52:39] [delta] тик 1597800, tracked: 2, files seen: 1
[06:52:42] [delta] тик 1598100, tracked: 2, files seen: 1
[06:52:45] [delta] тик 1598400, tracked: 2, files seen: 1
[06:52:48] [delta] тик 1598700, tracked: 2, files seen: 1
[06:52:51] [delta] тик 1599000, tracked: 2, files seen: 1
[06:52:54] [delta] тик 1599300, tracked: 2, files seen: 1
[06:52:57] [delta] тик 1599600, tracked: 2, files seen: 1
[06:53:01] [delta] тик 1599900, tracked: 2, files seen: 1
[06:53:04] [delta] тик 1600200, tracked: 2, files seen: 1
[06:53:07] [delta] тик 1600500, tracked: 2, files seen: 1
[06:53:10] [delta] тик 1600800, tracked: 2, files seen: 1
[06:53:13] [delta] тик 1601100, tracked: 2, files seen: 1
[06:53:16] [delta] тик 1601400, tracked: 2, files seen: 1
[06:53:19] [delta] тик 1601700, tracked: 2, files seen: 1
[06:53:22] [delta] тик 1602000, tracked: 2, files seen: 1
[06:53:25] [delta] тик 1602300, tracked: 2, files seen: 1
[06:53:28] [delta] тик 1602600, tracked: 2, files seen: 1
[06:53:31] [delta] тик 1602900, tracked: 2, files seen: 1
[06:53:35] [delta] тик 1603200, tracked: 2, files seen: 1
[06:53:38] [delta] тик 1603500, tracked: 2, files seen: 1
[06:53:41] [delta] тик 1603800, tracked: 2, files seen: 1
[06:53:44] [delta] тик 1604100, tracked: 2, files seen: 1
[06:53:47] [delta] тик 1604400, tracked: 2, files seen: 1
[06:53:50] [delta] тик 1604700, tracked: 2, files seen: 1
[06:53:53] [delta] тик 1605000, tracked: 2, files seen: 1
[06:53:56] [delta] тик 1605300, tracked: 2, files seen: 1
[06:53:59] [delta] тик 1605600, tracked: 2, files seen: 1
[06:54:02] [delta] тик 1605900, tracked: 2, files seen: 1
[06:54:06] [delta] тик 1606200, tracked: 2, files seen: 1
[06:54:09] [delta] тик 1606500, tracked: 2, files seen: 1
[06:54:12] [delta] тик 1606800, tracked: 2, files seen: 1
[06:54:15] [delta] тик 1607100, tracked: 2, files seen: 1
[06:54:18] [delta] тик 1607400, tracked: 2, files seen: 1
[06:54:21] [delta] тик 1607700, tracked: 2, files seen: 1
[06:54:24] [delta] тик 1608000, tracked: 2, files seen: 1
[06:54:27] [delta] тик 1608300, tracked: 2, files seen: 1
[06:54:30] [delta] тик 1608600, tracked: 2, files seen: 1
[06:54:34] [delta] тик 1608900, tracked: 2, files seen: 1
[06:54:37] [delta] тик 1609200, tracked: 2, files seen: 1
[06:54:40] [delta] тик 1609500, tracked: 2, files seen: 1
[06:54:43] [delta] тик 1609800, tracked: 2, files seen: 1
[06:54:46] [delta] тик 1610100, tracked: 2, files seen: 1
[06:54:49] [delta] тик 1610400, tracked: 2, files seen: 1
[06:54:52] [delta] тик 1610700, tracked: 2, files seen: 1
[06:54:55] [delta] тик 1611000, tracked: 2, files seen: 1
[06:54:58] [delta] тик 1611300, tracked: 2, files seen: 1
[06:55:01] [delta] тик 1611600, tracked: 2, files seen: 1
[06:55:05] [delta] тик 1611900, tracked: 2, files seen: 1
[06:55:08] [delta] тик 1612200, tracked: 2, files seen: 1
[06:55:11] [delta] тик 1612500, tracked: 2, files seen: 1
[06:55:14] [delta] тик 1612800, tracked: 2, files seen: 1
[06:55:17] [delta] тик 1613100, tracked: 2, files seen: 1
[06:55:20] [delta] тик 1613400, tracked: 2, files seen: 1
[06:55:23] [delta] тик 1613700, tracked: 2, files seen: 1
[06:55:26] [delta] тик 1614000, tracked: 2, files seen: 1
[06:55:29] [delta] тик 1614300, tracked: 2, files seen: 1
[06:55:33] [delta] тик 1614600, tracked: 2, files seen: 1
[06:55:36] [delta] тик 1614900, tracked: 2, files seen: 1
[06:55:39] [delta] тик 1615200, tracked: 2, files seen: 1
[06:55:42] [delta] тик 1615500, tracked: 2, files seen: 1
[06:55:45] [delta] тик 1615800, tracked: 2, files seen: 1
[06:55:48] [delta] тик 1616100, tracked: 2, files seen: 1
[06:55:51] [delta] тик 1616400, tracked: 2, files seen: 1
[06:55:54] [delta] тик 1616700, tracked: 2, files seen: 1
[06:55:57] [delta] тик 1617000, tracked: 2, files seen: 1
[06:56:00] [delta] тик 1617300, tracked: 2, files seen: 1
[06:56:03] [delta] тик 1617600, tracked: 2, files seen: 1
[06:56:07] [delta] тик 1617900, tracked: 2, files seen: 1
[06:56:10] [delta] тик 1618200, tracked: 2, files seen: 1
[06:56:13] [delta] тик 1618500, tracked: 2, files seen: 1
[06:56:16] [delta] тик 1618800, tracked: 2, files seen: 1
[06:56:19] [delta] тик 1619100, tracked: 2, files seen: 1
[06:56:22] [delta] тик 1619400, tracked: 2, files seen: 1
[06:56:25] [delta] тик 1619700, tracked: 2, files seen: 1
[06:56:28] [delta] тик 1620000, tracked: 2, files seen: 1
[06:56:31] [delta] тик 1620300, tracked: 1, files seen: 1
[06:56:34] [delta] тик 1620600, tracked: 2, files seen: 1
[06:56:38] [delta] тик 1620900, tracked: 2, files seen: 1
[06:56:41] [delta] тик 1621200, tracked: 2, files seen: 1
[06:56:44] [delta] тик 1621500, tracked: 2, files seen: 1
[06:56:47] [delta] тик 1621800, tracked: 2, files seen: 1
[06:56:50] [delta] тик 1622100, tracked: 2, files seen: 1
[06:56:53] [delta] тик 1622400, tracked: 2, files seen: 1
[06:56:56] [delta] тик 1622700, tracked: 2, files seen: 1
[06:56:59] [delta] тик 1623000, tracked: 2, files seen: 1
[06:57:02] [delta] тик 1623300, tracked: 2, files seen: 1
[06:57:05] [delta] тик 1623600, tracked: 2, files seen: 1
[06:57:09] [delta] тик 1623900, tracked: 2, files seen: 1
[06:57:12] [delta] тик 1624200, tracked: 2, files seen: 1
[06:57:15] [delta] тик 1624500, tracked: 2, files seen: 1
[06:57:18] [delta] тик 1624800, tracked: 2, files seen: 1
[06:57:21] [delta] тик 1625100, tracked: 2, files seen: 1
[06:57:24] [delta] тик 1625400, tracked: 2, files seen: 1
[06:57:27] [delta] тик 1625700, tracked: 2, files seen: 1
[06:57:30] [delta] тик 1626000, tracked: 2, files seen: 1
[06:57:33] [delta] тик 1626300, tracked: 2, files seen: 1
[06:57:36] [delta] тик 1626600, tracked: 2, files seen: 1
[06:57:40] [delta] тик 1626900, tracked: 2, files seen: 1
[06:57:43] [delta] тик 1627200, tracked: 2, files seen: 1
[06:57:46] [delta] тик 1627500, tracked: 2, files seen: 1
[06:57:49] [delta] тик 1627800, tracked: 2, files seen: 1
[06:57:52] [delta] тик 1628100, tracked: 2, files seen: 1
[06:57:55] [delta] тик 1628400, tracked: 2, files seen: 1
[06:57:58] [delta] тик 1628700, tracked: 2, files seen: 1
[06:58:01] [delta] тик 1629000, tracked: 2, files seen: 1
[06:58:04] [delta] тик 1629300, tracked: 2, files seen: 1
[06:58:07] [delta] тик 1629600, tracked: 2, files seen: 1
[06:58:11] [delta] тик 1629900, tracked: 2, files seen: 1
[06:58:14] [delta] тик 1630200, tracked: 2, files seen: 1
[06:58:17] [delta] тик 1630500, tracked: 2, files seen: 1
[06:58:20] [delta] тик 1630800, tracked: 2, files seen: 1
[06:58:23] [delta] тик 1631100, tracked: 2, files seen: 1
[06:58:26] [delta] тик 1631400, tracked: 2, files seen: 1
[06:58:29] [delta] тик 1631700, tracked: 2, files seen: 1
[06:58:32] [delta] тик 1632000, tracked: 2, files seen: 1
[06:58:35] [delta] тик 1632300, tracked: 2, files seen: 1
[06:58:38] [delta] тик 1632600, tracked: 2, files seen: 1
[06:58:41] [delta] тик 1632900, tracked: 2, files seen: 1
[06:58:45] [delta] тик 1633200, tracked: 2, files seen: 1
[06:58:48] [delta] тик 1633500, tracked: 2, files seen: 1
[06:58:51] [delta] тик 1633800, tracked: 2, files seen: 1
[06:58:54] [delta] тик 1634100, tracked: 2, files seen: 1
[06:58:57] [delta] тик 1634400, tracked: 2, files seen: 1
[06:59:00] [delta] тик 1634700, tracked: 2, files seen: 1
[06:59:03] [delta] тик 1635000, tracked: 2, files seen: 1
[06:59:06] [delta] тик 1635300, tracked: 2, files seen: 1
[06:59:09] [delta] тик 1635600, tracked: 2, files seen: 1
[06:59:13] [delta] тик 1635900, tracked: 2, files seen: 1
[06:59:16] [delta] тик 1636200, tracked: 2, files seen: 1
[06:59:19] [delta] тик 1636500, tracked: 2, files seen: 1
[06:59:22] [delta] тик 1636800, tracked: 2, files seen: 1
[06:59:25] [delta] тик 1637100, tracked: 2, files seen: 1
[06:59:28] [delta] тик 1637400, tracked: 2, files seen: 1
[06:59:31] [delta] тик 1637700, tracked: 2, files seen: 1
[06:59:34] [delta] тик 1638000, tracked: 2, files seen: 1
[06:59:37] [delta] тик 1638300, tracked: 2, files seen: 1
[06:59:40] [delta] тик 1638600, tracked: 2, files seen: 1
[06:59:43] [delta] тик 1638900, tracked: 2, files seen: 1
[06:59:47] [delta] тик 1639200, tracked: 2, files seen: 1
[06:59:50] [delta] тик 1639500, tracked: 2, files seen: 1
[06:59:53] [delta] тик 1639800, tracked: 2, files seen: 1
[06:59:56] [delta] тик 1640100, tracked: 2, files seen: 1
[06:59:59] [delta] тик 1640400, tracked: 2, files seen: 1
[07:00:02] [delta] тик 1640700, tracked: 2, files seen: 1
[07:00:05] [delta] тик 1641000, tracked: 2, files seen: 1
[07:00:08] [delta] тик 1641300, tracked: 2, files seen: 1
[07:00:11] [delta] тик 1641600, tracked: 2, files seen: 1
[07:00:15] [delta] тик 1641900, tracked: 2, files seen: 1
[07:00:18] [delta] тик 1642200, tracked: 2, files seen: 1
[07:00:21] [delta] тик 1642500, tracked: 2, files seen: 1
[07:00:24] [delta] тик 1642800, tracked: 2, files seen: 1
[07:00:27] [delta] тик 1643100, tracked: 2, files seen: 1
[07:00:30] [delta] тик 1643400, tracked: 2, files seen: 1
[07:00:33] [delta] тик 1643700, tracked: 2, files seen: 1
[07:00:36] [delta] тик 1644000, tracked: 2, files seen: 1
[07:00:39] [delta] тик 1644300, tracked: 2, files seen: 1
[07:00:42] [delta] тик 1644600, tracked: 2, files seen: 1
[07:00:46] [delta] тик 1644900, tracked: 2, files seen: 1
[07:00:49] [delta] тик 1645200, tracked: 2, files seen: 1
[07:00:52] [delta] тик 1645500, tracked: 2, files seen: 1
[07:00:55] [delta] тик 1645800, tracked: 2, files seen: 1
[07:00:58] [delta] тик 1646100, tracked: 2, files seen: 1
[07:01:01] [delta] тик 1646400, tracked: 2, files seen: 1
[07:01:04] [delta] тик 1646700, tracked: 2, files seen: 1
[07:01:07] [delta] тик 1647000, tracked: 2, files seen: 1
[07:01:10] [delta] тик 1647300, tracked: 2, files seen: 1
[07:01:13] [delta] тик 1647600, tracked: 2, files seen: 1
[07:01:17] [delta] тик 1647900, tracked: 2, files seen: 1
[07:01:20] [delta] тик 1648200, tracked: 2, files seen: 1
[07:01:23] [delta] тик 1648500, tracked: 2, files seen: 1
[07:01:26] [delta] тик 1648800, tracked: 2, files seen: 1
[07:01:29] [delta] тик 1649100, tracked: 2, files seen: 1
[07:01:32] [delta] тик 1649400, tracked: 2, files seen: 1
[07:01:35] [delta] тик 1649700, tracked: 2, files seen: 1
[07:01:38] [delta] тик 1650000, tracked: 2, files seen: 1
[07:01:41] [delta] тик 1650300, tracked: 2, files seen: 1
[07:01:44] [delta] тик 1650600, tracked: 2, files seen: 1
[07:01:48] [delta] тик 1650900, tracked: 2, files seen: 1
[07:01:51] [delta] тик 1651200, tracked: 2, files seen: 1
[07:01:54] [delta] тик 1651500, tracked: 2, files seen: 1
[07:01:57] [delta] тик 1651800, tracked: 2, files seen: 1
[07:02:00] [delta] тик 1652100, tracked: 2, files seen: 1
[07:02:03] [delta] тик 1652400, tracked: 2, files seen: 1
[07:02:06] [delta] тик 1652700, tracked: 2, files seen: 1
[07:02:09] [delta] тик 1653000, tracked: 2, files seen: 1
[07:02:12] [delta] тик 1653300, tracked: 2, files seen: 1
[07:02:15] [delta] тик 1653600, tracked: 2, files seen: 1
[07:02:19] [delta] тик 1653900, tracked: 2, files seen: 1
[07:02:22] [delta] тик 1654200, tracked: 2, files seen: 1
[07:02:25] [delta] тик 1654500, tracked: 2, files seen: 1
[07:02:28] [delta] тик 1654800, tracked: 2, files seen: 1
[07:02:31] [delta] тик 1655100, tracked: 2, files seen: 1
[07:02:34] [delta] тик 1655400, tracked: 2, files seen: 1
[07:02:37] [delta] тик 1655700, tracked: 2, files seen: 1
[07:02:40] [delta] тик 1656000, tracked: 2, files seen: 1
[07:02:43] [delta] тик 1656300, tracked: 2, files seen: 1
[07:02:46] [delta] тик 1656600, tracked: 2, files seen: 1
[07:02:49] [delta] тик 1656900, tracked: 2, files seen: 1
[07:02:53] [delta] тик 1657200, tracked: 2, files seen: 1
[07:02:56] [delta] тик 1657500, tracked: 2, files seen: 1
[07:02:59] [delta] тик 1657800, tracked: 2, files seen: 1
[07:03:02] [delta] тик 1658100, tracked: 2, files seen: 1
[07:03:05] [delta] тик 1658400, tracked: 2, files seen: 1
[07:03:08] [delta] тик 1658700, tracked: 2, files seen: 1
[07:03:11] [delta] тик 1659000, tracked: 2, files seen: 1
[07:03:14] [delta] тик 1659300, tracked: 2, files seen: 1
[07:03:17] [delta] тик 1659600, tracked: 2, files seen: 1
[07:03:20] [delta] тик 1659900, tracked: 2, files seen: 1
[07:03:24] [delta] тик 1660200, tracked: 2, files seen: 1
[07:03:27] [delta] тик 1660500, tracked: 2, files seen: 1
[07:03:30] [delta] тик 1660800, tracked: 2, files seen: 1
[07:03:33] [delta] тик 1661100, tracked: 2, files seen: 1
[07:03:36] [delta] тик 1661400, tracked: 2, files seen: 1
[07:03:39] [delta] тик 1661700, tracked: 2, files seen: 1
[07:03:42] [delta] тик 1662000, tracked: 2, files seen: 1
[07:03:45] [delta] тик 1662300, tracked: 2, files seen: 1
[07:03:48] [delta] тик 1662600, tracked: 2, files seen: 1
[07:03:51] [delta] тик 1662900, tracked: 2, files seen: 1
[07:03:55] [delta] тик 1663200, tracked: 2, files seen: 1
[07:03:58] [delta] тик 1663500, tracked: 2, files seen: 1
[07:04:01] [delta] тик 1663800, tracked: 2, files seen: 1
[07:04:04] [delta] тик 1664100, tracked: 2, files seen: 1
[07:04:07] [delta] тик 1664400, tracked: 2, files seen: 1
[07:04:10] [delta] тик 1664700, tracked: 2, files seen: 1
[07:04:13] [delta] тик 1665000, tracked: 2, files seen: 1
[07:04:16] [delta] тик 1665300, tracked: 2, files seen: 1
[07:04:19] [delta] тик 1665600, tracked: 2, files seen: 1
[07:04:22] [delta] тик 1665900, tracked: 2, files seen: 1
[07:04:26] [delta] тик 1666200, tracked: 2, files seen: 1
[07:04:29] [delta] тик 1666500, tracked: 2, files seen: 1
[07:04:32] [delta] тик 1666800, tracked: 2, files seen: 1
[07:04:35] [delta] тик 1667100, tracked: 2, files seen: 1
[07:04:38] [delta] тик 1667400, tracked: 2, files seen: 1
[07:04:41] [delta] тик 1667700, tracked: 2, files seen: 1
[07:04:44] [delta] тик 1668000, tracked: 2, files seen: 1
[07:04:47] [delta] тик 1668300, tracked: 2, files seen: 1
[07:04:50] [delta] тик 1668600, tracked: 2, files seen: 1
[07:04:53] [delta] тик 1668900, tracked: 2, files seen: 1
[07:04:56] [delta] тик 1669200, tracked: 2, files seen: 1
[07:05:00] [delta] тик 1669500, tracked: 2, files seen: 1
[07:05:03] [delta] тик 1669800, tracked: 2, files seen: 1
[07:05:06] [delta] тик 1670100, tracked: 2, files seen: 1
[07:05:09] [delta] тик 1670400, tracked: 2, files seen: 1
[07:05:12] [delta] тик 1670700, tracked: 2, files seen: 1
[07:05:15] [delta] тик 1671000, tracked: 2, files seen: 1
[07:05:18] [delta] тик 1671300, tracked: 2, files seen: 1
[07:05:21] [delta] тик 1671600, tracked: 2, files seen: 1
[07:05:24] [delta] тик 1671900, tracked: 2, files seen: 1
[07:05:27] [delta] тик 1672200, tracked: 2, files seen: 1
[07:05:31] [delta] тик 1672500, tracked: 2, files seen: 1
[07:05:34] [delta] тик 1672800, tracked: 2, files seen: 1
[07:05:37] [delta] тик 1673100, tracked: 2, files seen: 1
[07:05:40] [delta] тик 1673400, tracked: 2, files seen: 1
[07:05:43] [delta] тик 1673700, tracked: 2, files seen: 1
[07:05:46] [delta] тик 1674000, tracked: 2, files seen: 1
[07:05:49] [delta] тик 1674300, tracked: 2, files seen: 1
[07:05:52] [delta] тик 1674600, tracked: 2, files seen: 1
[07:05:55] [delta] тик 1674900, tracked: 2, files seen: 1
[07:05:58] [delta] тик 1675200, tracked: 2, files seen: 1
[07:06:02] [delta] тик 1675500, tracked: 2, files seen: 1
[07:06:05] [delta] тик 1675800, tracked: 2, files seen: 1
[07:06:08] [delta] тик 1676100, tracked: 2, files seen: 1
[07:06:11] [delta] тик 1676400, tracked: 2, files seen: 1
[07:06:14] [delta] тик 1676700, tracked: 2, files seen: 1
[07:06:17] [delta] тик 1677000, tracked: 2, files seen: 1
[07:06:20] [delta] тик 1677300, tracked: 2, files seen: 1
[07:06:23] [delta] тик 1677600, tracked: 2, files seen: 1
[07:06:26] [delta] тик 1677900, tracked: 2, files seen: 1
[07:06:30] [delta] тик 1678200, tracked: 2, files seen: 1
[07:06:33] [delta] тик 1678500, tracked: 2, files seen: 1
[07:06:36] [delta] тик 1678800, tracked: 2, files seen: 1
[07:06:39] [delta] тик 1679100, tracked: 2, files seen: 1
[07:06:42] [delta] тик 1679400, tracked: 2, files seen: 1
[07:06:45] [delta] тик 1679700, tracked: 2, files seen: 1
[07:06:48] [delta] тик 1680000, tracked: 2, files seen: 1
[07:06:51] [delta] тик 1680300, tracked: 2, files seen: 1
[07:06:54] [delta] тик 1680600, tracked: 2, files seen: 1
[07:06:57] [delta] тик 1680900, tracked: 2, files seen: 1
[07:07:00] [delta] тик 1681200, tracked: 2, files seen: 1
[07:07:04] [delta] тик 1681500, tracked: 2, files seen: 1
[07:07:07] [delta] тик 1681800, tracked: 2, files seen: 1
[07:07:10] [delta] тик 1682100, tracked: 2, files seen: 1
[07:07:13] [delta] тик 1682400, tracked: 2, files seen: 1
[07:07:16] [delta] тик 1682700, tracked: 2, files seen: 1
[07:07:19] [delta] тик 1683000, tracked: 2, files seen: 1
[07:07:22] [delta] тик 1683300, tracked: 2, files seen: 1
[07:07:25] [delta] тик 1683600, tracked: 2, files seen: 1
[07:07:28] [delta] тик 1683900, tracked: 2, files seen: 1
[07:07:31] [delta] тик 1684200, tracked: 2, files seen: 1
[07:07:35] [delta] тик 1684500, tracked: 2, files seen: 1
[07:07:38] [delta] тик 1684800, tracked: 2, files seen: 1
[07:07:41] [delta] тик 1685100, tracked: 2, files seen: 1
[07:07:44] [delta] тик 1685400, tracked: 2, files seen: 1
[07:07:47] [delta] тик 1685700, tracked: 2, files seen: 1
[07:07:50] [delta] тик 1686000, tracked: 2, files seen: 1
[07:07:53] [delta] тик 1686300, tracked: 2, files seen: 1
[07:07:56] [delta] тик 1686600, tracked: 2, files seen: 1
[07:07:59] [delta] тик 1686900, tracked: 2, files seen: 1
[07:08:02] [delta] тик 1687200, tracked: 2, files seen: 1
[07:08:06] [delta] тик 1687500, tracked: 2, files seen: 1
[07:08:09] [delta] тик 1687800, tracked: 2, files seen: 1
[07:08:12] [delta] тик 1688100, tracked: 2, files seen: 1
[07:08:15] [delta] тик 1688400, tracked: 2, files seen: 1
[07:08:18] [delta] тик 1688700, tracked: 2, files seen: 1
[07:08:21] [delta] тик 1689000, tracked: 2, files seen: 1
[07:08:24] [delta] тик 1689300, tracked: 2, files seen: 1
[07:08:27] [delta] тик 1689600, tracked: 2, files seen: 1
[07:08:30] [delta] тик 1689900, tracked: 2, files seen: 1
[07:08:33] [delta] тик 1690200, tracked: 2, files seen: 1
[07:08:37] [delta] тик 1690500, tracked: 2, files seen: 1
[07:08:40] [delta] тик 1690800, tracked: 2, files seen: 1
[07:08:43] [delta] тик 1691100, tracked: 2, files seen: 1
[07:08:46] [delta] тик 1691400, tracked: 2, files seen: 1
[07:08:49] [delta] тик 1691700, tracked: 2, files seen: 1
[07:08:52] [delta] тик 1692000, tracked: 2, files seen: 1
[07:08:55] [delta] тик 1692300, tracked: 2, files seen: 1
[07:08:58] [delta] тик 1692600, tracked: 2, files seen: 1
[07:09:01] [delta] тик 1692900, tracked: 2, files seen: 1
[07:09:04] [delta] тик 1693200, tracked: 2, files seen: 1
[07:09:08] [delta] тик 1693500, tracked: 2, files seen: 1
[07:09:11] [delta] тик 1693800, tracked: 2, files seen: 1
[07:09:14] [delta] тик 1694100, tracked: 2, files seen: 1
[07:09:17] [delta] тик 1694400, tracked: 2, files seen: 1
[07:09:20] [delta] тик 1694700, tracked: 2, files seen: 1
[07:09:23] [delta] тик 1695000, tracked: 2, files seen: 1
[07:09:26] [delta] тик 1695300, tracked: 2, files seen: 1
[07:09:29] [delta] тик 1695600, tracked: 2, files seen: 1
[07:09:32] [delta] тик 1695900, tracked: 2, files seen: 1
[07:09:36] [delta] тик 1696200, tracked: 1, files seen: 1
[07:09:39] [delta] тик 1696500, tracked: 2, files seen: 1
[07:09:42] [delta] тик 1696800, tracked: 2, files seen: 1
[07:09:45] [delta] тик 1697100, tracked: 2, files seen: 1
[07:09:48] [delta] тик 1697400, tracked: 2, files seen: 1
[07:09:51] [delta] тик 1697700, tracked: 2, files seen: 1
[07:09:54] [delta] тик 1698000, tracked: 2, files seen: 1
[07:09:57] [delta] тик 1698300, tracked: 2, files seen: 1
[07:10:00] [delta] тик 1698600, tracked: 2, files seen: 1
[07:10:03] [delta] тик 1698900, tracked: 2, files seen: 1
[07:10:07] [delta] тик 1699200, tracked: 2, files seen: 1
[07:10:10] [delta] тик 1699500, tracked: 2, files seen: 1
[07:10:13] [delta] тик 1699800, tracked: 2, files seen: 1
[07:10:16] [delta] тик 1700100, tracked: 2, files seen: 1
[07:10:19] [delta] тик 1700400, tracked: 2, files seen: 1
[07:10:22] [delta] тик 1700700, tracked: 2, files seen: 1
[07:10:25] [delta] тик 1701000, tracked: 2, files seen: 1
[07:10:28] [delta] тик 1701300, tracked: 2, files seen: 1
[07:10:31] [delta] тик 1701600, tracked: 2, files seen: 1
[07:10:34] [delta] тик 1701900, tracked: 1, files seen: 1
[07:10:37] [delta] тик 1702200, tracked: 2, files seen: 1
[07:10:41] [delta] тик 1702500, tracked: 2, files seen: 1
[07:10:44] [delta] тик 1702800, tracked: 2, files seen: 1
[07:10:47] [delta] тик 1703100, tracked: 2, files seen: 1
[07:10:50] [delta] тик 1703400, tracked: 2, files seen: 1
[07:10:53] [delta] тик 1703700, tracked: 2, files seen: 1
[07:10:56] [delta] тик 1704000, tracked: 2, files seen: 1
[07:10:59] [delta] тик 1704300, tracked: 2, files seen: 1
[07:11:02] [delta] тик 1704600, tracked: 2, files seen: 1
[07:11:05] [delta] тик 1704900, tracked: 2, files seen: 1
[07:11:08] [delta] тик 1705200, tracked: 2, files seen: 1
[07:11:12] [delta] тик 1705500, tracked: 2, files seen: 1
[07:11:15] [delta] тик 1705800, tracked: 2, files seen: 1
[07:11:18] [delta] тик 1706100, tracked: 2, files seen: 1
[07:11:21] [delta] тик 1706400, tracked: 2, files seen: 1
[07:11:24] [delta] тик 1706700, tracked: 2, files seen: 1
[07:11:27] [delta] тик 1707000, tracked: 2, files seen: 1
[07:11:30] [delta] тик 1707300, tracked: 2, files seen: 1
[07:11:33] [delta] тик 1707600, tracked: 2, files seen: 1
[07:11:36] [delta] тик 1707900, tracked: 2, files seen: 1
[07:11:39] [delta] тик 1708200, tracked: 2, files seen: 1
[07:11:43] [delta] тик 1708500, tracked: 2, files seen: 1
[07:11:46] [delta] тик 1708800, tracked: 2, files seen: 1
[07:11:49] [delta] тик 1709100, tracked: 2, files seen: 1
[07:11:52] [delta] тик 1709400, tracked: 2, files seen: 1
[07:11:55] [delta] тик 1709700, tracked: 2, files seen: 1
[07:11:58] [delta] тик 1710000, tracked: 2, files seen: 1
[07:12:01] [delta] тик 1710300, tracked: 2, files seen: 1
[07:12:04] [delta] тик 1710600, tracked: 2, files seen: 1
[07:12:07] [delta] тик 1710900, tracked: 2, files seen: 1
[07:12:10] [delta] тик 1711200, tracked: 2, files seen: 1
[07:12:13] [delta] тик 1711500, tracked: 2, files seen: 1
[07:12:17] [delta] тик 1711800, tracked: 2, files seen: 1
[07:12:20] [delta] тик 1712100, tracked: 2, files seen: 1
[07:12:23] [delta] тик 1712400, tracked: 2, files seen: 1
[07:12:26] [delta] тик 1712700, tracked: 2, files seen: 1
[07:12:29] [delta] тик 1713000, tracked: 2, files seen: 1
[07:12:32] [delta] тик 1713300, tracked: 2, files seen: 1
[07:12:35] [delta] тик 1713600, tracked: 2, files seen: 1
[07:12:38] [delta] тик 1713900, tracked: 2, files seen: 1
[07:12:41] [delta] тик 1714200, tracked: 2, files seen: 1
[07:12:44] [delta] тик 1714500, tracked: 2, files seen: 1
[07:12:48] [delta] тик 1714800, tracked: 2, files seen: 1
[07:12:51] [delta] тик 1715100, tracked: 2, files seen: 1
[07:12:54] [delta] тик 1715400, tracked: 2, files seen: 1
[07:12:57] [delta] тик 1715700, tracked: 2, files seen: 1
[07:13:00] [delta] тик 1716000, tracked: 2, files seen: 1
[07:13:03] [delta] тик 1716300, tracked: 2, files seen: 1
[07:13:06] [delta] тик 1716600, tracked: 2, files seen: 1
[07:13:09] [delta] тик 1716900, tracked: 2, files seen: 1
[07:13:12] [delta] тик 1717200, tracked: 2, files seen: 1
[07:13:15] [delta] тик 1717500, tracked: 2, files seen: 1
[07:13:19] [delta] тик 1717800, tracked: 2, files seen: 1
[07:13:22] [delta] тик 1718100, tracked: 2, files seen: 1
[07:13:25] [delta] тик 1718400, tracked: 2, files seen: 1
[07:13:28] [delta] тик 1718700, tracked: 2, files seen: 1
[07:13:31] [delta] тик 1719000, tracked: 2, files seen: 1
[07:13:34] [delta] тик 1719300, tracked: 2, files seen: 1
[07:13:37] [delta] тик 1719600, tracked: 2, files seen: 1
[07:13:40] [delta] тик 1719900, tracked: 2, files seen: 1
[07:13:43] [delta] тик 1720200, tracked: 2, files seen: 1
[07:13:46] [delta] тик 1720500, tracked: 2, files seen: 1
[07:13:50] [delta] тик 1720800, tracked: 2, files seen: 1
[07:13:53] [delta] тик 1721100, tracked: 2, files seen: 1
[07:13:56] [delta] тик 1721400, tracked: 2, files seen: 1
[07:13:59] [delta] тик 1721700, tracked: 2, files seen: 1
[07:14:02] [delta] тик 1722000, tracked: 2, files seen: 1
[07:14:05] [delta] тик 1722300, tracked: 2, files seen: 1
[07:14:08] [delta] тик 1722600, tracked: 2, files seen: 1
[07:14:11] [delta] тик 1722900, tracked: 2, files seen: 1
[07:14:14] [delta] тик 1723200, tracked: 2, files seen: 1
[07:14:17] [delta] тик 1723500, tracked: 2, files seen: 1
[07:14:21] [delta] тик 1723800, tracked: 2, files seen: 1
[07:14:24] [delta] тик 1724100, tracked: 2, files seen: 1
[07:14:27] [delta] тик 1724400, tracked: 2, files seen: 1
[07:14:30] [delta] тик 1724700, tracked: 2, files seen: 1
[07:14:33] [delta] тик 1725000, tracked: 2, files seen: 1
[07:14:36] [delta] тик 1725300, tracked: 2, files seen: 1
[07:14:39] [delta] тик 1725600, tracked: 2, files seen: 1
[07:14:42] [delta] тик 1725900, tracked: 2, files seen: 1
[07:14:45] [delta] тик 1726200, tracked: 2, files seen: 1
[07:14:48] [delta] тик 1726500, tracked: 2, files seen: 1
[07:14:52] [delta] тик 1726800, tracked: 2, files seen: 1
[07:14:55] [delta] тик 1727100, tracked: 2, files seen: 1
[07:14:58] [delta] тик 1727400, tracked: 2, files seen: 1
[07:15:01] [delta] тик 1727700, tracked: 2, files seen: 1
[07:15:04] [delta] тик 1728000, tracked: 2, files seen: 1
[07:15:07] [delta] тик 1728300, tracked: 2, files seen: 1
[07:15:10] [delta] тик 1728600, tracked: 2, files seen: 1
[07:15:13] [delta] тик 1728900, tracked: 2, files seen: 1
[07:15:16] [delta] тик 1729200, tracked: 2, files seen: 1
[07:15:19] [delta] тик 1729500, tracked: 2, files seen: 1
[07:15:23] [delta] тик 1729800, tracked: 2, files seen: 1
[07:15:26] [delta] тик 1730100, tracked: 2, files seen: 1
[07:15:29] [delta] тик 1730400, tracked: 2, files seen: 1
[07:15:32] [delta] тик 1730700, tracked: 2, files seen: 1
[07:15:35] [delta] тик 1731000, tracked: 2, files seen: 1
[07:15:38] [delta] тик 1731300, tracked: 2, files seen: 1
[07:15:41] [delta] тик 1731600, tracked: 2, files seen: 1
[07:15:44] [delta] тик 1731900, tracked: 2, files seen: 1
[07:15:47] [delta] тик 1732200, tracked: 2, files seen: 1
[07:15:50] [delta] тик 1732500, tracked: 2, files seen: 1
[07:15:54] [delta] тик 1732800, tracked: 2, files seen: 1
[07:15:57] [delta] тик 1733100, tracked: 2, files seen: 1
[07:16:00] [delta] тик 1733400, tracked: 2, files seen: 1
[07:16:03] [delta] тик 1733700, tracked: 2, files seen: 1
[07:16:06] [delta] тик 1734000, tracked: 2, files seen: 1
[07:16:09] [delta] тик 1734300, tracked: 2, files seen: 1
[07:16:12] [delta] тик 1734600, tracked: 2, files seen: 1
[07:16:15] [delta] тик 1734900, tracked: 2, files seen: 1
[07:16:18] [delta] тик 1735200, tracked: 2, files seen: 1
[07:16:21] [delta] тик 1735500, tracked: 2, files seen: 1
[07:16:25] [delta] тик 1735800, tracked: 2, files seen: 1
[07:16:28] [delta] тик 1736100, tracked: 2, files seen: 1
[07:16:31] [delta] тик 1736400, tracked: 2, files seen: 1
[07:16:34] [delta] тик 1736700, tracked: 2, files seen: 1
[07:16:37] [delta] тик 1737000, tracked: 2, files seen: 1
[07:16:40] [delta] тик 1737300, tracked: 2, files seen: 1
[07:16:43] [delta] тик 1737600, tracked: 2, files seen: 1
[07:16:46] [delta] тик 1737900, tracked: 2, files seen: 1
[07:16:49] [delta] тик 1738200, tracked: 2, files seen: 1
[07:16:52] [delta] тик 1738500, tracked: 2, files seen: 1
[07:16:56] [delta] тик 1738800, tracked: 2, files seen: 1
[07:16:59] [delta] тик 1739100, tracked: 2, files seen: 1
[07:17:02] [delta] тик 1739400, tracked: 2, files seen: 1
[07:17:05] [delta] тик 1739700, tracked: 2, files seen: 1
[07:17:08] [delta] тик 1740000, tracked: 2, files seen: 1
[07:17:11] [delta] тик 1740300, tracked: 2, files seen: 1
[07:17:14] [delta] тик 1740600, tracked: 2, files seen: 1
[07:17:17] [delta] тик 1740900, tracked: 2, files seen: 1
[07:17:20] [delta] тик 1741200, tracked: 2, files seen: 1
[07:17:23] [delta] тик 1741500, tracked: 2, files seen: 1
[07:17:27] [delta] тик 1741800, tracked: 2, files seen: 1
[07:17:30] [delta] тик 1742100, tracked: 2, files seen: 1
[07:17:33] [delta] тик 1742400, tracked: 2, files seen: 1
[07:17:36] [delta] тик 1742700, tracked: 2, files seen: 1
[07:17:39] [delta] тик 1743000, tracked: 2, files seen: 1
[07:17:42] [delta] тик 1743300, tracked: 2, files seen: 1
[07:17:45] [delta] тик 1743600, tracked: 2, files seen: 1
[07:17:48] [delta] тик 1743900, tracked: 2, files seen: 1
[07:17:51] [delta] тик 1744200, tracked: 2, files seen: 1
[07:17:54] [delta] тик 1744500, tracked: 2, files seen: 1
[07:17:58] [delta] тик 1744800, tracked: 2, files seen: 1
[07:18:01] [delta] тик 1745100, tracked: 2, files seen: 1
[07:18:04] [delta] тик 1745400, tracked: 2, files seen: 1
[07:18:07] [delta] тик 1745700, tracked: 2, files seen: 1
[07:18:10] [delta] тик 1746000, tracked: 2, files seen: 1
[07:18:13] [delta] тик 1746300, tracked: 2, files seen: 1
[07:18:16] [delta] тик 1746600, tracked: 2, files seen: 1
[07:18:19] [delta] тик 1746900, tracked: 2, files seen: 1
[07:18:22] [delta] тик 1747200, tracked: 2, files seen: 1
[07:18:25] [delta] тик 1747500, tracked: 2, files seen: 1
[07:18:29] [delta] тик 1747800, tracked: 2, files seen: 1
[07:18:32] [delta] тик 1748100, tracked: 2, files seen: 1
[07:18:35] [delta] тик 1748400, tracked: 2, files seen: 1
[07:18:38] [delta] тик 1748700, tracked: 2, files seen: 1
[07:18:41] [delta] тик 1749000, tracked: 2, files seen: 1
[07:18:44] [delta] тик 1749300, tracked: 2, files seen: 1
[07:18:47] [delta] тик 1749600, tracked: 2, files seen: 1
[07:18:50] [delta] тик 1749900, tracked: 2, files seen: 1
[07:18:53] [delta] тик 1750200, tracked: 2, files seen: 1
[07:18:56] [delta] тик 1750500, tracked: 2, files seen: 1
[07:19:00] [delta] тик 1750800, tracked: 2, files seen: 1
[07:19:03] [delta] тик 1751100, tracked: 2, files seen: 1
[07:19:06] [delta] тик 1751400, tracked: 2, files seen: 1
[07:19:09] [delta] тик 1751700, tracked: 2, files seen: 1
[07:19:12] [delta] тик 1752000, tracked: 2, files seen: 1
[07:19:15] [delta] тик 1752300, tracked: 2, files seen: 1
[07:19:18] [delta] тик 1752600, tracked: 2, files seen: 1
[07:19:21] [delta] тик 1752900, tracked: 2, files seen: 1
[07:19:24] [delta] тик 1753200, tracked: 2, files seen: 1
[07:19:27] [delta] тик 1753500, tracked: 2, files seen: 1
[07:19:31] [delta] тик 1753800, tracked: 2, files seen: 1
[07:19:34] [delta] тик 1754100, tracked: 2, files seen: 1
[07:19:37] [delta] тик 1754400, tracked: 2, files seen: 1
[07:19:40] [delta] тик 1754700, tracked: 2, files seen: 1
[07:19:43] [delta] тик 1755000, tracked: 2, files seen: 1
[07:19:46] [delta] тик 1755300, tracked: 2, files seen: 1
[07:19:49] [delta] тик 1755600, tracked: 2, files seen: 1
[07:19:52] [delta] тик 1755900, tracked: 2, files seen: 1
[07:19:55] [delta] тик 1756200, tracked: 2, files seen: 1
[07:19:58] [delta] тик 1756500, tracked: 2, files seen: 1
[07:20:02] [delta] тик 1756800, tracked: 2, files seen: 1
[07:20:05] [delta] тик 1757100, tracked: 2, files seen: 1
[07:20:08] [delta] тик 1757400, tracked: 2, files seen: 1
[07:20:11] [delta] тик 1757700, tracked: 2, files seen: 1
[07:20:14] [delta] тик 1758000, tracked: 2, files seen: 1
[07:20:17] [delta] тик 1758300, tracked: 2, files seen: 1
[07:20:20] [delta] тик 1758600, tracked: 2, files seen: 1
[07:20:23] [delta] тик 1758900, tracked: 2, files seen: 1
[07:20:26] [delta] тик 1759200, tracked: 2, files seen: 1
[07:20:29] [delta] тик 1759500, tracked: 2, files seen: 1
[07:20:33] [delta] тик 1759800, tracked: 2, files seen: 1
[07:20:36] [delta] тик 1760100, tracked: 2, files seen: 1
[07:20:39] [delta] тик 1760400, tracked: 2, files seen: 1
[07:20:42] [delta] тик 1760700, tracked: 2, files seen: 1
[07:20:45] [delta] тик 1761000, tracked: 2, files seen: 1
[07:20:48] [delta] тик 1761300, tracked: 2, files seen: 1
[07:20:51] [delta] тик 1761600, tracked: 2, files seen: 1
[07:20:54] [delta] тик 1761900, tracked: 2, files seen: 1
[07:20:57] [delta] тик 1762200, tracked: 2, files seen: 1
[07:21:00] [delta] тик 1762500, tracked: 2, files seen: 1
[07:21:04] [delta] тик 1762800, tracked: 2, files seen: 1
[07:21:07] [delta] тик 1763100, tracked: 2, files seen: 1
[07:21:10] [delta] тик 1763400, tracked: 2, files seen: 1
[07:21:13] [delta] тик 1763700, tracked: 2, files seen: 1
[07:21:16] [delta] тик 1764000, tracked: 2, files seen: 1
[07:21:19] [delta] тик 1764300, tracked: 2, files seen: 1
[07:21:22] [delta] тик 1764600, tracked: 2, files seen: 1
[07:21:25] [delta] тик 1764900, tracked: 2, files seen: 1
[07:21:28] [delta] тик 1765200, tracked: 2, files seen: 1
[07:21:31] [delta] тик 1765500, tracked: 2, files seen: 1
[07:21:35] [delta] тик 1765800, tracked: 2, files seen: 1
[07:21:38] [delta] тик 1766100, tracked: 2, files seen: 1
[07:21:41] [delta] тик 1766400, tracked: 2, files seen: 1
[07:21:44] [delta] тик 1766700, tracked: 2, files seen: 1
[07:21:47] [delta] тик 1767000, tracked: 2, files seen: 1
[07:21:50] [delta] тик 1767300, tracked: 1, files seen: 1
[07:21:53] [delta] тик 1767600, tracked: 2, files seen: 1
[07:21:56] [delta] тик 1767900, tracked: 2, files seen: 1
[07:21:59] [delta] тик 1768200, tracked: 2, files seen: 1
[07:22:02] [delta] тик 1768500, tracked: 2, files seen: 1
[07:22:06] [delta] тик 1768800, tracked: 2, files seen: 1
[07:22:09] [delta] тик 1769100, tracked: 2, files seen: 1
[07:22:12] [delta] тик 1769400, tracked: 2, files seen: 1
[07:22:15] [delta] тик 1769700, tracked: 2, files seen: 1
[07:22:18] [delta] тик 1770000, tracked: 2, files seen: 1
[07:22:21] [delta] тик 1770300, tracked: 2, files seen: 1
[07:22:24] [delta] тик 1770600, tracked: 2, files seen: 1
[07:22:27] [delta] тик 1770900, tracked: 2, files seen: 1
[07:22:30] [delta] тик 1771200, tracked: 2, files seen: 1
[07:22:33] [delta] тик 1771500, tracked: 2, files seen: 1
[07:22:36] [delta] тик 1771800, tracked: 2, files seen: 1
[07:22:40] [delta] тик 1772100, tracked: 2, files seen: 1
[07:22:43] [delta] тик 1772400, tracked: 2, files seen: 1
[07:22:46] [delta] тик 1772700, tracked: 2, files seen: 1
[07:22:49] [delta] тик 1773000, tracked: 2, files seen: 1
[07:22:52] [delta] тик 1773300, tracked: 2, files seen: 1
[07:22:55] [delta] тик 1773600, tracked: 2, files seen: 1
[07:22:58] [delta] тик 1773900, tracked: 2, files seen: 1
[07:23:01] [delta] тик 1774200, tracked: 2, files seen: 1
[07:23:04] [delta] тик 1774500, tracked: 2, files seen: 1
[07:23:07] [delta] тик 1774800, tracked: 2, files seen: 1
[07:23:10] [delta] тик 1775100, tracked: 2, files seen: 1
[07:23:14] [delta] тик 1775400, tracked: 2, files seen: 1
[07:23:17] [delta] тик 1775700, tracked: 2, files seen: 1
[07:23:20] [delta] тик 1776000, tracked: 2, files seen: 1
[07:23:23] [delta] тик 1776300, tracked: 2, files seen: 1
[07:23:26] [delta] тик 1776600, tracked: 2, files seen: 1
[07:23:30] [delta] тик 1776900, tracked: 2, files seen: 1
[07:23:33] [delta] тик 1777200, tracked: 2, files seen: 1
[07:23:36] [delta] тик 1777500, tracked: 2, files seen: 1
[07:23:39] [delta] тик 1777800, tracked: 2, files seen: 1
[07:23:42] [delta] тик 1778100, tracked: 2, files seen: 1
[07:23:45] [delta] тик 1778400, tracked: 2, files seen: 1
[07:23:48] [delta] тик 1778700, tracked: 2, files seen: 1
[07:23:51] [delta] тик 1779000, tracked: 2, files seen: 1
[07:23:54] [delta] тик 1779300, tracked: 2, files seen: 1
[07:23:57] [delta] тик 1779600, tracked: 2, files seen: 1
[07:24:01] [delta] тик 1779900, tracked: 2, files seen: 1
[07:24:04] [delta] тик 1780200, tracked: 2, files seen: 1
[07:24:07] [delta] тик 1780500, tracked: 2, files seen: 1
[07:24:10] [delta] тик 1780800, tracked: 2, files seen: 1
[07:24:13] [delta] тик 1781100, tracked: 2, files seen: 1
[07:24:16] [delta] тик 1781400, tracked: 2, files seen: 1
[07:24:19] [delta] тик 1781700, tracked: 2, files seen: 1
[07:24:22] [delta] тик 1782000, tracked: 2, files seen: 1
[07:24:25] [delta] тик 1782300, tracked: 2, files seen: 1
[07:24:29] [delta] тик 1782600, tracked: 2, files seen: 1
[07:24:32] [delta] тик 1782900, tracked: 2, files seen: 1
[07:24:35] [delta] тик 1783200, tracked: 2, files seen: 1
[07:24:38] [delta] тик 1783500, tracked: 2, files seen: 1
[07:24:41] [delta] тик 1783800, tracked: 2, files seen: 1
[07:24:44] [delta] тик 1784100, tracked: 2, files seen: 1
[07:24:47] [delta] тик 1784400, tracked: 1, files seen: 1
[07:24:50] [delta] тик 1784700, tracked: 2, files seen: 1
[07:24:53] [delta] тик 1785000, tracked: 2, files seen: 1
[07:24:56] [delta] тик 1785300, tracked: 2, files seen: 1
[07:25:00] [delta] тик 1785600, tracked: 2, files seen: 1
[07:25:03] [delta] тик 1785900, tracked: 2, files seen: 1
[07:25:06] [delta] тик 1786200, tracked: 2, files seen: 1
[07:25:09] [delta] тик 1786500, tracked: 2, files seen: 1
[07:25:12] [delta] тик 1786800, tracked: 2, files seen: 1
[07:25:15] [delta] тик 1787100, tracked: 2, files seen: 1
[07:25:18] [delta] тик 1787400, tracked: 2, files seen: 1
[07:25:21] [delta] тик 1787700, tracked: 2, files seen: 1
[07:25:24] [delta] тик 1788000, tracked: 2, files seen: 1
[07:25:28] [delta] тик 1788300, tracked: 2, files seen: 1
[07:25:31] [delta] тик 1788600, tracked: 2, files seen: 1
[07:25:34] [delta] тик 1788900, tracked: 2, files seen: 1
[07:25:37] [delta] тик 1789200, tracked: 2, files seen: 1
[07:25:40] [delta] тик 1789500, tracked: 2, files seen: 1
[07:25:43] [delta] тик 1789800, tracked: 2, files seen: 1
[07:25:46] [delta] тик 1790100, tracked: 2, files seen: 1
[07:25:49] [delta] тик 1790400, tracked: 2, files seen: 1
[07:25:52] [delta] тик 1790700, tracked: 2, files seen: 1
[07:25:55] [delta] тик 1791000, tracked: 2, files seen: 1
[07:25:58] [delta] тик 1791300, tracked: 2, files seen: 1
[07:26:02] [delta] тик 1791600, tracked: 2, files seen: 1
[07:26:05] [delta] тик 1791900, tracked: 2, files seen: 1
[07:26:08] [delta] тик 1792200, tracked: 2, files seen: 1
[07:26:11] [delta] тик 1792500, tracked: 2, files seen: 1
[07:26:14] [delta] тик 1792800, tracked: 2, files seen: 1
[07:26:17] [delta] тик 1793100, tracked: 2, files seen: 1
[07:26:20] [delta] тик 1793400, tracked: 2, files seen: 1
[07:26:23] [delta] тик 1793700, tracked: 2, files seen: 1
[07:26:26] [delta] тик 1794000, tracked: 2, files seen: 1
[07:26:30] [delta] тик 1794300, tracked: 2, files seen: 1
[07:26:33] [delta] тик 1794600, tracked: 2, files seen: 1
[07:26:36] [delta] тик 1794900, tracked: 2, files seen: 1
[07:26:39] [delta] тик 1795200, tracked: 2, files seen: 1
[07:26:42] [delta] тик 1795500, tracked: 2, files seen: 1
[07:26:45] [delta] тик 1795800, tracked: 2, files seen: 1
[07:26:48] [delta] тик 1796100, tracked: 2, files seen: 1
[07:26:51] [delta] тик 1796400, tracked: 2, files seen: 1
[07:26:54] [delta] тик 1796700, tracked: 2, files seen: 1
[07:26:57] [delta] тик 1797000, tracked: 2, files seen: 1
[07:27:01] [delta] тик 1797300, tracked: 2, files seen: 1
[07:27:04] [delta] тик 1797600, tracked: 2, files seen: 1
[07:27:07] [delta] тик 1797900, tracked: 2, files seen: 1
[07:27:10] [delta] тик 1798200, tracked: 2, files seen: 1
[07:27:13] [delta] тик 1798500, tracked: 2, files seen: 1
[07:27:16] [delta] тик 1798800, tracked: 2, files seen: 1
[07:27:19] [delta] тик 1799100, tracked: 2, files seen: 1
[07:27:22] [delta] тик 1799400, tracked: 2, files seen: 1
[07:27:25] [delta] тик 1799700, tracked: 1, files seen: 1
[07:27:29] [delta] тик 1800000, tracked: 2, files seen: 1
[07:27:32] [delta] тик 1800300, tracked: 2, files seen: 1
[07:27:35] [delta] тик 1800600, tracked: 2, files seen: 1
[07:27:38] [delta] тик 1800900, tracked: 2, files seen: 1
[07:27:41] [delta] тик 1801200, tracked: 2, files seen: 1
[07:27:44] [delta] тик 1801500, tracked: 2, files seen: 1
[07:27:47] [delta] тик 1801800, tracked: 2, files seen: 1
[07:27:50] [delta] тик 1802100, tracked: 2, files seen: 1
[07:27:53] [delta] тик 1802400, tracked: 2, files seen: 1
[07:27:56] [delta] тик 1802700, tracked: 2, files seen: 1
[07:28:00] [delta] тик 1803000, tracked: 2, files seen: 1
[07:28:03] [delta] тик 1803300, tracked: 2, files seen: 1
[07:28:06] [delta] тик 1803600, tracked: 2, files seen: 1
[07:28:09] [delta] тик 1803900, tracked: 2, files seen: 1
[07:28:12] [delta] тик 1804200, tracked: 2, files seen: 1
[07:28:15] [delta] тик 1804500, tracked: 2, files seen: 1
[07:28:18] [delta] тик 1804800, tracked: 1, files seen: 1
[07:28:21] [delta] тик 1805100, tracked: 2, files seen: 1
[07:28:24] [delta] тик 1805400, tracked: 2, files seen: 1
[07:28:27] [delta] тик 1805700, tracked: 2, files seen: 1
[07:28:31] [delta] тик 1806000, tracked: 2, files seen: 1
[07:28:34] [delta] тик 1806300, tracked: 2, files seen: 1
[07:28:37] [delta] тик 1806600, tracked: 2, files seen: 1
[07:28:40] [delta] тик 1806900, tracked: 2, files seen: 1
[07:28:43] [delta] тик 1807200, tracked: 2, files seen: 1
[07:28:46] [delta] тик 1807500, tracked: 2, files seen: 1
[07:28:49] [delta] тик 1807800, tracked: 2, files seen: 1
[07:28:52] [delta] тик 1808100, tracked: 2, files seen: 1
[07:28:55] [delta] тик 1808400, tracked: 2, files seen: 1
[07:28:58] [delta] тик 1808700, tracked: 2, files seen: 1
[07:29:02] [delta] тик 1809000, tracked: 2, files seen: 1
[07:29:05] [delta] тик 1809300, tracked: 2, files seen: 1
[07:29:08] [delta] тик 1809600, tracked: 2, files seen: 1
[07:29:11] [delta] тик 1809900, tracked: 2, files seen: 1
[07:29:14] [delta] тик 1810200, tracked: 2, files seen: 1
[07:29:17] [delta] тик 1810500, tracked: 2, files seen: 1
[07:29:20] [delta] тик 1810800, tracked: 2, files seen: 1
[07:29:23] [delta] тик 1811100, tracked: 2, files seen: 1
[07:29:26] [delta] тик 1811400, tracked: 2, files seen: 1
[07:29:29] [delta] тик 1811700, tracked: 2, files seen: 1
[07:29:33] [delta] тик 1812000, tracked: 2, files seen: 1
[07:29:36] [delta] тик 1812300, tracked: 2, files seen: 1
[07:29:39] [delta] тик 1812600, tracked: 2, files seen: 1
[07:29:42] [delta] тик 1812900, tracked: 2, files seen: 1
[07:29:45] [delta] тик 1813200, tracked: 2, files seen: 1
[07:29:48] [delta] тик 1813500, tracked: 2, files seen: 1
[07:29:51] [delta] тик 1813800, tracked: 2, files seen: 1
[07:29:54] [delta] тик 1814100, tracked: 2, files seen: 1
[07:29:57] [delta] тик 1814400, tracked: 2, files seen: 1
[07:30:01] [delta] тик 1814700, tracked: 2, files seen: 1
[07:30:04] [delta] тик 1815000, tracked: 1, files seen: 1
[07:30:07] [delta] тик 1815300, tracked: 2, files seen: 1
[07:30:10] [delta] тик 1815600, tracked: 2, files seen: 1
[07:30:13] [delta] тик 1815900, tracked: 2, files seen: 1
[07:30:16] [delta] тик 1816200, tracked: 2, files seen: 1
[07:30:19] [delta] тик 1816500, tracked: 2, files seen: 1
[07:30:22] [delta] тик 1816800, tracked: 2, files seen: 1
[07:30:25] [delta] тик 1817100, tracked: 2, files seen: 1
[07:30:28] [delta] тик 1817400, tracked: 2, files seen: 1
[07:30:32] [delta] тик 1817700, tracked: 2, files seen: 1
[07:30:35] [delta] тик 1818000, tracked: 2, files seen: 1
[07:30:38] [delta] тик 1818300, tracked: 2, files seen: 1
[07:30:41] [delta] тик 1818600, tracked: 2, files seen: 1
[07:30:44] [delta] тик 1818900, tracked: 2, files seen: 1
[07:30:47] [delta] тик 1819200, tracked: 2, files seen: 1
[07:30:50] [delta] тик 1819500, tracked: 2, files seen: 1
[07:30:53] [delta] тик 1819800, tracked: 2, files seen: 1
[07:30:56] [delta] тик 1820100, tracked: 2, files seen: 1
[07:30:59] [delta] тик 1820400, tracked: 2, files seen: 1
[07:31:03] [delta] тик 1820700, tracked: 2, files seen: 1
[07:31:06] [delta] тик 1821000, tracked: 2, files seen: 1
[07:31:09] [delta] тик 1821300, tracked: 2, files seen: 1
[07:31:12] [delta] тик 1821600, tracked: 2, files seen: 1
[07:31:15] [delta] тик 1821900, tracked: 2, files seen: 1
[07:31:18] [delta] тик 1822200, tracked: 2, files seen: 1
[07:31:21] [delta] тик 1822500, tracked: 2, files seen: 1
[07:31:24] [delta] тик 1822800, tracked: 2, files seen: 1
[07:31:27] [delta] тик 1823100, tracked: 2, files seen: 1
[07:31:30] [delta] тик 1823400, tracked: 2, files seen: 1
[07:31:34] [delta] тик 1823700, tracked: 2, files seen: 1
[07:31:37] [delta] тик 1824000, tracked: 2, files seen: 1
[07:31:40] [delta] тик 1824300, tracked: 2, files seen: 1
[07:31:43] [delta] тик 1824600, tracked: 2, files seen: 1
[07:31:46] [delta] тик 1824900, tracked: 2, files seen: 1
[07:31:49] [delta] тик 1825200, tracked: 2, files seen: 1
[07:31:52] [delta] тик 1825500, tracked: 2, files seen: 1
[07:31:55] [delta] тик 1825800, tracked: 2, files seen: 1
[07:31:58] [delta] тик 1826100, tracked: 2, files seen: 1
[07:32:01] [delta] тик 1826400, tracked: 2, files seen: 1
[07:32:05] [delta] тик 1826700, tracked: 2, files seen: 1
[07:32:08] [delta] тик 1827000, tracked: 2, files seen: 1
[07:32:11] [delta] тик 1827300, tracked: 2, files seen: 1
[07:32:14] [delta] тик 1827600, tracked: 2, files seen: 1
[07:32:17] [delta] тик 1827900, tracked: 2, files seen: 1
[07:32:20] [delta] тик 1828200, tracked: 2, files seen: 1
[07:32:23] [delta] тик 1828500, tracked: 2, files seen: 1
[07:32:26] [delta] тик 1828800, tracked: 2, files seen: 1
[07:32:29] [delta] тик 1829100, tracked: 2, files seen: 1
[07:32:32] [delta] тик 1829400, tracked: 2, files seen: 1
[07:32:36] [delta] тик 1829700, tracked: 2, files seen: 1
[07:32:39] [delta] тик 1830000, tracked: 2, files seen: 1
[07:32:42] [delta] тик 1830300, tracked: 2, files seen: 1
[07:32:45] [delta] тик 1830600, tracked: 2, files seen: 1
[07:32:48] [delta] тик 1830900, tracked: 2, files seen: 1
[07:32:51] [delta] тик 1831200, tracked: 2, files seen: 1
[07:32:54] [delta] тик 1831500, tracked: 2, files seen: 1
[07:32:57] [delta] тик 1831800, tracked: 2, files seen: 1
[07:33:00] [delta] тик 1832100, tracked: 2, files seen: 1
[07:33:03] [delta] тик 1832400, tracked: 2, files seen: 1
[07:33:06] [delta] тик 1832700, tracked: 2, files seen: 1
[07:33:09] [delta] тик 1833000, tracked: 2, files seen: 1
[07:33:13] [delta] тик 1833300, tracked: 2, files seen: 1
[07:33:16] [delta] тик 1833600, tracked: 2, files seen: 1
[07:33:19] [delta] тик 1833900, tracked: 2, files seen: 1
[07:33:22] [delta] тик 1834200, tracked: 2, files seen: 1
[07:33:25] [delta] тик 1834500, tracked: 2, files seen: 1
[07:33:28] [delta] тик 1834800, tracked: 2, files seen: 1
[07:33:31] [delta] тик 1835100, tracked: 2, files seen: 1
[07:33:34] [delta] тик 1835400, tracked: 2, files seen: 1
[07:33:37] [delta] тик 1835700, tracked: 2, files seen: 1
[07:33:40] [delta] тик 1836000, tracked: 2, files seen: 1
[07:33:43] [delta] тик 1836300, tracked: 2, files seen: 1
[07:33:47] [delta] тик 1836600, tracked: 2, files seen: 1
[07:33:50] [delta] тик 1836900, tracked: 2, files seen: 1
[07:33:53] [delta] тик 1837200, tracked: 2, files seen: 1
[07:33:56] [delta] тик 1837500, tracked: 2, files seen: 1
[07:33:59] [delta] тик 1837800, tracked: 2, files seen: 1
[07:34:02] [delta] тик 1838100, tracked: 2, files seen: 1
[07:34:05] [delta] тик 1838400, tracked: 2, files seen: 1
[07:34:08] [delta] тик 1838700, tracked: 2, files seen: 1
[07:34:11] [delta] тик 1839000, tracked: 2, files seen: 1
[07:34:15] [delta] тик 1839300, tracked: 2, files seen: 1
[07:34:18] [delta] тик 1839600, tracked: 1, files seen: 1
[07:34:21] [delta] тик 1839900, tracked: 2, files seen: 1
[07:34:24] [delta] тик 1840200, tracked: 2, files seen: 1
[07:34:27] [delta] тик 1840500, tracked: 2, files seen: 1
[07:34:30] [delta] тик 1840800, tracked: 2, files seen: 1
[07:34:33] [delta] тик 1841100, tracked: 2, files seen: 1
[07:34:36] [delta] тик 1841400, tracked: 2, files seen: 1
[07:34:39] [delta] тик 1841700, tracked: 2, files seen: 1
[07:34:42] [delta] тик 1842000, tracked: 2, files seen: 1
[07:34:45] [delta] тик 1842300, tracked: 2, files seen: 1
[07:34:49] [delta] тик 1842600, tracked: 2, files seen: 1
[07:34:52] [delta] тик 1842900, tracked: 2, files seen: 1
[07:34:55] [delta] тик 1843200, tracked: 2, files seen: 1
[07:34:58] [delta] тик 1843500, tracked: 2, files seen: 1
[07:35:01] [delta] тик 1843800, tracked: 2, files seen: 1
[07:35:04] [delta] тик 1844100, tracked: 2, files seen: 1
[07:35:07] [delta] тик 1844400, tracked: 2, files seen: 1
[07:35:10] [delta] тик 1844700, tracked: 2, files seen: 1
[07:35:13] [delta] тик 1845000, tracked: 2, files seen: 1
[07:35:16] [delta] тик 1845300, tracked: 2, files seen: 1
[07:35:20] [delta] тик 1845600, tracked: 2, files seen: 1
[07:35:23] [delta] тик 1845900, tracked: 1, files seen: 1
[07:35:26] [delta] тик 1846200, tracked: 2, files seen: 1
[07:35:29] [delta] тик 1846500, tracked: 2, files seen: 1
[07:35:32] [delta] тик 1846800, tracked: 2, files seen: 1
[07:35:35] [delta] тик 1847100, tracked: 2, files seen: 1
[07:35:38] [delta] тик 1847400, tracked: 2, files seen: 1
[07:35:41] [delta] тик 1847700, tracked: 2, files seen: 1
[07:35:44] [delta] тик 1848000, tracked: 2, files seen: 1
[07:35:47] [delta] тик 1848300, tracked: 2, files seen: 1
[07:35:51] [delta] тик 1848600, tracked: 2, files seen: 1
[07:35:54] [delta] тик 1848900, tracked: 2, files seen: 1
[07:35:57] [delta] тик 1849200, tracked: 2, files seen: 1
[07:36:00] [delta] тик 1849500, tracked: 2, files seen: 1
[07:36:03] [delta] тик 1849800, tracked: 2, files seen: 1
[07:36:06] [delta] тик 1850100, tracked: 2, files seen: 1
[07:36:09] [delta] тик 1850400, tracked: 2, files seen: 1
[07:36:12] [delta] тик 1850700, tracked: 2, files seen: 1
[07:36:15] [delta] тик 1851000, tracked: 2, files seen: 1
[07:36:18] [delta] тик 1851300, tracked: 2, files seen: 1
[07:36:22] [delta] тик 1851600, tracked: 2, files seen: 1
[07:36:25] [delta] тик 1851900, tracked: 2, files seen: 1
[07:36:28] [delta] тик 1852200, tracked: 2, files seen: 1
[07:36:31] [delta] тик 1852500, tracked: 2, files seen: 1
[07:36:34] [delta] тик 1852800, tracked: 2, files seen: 1
[07:36:37] [delta] тик 1853100, tracked: 2, files seen: 1
[07:36:40] [delta] тик 1853400, tracked: 2, files seen: 1
[07:36:43] [delta] тик 1853700, tracked: 2, files seen: 1
[07:36:46] [delta] тик 1854000, tracked: 2, files seen: 1
[07:36:49] [delta] тик 1854300, tracked: 2, files seen: 1
[07:36:53] [delta] тик 1854600, tracked: 2, files seen: 1
[07:36:56] [delta] тик 1854900, tracked: 2, files seen: 1
[07:36:59] [delta] тик 1855200, tracked: 2, files seen: 1
[07:37:02] [delta] тик 1855500, tracked: 2, files seen: 1
[07:37:05] [delta] тик 1855800, tracked: 2, files seen: 1
[07:37:08] [delta] тик 1856100, tracked: 2, files seen: 1
[07:37:11] [delta] тик 1856400, tracked: 2, files seen: 1
[07:37:14] [delta] тик 1856700, tracked: 2, files seen: 1
[07:37:17] [delta] тик 1857000, tracked: 2, files seen: 1
[07:37:20] [delta] тик 1857300, tracked: 2, files seen: 1
[07:37:23] [delta] тик 1857600, tracked: 2, files seen: 1
[07:37:27] [delta] тик 1857900, tracked: 2, files seen: 1
[07:37:30] [delta] тик 1858200, tracked: 2, files seen: 1
[07:37:33] [delta] тик 1858500, tracked: 2, files seen: 1
[07:37:36] [delta] тик 1858800, tracked: 2, files seen: 1
[07:37:39] [delta] тик 1859100, tracked: 2, files seen: 1
[07:37:42] [delta] тик 1859400, tracked: 2, files seen: 1
[07:37:45] [delta] тик 1859700, tracked: 2, files seen: 1
[07:37:48] [delta] тик 1860000, tracked: 2, files seen: 1
[07:37:51] [delta] тик 1860300, tracked: 2, files seen: 1
[07:37:54] [delta] тик 1860600, tracked: 2, files seen: 1
[07:37:58] [delta] тик 1860900, tracked: 2, files seen: 1
[07:38:01] [delta] тик 1861200, tracked: 2, files seen: 1
[07:38:04] [delta] тик 1861500, tracked: 2, files seen: 1
[07:38:07] [delta] тик 1861800, tracked: 2, files seen: 1
[07:38:10] [delta] тик 1862100, tracked: 2, files seen: 1
[07:38:13] [delta] тик 1862400, tracked: 2, files seen: 1
[07:38:16] [delta] тик 1862700, tracked: 2, files seen: 1
[07:38:19] [delta] тик 1863000, tracked: 2, files seen: 1
[07:38:22] [delta] тик 1863300, tracked: 2, files seen: 1
[07:38:25] [delta] тик 1863600, tracked: 2, files seen: 1
[07:38:28] [delta] тик 1863900, tracked: 2, files seen: 1
[07:38:32] [delta] тик 1864200, tracked: 2, files seen: 1
[07:38:35] [delta] тик 1864500, tracked: 2, files seen: 1
[07:38:38] [delta] тик 1864800, tracked: 2, files seen: 1
[07:38:41] [delta] тик 1865100, tracked: 2, files seen: 1
[07:38:44] [delta] тик 1865400, tracked: 2, files seen: 1
[07:38:47] [delta] тик 1865700, tracked: 2, files seen: 1
[07:38:50] [delta] тик 1866000, tracked: 2, files seen: 1
[07:38:53] [delta] тик 1866300, tracked: 2, files seen: 1
[07:38:56] [delta] тик 1866600, tracked: 2, files seen: 1
[07:38:59] [delta] тик 1866900, tracked: 2, files seen: 1
[07:39:02] [delta] тик 1867200, tracked: 2, files seen: 1
[07:39:06] [delta] тик 1867500, tracked: 2, files seen: 1
[07:39:09] [delta] тик 1867800, tracked: 2, files seen: 1
[07:39:12] [delta] тик 1868100, tracked: 2, files seen: 1
[07:39:15] [delta] тик 1868400, tracked: 2, files seen: 1
[07:39:18] [delta] тик 1868700, tracked: 2, files seen: 1
[07:39:21] [delta] тик 1869000, tracked: 2, files seen: 1
[07:39:24] [delta] тик 1869300, tracked: 2, files seen: 1
[07:39:27] [delta] тик 1869600, tracked: 2, files seen: 1
[07:39:30] [delta] тик 1869900, tracked: 2, files seen: 1
[07:39:34] [delta] тик 1870200, tracked: 2, files seen: 1
[07:39:37] [delta] тик 1870500, tracked: 2, files seen: 1
[07:39:40] [delta] тик 1870800, tracked: 2, files seen: 1
[07:39:43] [delta] тик 1871100, tracked: 2, files seen: 1
[07:39:46] [delta] тик 1871400, tracked: 2, files seen: 1
[07:39:49] [delta] тик 1871700, tracked: 2, files seen: 1
[07:39:52] [delta] тик 1872000, tracked: 2, files seen: 1
[07:39:55] [delta] тик 1872300, tracked: 2, files seen: 1
[07:39:58] [delta] тик 1872600, tracked: 2, files seen: 1
[07:40:01] [delta] тик 1872900, tracked: 2, files seen: 1
[07:40:04] [delta] тик 1873200, tracked: 2, files seen: 1
[07:40:08] [delta] тик 1873500, tracked: 2, files seen: 1
[07:40:11] [delta] тик 1873800, tracked: 2, files seen: 1
[07:40:14] [delta] тик 1874100, tracked: 2, files seen: 1
[07:40:17] [delta] тик 1874400, tracked: 2, files seen: 1
[07:40:20] [delta] тик 1874700, tracked: 2, files seen: 1
[07:40:23] [delta] тик 1875000, tracked: 2, files seen: 1
[07:40:26] [delta] тик 1875300, tracked: 2, files seen: 1
[07:40:29] [delta] тик 1875600, tracked: 2, files seen: 1
[07:40:32] [delta] тик 1875900, tracked: 2, files seen: 1
[07:40:35] [delta] тик 1876200, tracked: 2, files seen: 1
[07:40:39] [delta] тик 1876500, tracked: 2, files seen: 1
[07:40:42] [delta] тик 1876800, tracked: 2, files seen: 1
[07:40:45] [delta] тик 1877100, tracked: 2, files seen: 1
[07:40:48] [delta] тик 1877400, tracked: 2, files seen: 1
[07:40:51] [delta] тик 1877700, tracked: 2, files seen: 1
[07:40:54] [delta] тик 1878000, tracked: 2, files seen: 1
[07:40:57] [delta] тик 1878300, tracked: 2, files seen: 1
[07:41:00] [delta] тик 1878600, tracked: 2, files seen: 1
[07:41:03] [delta] тик 1878900, tracked: 2, files seen: 1
[07:41:06] [delta] тик 1879200, tracked: 2, files seen: 1
[07:41:10] [delta] тик 1879500, tracked: 2, files seen: 1
[07:41:13] [delta] тик 1879800, tracked: 2, files seen: 1
[07:41:16] [delta] тик 1880100, tracked: 2, files seen: 1
[07:41:19] [delta] тик 1880400, tracked: 2, files seen: 1
[07:41:22] [delta] тик 1880700, tracked: 2, files seen: 1
[07:41:25] [delta] тик 1881000, tracked: 2, files seen: 1
[07:41:28] [delta] тик 1881300, tracked: 2, files seen: 1
[07:41:31] [delta] тик 1881600, tracked: 2, files seen: 1
[07:41:34] [delta] тик 1881900, tracked: 2, files seen: 1
[07:41:37] [delta] тик 1882200, tracked: 2, files seen: 1
[07:41:41] [delta] тик 1882500, tracked: 2, files seen: 1
[07:41:44] [delta] тик 1882800, tracked: 2, files seen: 1
[07:41:47] [delta] тик 1883100, tracked: 2, files seen: 1
[07:41:50] [delta] тик 1883400, tracked: 2, files seen: 1
[07:41:53] [delta] тик 1883700, tracked: 2, files seen: 1
[07:41:56] [delta] тик 1884000, tracked: 2, files seen: 1
[07:41:59] [delta] тик 1884300, tracked: 2, files seen: 1
[07:42:02] [delta] тик 1884600, tracked: 2, files seen: 1
[07:42:05] [delta] тик 1884900, tracked: 2, files seen: 1
[07:42:08] [delta] тик 1885200, tracked: 2, files seen: 1
[07:42:12] [delta] тик 1885500, tracked: 2, files seen: 1
[07:42:15] [delta] тик 1885800, tracked: 2, files seen: 1
[07:42:18] [delta] тик 1886100, tracked: 2, files seen: 1
[07:42:21] [delta] тик 1886400, tracked: 2, files seen: 1
[07:42:24] [delta] тик 1886700, tracked: 2, files seen: 1
[07:42:27] [delta] тик 1887000, tracked: 2, files seen: 1
[07:42:30] [delta] тик 1887300, tracked: 2, files seen: 1
[07:42:33] [delta] тик 1887600, tracked: 2, files seen: 1
[07:42:36] [delta] тик 1887900, tracked: 2, files seen: 1
[07:42:39] [delta] тик 1888200, tracked: 2, files seen: 1
[07:42:43] [delta] тик 1888500, tracked: 2, files seen: 1
[07:42:46] [delta] тик 1888800, tracked: 2, files seen: 1
[07:42:49] [delta] тик 1889100, tracked: 2, files seen: 1
[07:42:52] [delta] тик 1889400, tracked: 2, files seen: 1
[07:42:55] [delta] тик 1889700, tracked: 2, files seen: 1
[07:42:58] [delta] тик 1890000, tracked: 2, files seen: 1
[07:43:01] [delta] тик 1890300, tracked: 2, files seen: 1
[07:43:04] [delta] тик 1890600, tracked: 2, files seen: 1
[07:43:07] [delta] тик 1890900, tracked: 2, files seen: 1
[07:43:10] [delta] тик 1891200, tracked: 2, files seen: 1
[07:43:14] [delta] тик 1891500, tracked: 2, files seen: 1
[07:43:17] [delta] тик 1891800, tracked: 2, files seen: 1
[07:43:20] [delta] тик 1892100, tracked: 2, files seen: 1
[07:43:23] [delta] тик 1892400, tracked: 2, files seen: 1
[07:43:26] [delta] тик 1892700, tracked: 2, files seen: 1
[07:43:29] [delta] тик 1893000, tracked: 2, files seen: 1
[07:43:32] [delta] тик 1893300, tracked: 2, files seen: 1
[07:43:35] [delta] тик 1893600, tracked: 2, files seen: 1
[07:43:38] [delta] тик 1893900, tracked: 2, files seen: 1
[07:43:41] [delta] тик 1894200, tracked: 2, files seen: 1
[07:43:44] [delta] тик 1894500, tracked: 2, files seen: 1
[07:43:48] [delta] тик 1894800, tracked: 2, files seen: 1
[07:43:51] [delta] тик 1895100, tracked: 2, files seen: 1
[07:43:54] [delta] тик 1895400, tracked: 2, files seen: 1
[07:43:57] [delta] тик 1895700, tracked: 2, files seen: 1
[07:44:00] [delta] тик 1896000, tracked: 2, files seen: 1
[07:44:03] [delta] тик 1896300, tracked: 2, files seen: 1
[07:44:06] [delta] тик 1896600, tracked: 2, files seen: 1
[07:44:09] [delta] тик 1896900, tracked: 2, files seen: 1
[07:44:12] [delta] тик 1897200, tracked: 2, files seen: 1
[07:44:15] [delta] тик 1897500, tracked: 2, files seen: 1
[07:44:19] [delta] тик 1897800, tracked: 2, files seen: 1
[07:44:22] [delta] тик 1898100, tracked: 2, files seen: 1
[07:44:25] [delta] тик 1898400, tracked: 2, files seen: 1
[07:44:28] [delta] тик 1898700, tracked: 2, files seen: 1
[07:44:31] [delta] тик 1899000, tracked: 2, files seen: 1
[07:44:34] [delta] тик 1899300, tracked: 2, files seen: 1
[07:44:37] [delta] тик 1899600, tracked: 2, files seen: 1
[07:44:40] [delta] тик 1899900, tracked: 2, files seen: 1
[07:44:43] [delta] тик 1900200, tracked: 2, files seen: 1
[07:44:46] [delta] тик 1900500, tracked: 2, files seen: 1
[07:44:50] [delta] тик 1900800, tracked: 2, files seen: 1
[07:44:53] [delta] тик 1901100, tracked: 2, files seen: 1
[07:44:56] [delta] тик 1901400, tracked: 2, files seen: 1
[07:44:59] [delta] тик 1901700, tracked: 2, files seen: 1
[07:45:02] [delta] тик 1902000, tracked: 2, files seen: 1
[07:45:05] [delta] тик 1902300, tracked: 2, files seen: 1
[07:45:08] [delta] тик 1902600, tracked: 2, files seen: 1
[07:45:11] [delta] тик 1902900, tracked: 2, files seen: 1
[07:45:14] [delta] тик 1903200, tracked: 2, files seen: 1
[07:45:17] [delta] тик 1903500, tracked: 2, files seen: 1
[07:45:21] [delta] тик 1903800, tracked: 2, files seen: 1
[07:45:24] [delta] тик 1904100, tracked: 2, files seen: 1
[07:45:27] [delta] тик 1904400, tracked: 2, files seen: 1
[07:45:30] [delta] тик 1904700, tracked: 2, files seen: 1
[07:45:33] [delta] тик 1905000, tracked: 2, files seen: 1
[07:45:36] [delta] тик 1905300, tracked: 2, files seen: 1
[07:45:39] [delta] тик 1905600, tracked: 2, files seen: 1
[07:45:42] [delta] тик 1905900, tracked: 2, files seen: 1
[07:45:45] [delta] тик 1906200, tracked: 2, files seen: 1
[07:45:48] [delta] тик 1906500, tracked: 2, files seen: 1
[07:45:51] [delta] тик 1906800, tracked: 2, files seen: 1
[07:45:55] [delta] тик 1907100, tracked: 2, files seen: 1
[07:45:58] [delta] тик 1907400, tracked: 2, files seen: 1
[07:46:01] [delta] тик 1907700, tracked: 2, files seen: 1
[07:46:04] [delta] тик 1908000, tracked: 2, files seen: 1
[07:46:07] [delta] тик 1908300, tracked: 2, files seen: 1
[07:46:10] [delta] тик 1908600, tracked: 2, files seen: 1
[07:46:13] [delta] тик 1908900, tracked: 2, files seen: 1
[07:46:16] [delta] тик 1909200, tracked: 2, files seen: 1
[07:46:19] [delta] тик 1909500, tracked: 2, files seen: 1
[07:46:22] [delta] тик 1909800, tracked: 2, files seen: 1
[07:46:25] [delta] тик 1910100, tracked: 2, files seen: 1
[07:46:29] [delta] тик 1910400, tracked: 2, files seen: 1
[07:46:32] [delta] тик 1910700, tracked: 2, files seen: 1
[07:46:35] [delta] тик 1911000, tracked: 2, files seen: 1
[07:46:38] [delta] тик 1911300, tracked: 2, files seen: 1
[07:46:41] [delta] тик 1911600, tracked: 2, files seen: 1
[07:46:44] [delta] тик 1911900, tracked: 2, files seen: 1
[07:46:47] [delta] тик 1912200, tracked: 2, files seen: 1
[07:46:50] [delta] тик 1912500, tracked: 2, files seen: 1
[07:46:53] [delta] тик 1912800, tracked: 2, files seen: 1
[07:46:56] [delta] тик 1913100, tracked: 2, files seen: 1
[07:46:59] [delta] тик 1913400, tracked: 2, files seen: 1
[07:47:03] [delta] тик 1913700, tracked: 2, files seen: 1
[07:47:06] [delta] тик 1914000, tracked: 2, files seen: 1
[07:47:09] [delta] тик 1914300, tracked: 2, files seen: 1
[07:47:12] [delta] тик 1914600, tracked: 2, files seen: 1
[07:47:15] [delta] тик 1914900, tracked: 2, files seen: 1
[07:47:18] [delta] тик 1915200, tracked: 2, files seen: 1
[07:47:21] [delta] тик 1915500, tracked: 2, files seen: 1
[07:47:24] [delta] тик 1915800, tracked: 2, files seen: 1
[07:47:27] [delta] тик 1916100, tracked: 2, files seen: 1
[07:47:30] [delta] тик 1916400, tracked: 2, files seen: 1
[07:47:34] [delta] тик 1916700, tracked: 2, files seen: 1
[07:47:37] [delta] тик 1917000, tracked: 2, files seen: 1
[07:47:40] [delta] тик 1917300, tracked: 2, files seen: 1
[07:47:43] [delta] тик 1917600, tracked: 2, files seen: 1
[07:47:46] [delta] тик 1917900, tracked: 2, files seen: 1
[07:47:49] [delta] тик 1918200, tracked: 2, files seen: 1
[07:47:52] [delta] тик 1918500, tracked: 2, files seen: 1
[07:47:55] [delta] тик 1918800, tracked: 2, files seen: 1
[07:47:58] [delta] тик 1919100, tracked: 2, files seen: 1
[07:48:01] [delta] тик 1919400, tracked: 2, files seen: 1
[07:48:04] [delta] тик 1919700, tracked: 2, files seen: 1
[07:48:08] [delta] тик 1920000, tracked: 2, files seen: 1
[07:48:11] [delta] тик 1920300, tracked: 2, files seen: 1
[07:48:14] [delta] тик 1920600, tracked: 2, files seen: 1
[07:48:17] [delta] тик 1920900, tracked: 2, files seen: 1
[07:48:20] [delta] тик 1921200, tracked: 2, files seen: 1
[07:48:23] [delta] тик 1921500, tracked: 2, files seen: 1
[07:48:26] [delta] тик 1921800, tracked: 2, files seen: 1
[07:48:29] [delta] тик 1922100, tracked: 2, files seen: 1
[07:48:32] [delta] тик 1922400, tracked: 2, files seen: 1
[07:48:36] [delta] тик 1922700, tracked: 2, files seen: 1
[07:48:39] [delta] тик 1923000, tracked: 2, files seen: 1
[07:48:42] [delta] тик 1923300, tracked: 2, files seen: 1
[07:48:45] [delta] тик 1923600, tracked: 2, files seen: 1
[07:48:48] [delta] тик 1923900, tracked: 2, files seen: 1
[07:48:51] [delta] тик 1924200, tracked: 2, files seen: 1
[07:48:54] [delta] тик 1924500, tracked: 2, files seen: 1
[07:48:57] [delta] тик 1924800, tracked: 2, files seen: 1
[07:49:00] [delta] тик 1925100, tracked: 2, files seen: 1
[07:49:03] [delta] тик 1925400, tracked: 2, files seen: 1
[07:49:07] [delta] тик 1925700, tracked: 2, files seen: 1
[07:49:10] [delta] тик 1926000, tracked: 2, files seen: 1
[07:49:13] [delta] тик 1926300, tracked: 2, files seen: 1
[07:49:16] [delta] тик 1926600, tracked: 2, files seen: 1
[07:49:19] [delta] тик 1926900, tracked: 2, files seen: 1
[07:49:22] [delta] тик 1927200, tracked: 2, files seen: 1
[07:49:25] [delta] тик 1927500, tracked: 2, files seen: 1
[07:49:28] [delta] тик 1927800, tracked: 2, files seen: 1
[07:49:31] [delta] тик 1928100, tracked: 2, files seen: 1
[07:49:34] [delta] тик 1928400, tracked: 1, files seen: 1
[07:49:38] [delta] тик 1928700, tracked: 2, files seen: 1
[07:49:41] [delta] тик 1929000, tracked: 2, files seen: 1
[07:49:44] [delta] тик 1929300, tracked: 2, files seen: 1
[07:49:47] [delta] тик 1929600, tracked: 2, files seen: 1
[07:49:50] [delta] тик 1929900, tracked: 2, files seen: 1
[07:49:53] [delta] тик 1930200, tracked: 2, files seen: 1
[07:49:56] [delta] тик 1930500, tracked: 2, files seen: 1
[07:49:59] [delta] тик 1930800, tracked: 2, files seen: 1
[07:50:02] [delta] тик 1931100, tracked: 2, files seen: 1
[07:50:05] [delta] тик 1931400, tracked: 2, files seen: 1
[07:50:08] [delta] тик 1931700, tracked: 2, files seen: 1
[07:50:12] [delta] тик 1932000, tracked: 2, files seen: 1
[07:50:15] [delta] тик 1932300, tracked: 2, files seen: 1
[07:50:18] [delta] тик 1932600, tracked: 2, files seen: 1
[07:50:21] [delta] тик 1932900, tracked: 2, files seen: 1
[07:50:24] [delta] тик 1933200, tracked: 2, files seen: 1
[07:50:27] [delta] тик 1933500, tracked: 2, files seen: 1
[07:50:30] [delta] тик 1933800, tracked: 2, files seen: 1
[07:50:33] [delta] тик 1934100, tracked: 2, files seen: 1
[07:50:36] [delta] тик 1934400, tracked: 2, files seen: 1
[07:50:39] [delta] тик 1934700, tracked: 2, files seen: 1
[07:50:42] [delta] тик 1935000, tracked: 2, files seen: 1
[07:50:46] [delta] тик 1935300, tracked: 2, files seen: 1
[07:50:49] [delta] тик 1935600, tracked: 2, files seen: 1
[07:50:52] [delta] тик 1935900, tracked: 2, files seen: 1
[07:50:55] [delta] тик 1936200, tracked: 2, files seen: 1
[07:50:58] [delta] тик 1936500, tracked: 2, files seen: 1
[07:51:01] [delta] тик 1936800, tracked: 2, files seen: 1
[07:51:04] [delta] тик 1937100, tracked: 2, files seen: 1
[07:51:07] [delta] тик 1937400, tracked: 2, files seen: 1
[07:51:10] [delta] тик 1937700, tracked: 2, files seen: 1
[07:51:13] [delta] тик 1938000, tracked: 2, files seen: 1
[07:51:17] [delta] тик 1938300, tracked: 2, files seen: 1
[07:51:20] [delta] тик 1938600, tracked: 2, files seen: 1
[07:51:23] [delta] тик 1938900, tracked: 2, files seen: 1
[07:51:26] [delta] тик 1939200, tracked: 2, files seen: 1
[07:51:29] [delta] тик 1939500, tracked: 2, files seen: 1
[07:51:32] [delta] тик 1939800, tracked: 2, files seen: 1
[07:51:35] [delta] тик 1940100, tracked: 2, files seen: 1
[07:51:38] [delta] тик 1940400, tracked: 2, files seen: 1
[07:51:41] [delta] тик 1940700, tracked: 2, files seen: 1
[07:51:44] [delta] тик 1941000, tracked: 2, files seen: 1
[07:51:48] [delta] тик 1941300, tracked: 2, files seen: 1
[07:51:51] [delta] тик 1941600, tracked: 2, files seen: 1
[07:51:54] [delta] тик 1941900, tracked: 2, files seen: 1
[07:51:57] [delta] тик 1942200, tracked: 2, files seen: 1
[07:52:00] [delta] тик 1942500, tracked: 2, files seen: 1
[07:52:03] [delta] тик 1942800, tracked: 2, files seen: 1
[07:52:06] [delta] тик 1943100, tracked: 2, files seen: 1
[07:52:09] [delta] тик 1943400, tracked: 2, files seen: 1
[07:52:12] [delta] тик 1943700, tracked: 2, files seen: 1
[07:52:15] [delta] тик 1944000, tracked: 2, files seen: 1
[07:52:19] [delta] тик 1944300, tracked: 2, files seen: 1
[07:52:22] [delta] тик 1944600, tracked: 2, files seen: 1
[07:52:25] [delta] тик 1944900, tracked: 2, files seen: 1
[07:52:28] [delta] тик 1945200, tracked: 2, files seen: 1
[07:52:31] [delta] тик 1945500, tracked: 2, files seen: 1
[07:52:34] [delta] тик 1945800, tracked: 2, files seen: 1
[07:52:37] [delta] тик 1946100, tracked: 2, files seen: 1
[07:52:40] [delta] тик 1946400, tracked: 2, files seen: 1
[07:52:43] [delta] тик 1946700, tracked: 2, files seen: 1
[07:52:46] [delta] тик 1947000, tracked: 2, files seen: 1
[07:52:50] [delta] тик 1947300, tracked: 2, files seen: 1
[07:52:53] [delta] тик 1947600, tracked: 2, files seen: 1
[07:52:56] [delta] тик 1947900, tracked: 2, files seen: 1
[07:52:59] [delta] тик 1948200, tracked: 2, files seen: 1
[07:53:02] [delta] тик 1948500, tracked: 2, files seen: 1
[07:53:05] [delta] тик 1948800, tracked: 2, files seen: 1
[07:53:08] [delta] тик 1949100, tracked: 2, files seen: 1
[07:53:11] [delta] тик 1949400, tracked: 2, files seen: 1
[07:53:14] [delta] тик 1949700, tracked: 2, files seen: 1
[07:53:17] [delta] тик 1950000, tracked: 2, files seen: 1
[07:53:20] [delta] тик 1950300, tracked: 2, files seen: 1
[07:53:24] [delta] тик 1950600, tracked: 2, files seen: 1
[07:53:27] [delta] тик 1950900, tracked: 2, files seen: 1
[07:53:30] [delta] тик 1951200, tracked: 2, files seen: 1
[07:53:33] [delta] тик 1951500, tracked: 2, files seen: 1
[07:53:36] [delta] тик 1951800, tracked: 2, files seen: 1
[07:53:39] [delta] тик 1952100, tracked: 2, files seen: 1
[07:53:42] [delta] тик 1952400, tracked: 2, files seen: 1
[07:53:45] [delta] тик 1952700, tracked: 2, files seen: 1
[07:53:48] [delta] тик 1953000, tracked: 2, files seen: 1
[07:53:51] [delta] тик 1953300, tracked: 2, files seen: 1
[07:53:54] [delta] тик 1953600, tracked: 2, files seen: 1
[07:53:58] [delta] тик 1953900, tracked: 2, files seen: 1
[07:54:01] [delta] тик 1954200, tracked: 1, files seen: 1
[07:54:04] [delta] тик 1954500, tracked: 2, files seen: 1
[07:54:07] [delta] тик 1954800, tracked: 2, files seen: 1
[07:54:10] [delta] тик 1955100, tracked: 2, files seen: 1
[07:54:13] [delta] тик 1955400, tracked: 2, files seen: 1
[07:54:16] [delta] тик 1955700, tracked: 2, files seen: 1
[07:54:19] [delta] тик 1956000, tracked: 2, files seen: 1
[07:54:22] [delta] тик 1956300, tracked: 2, files seen: 1
[07:54:25] [delta] тик 1956600, tracked: 2, files seen: 1
[07:54:29] [delta] тик 1956900, tracked: 2, files seen: 1
[07:54:32] [delta] тик 1957200, tracked: 2, files seen: 1
[07:54:35] [delta] тик 1957500, tracked: 2, files seen: 1
[07:54:38] [delta] тик 1957800, tracked: 2, files seen: 1
[07:54:41] [delta] тик 1958100, tracked: 2, files seen: 1
[07:54:44] [delta] тик 1958400, tracked: 2, files seen: 1
[07:54:47] [delta] тик 1958700, tracked: 2, files seen: 1
[07:54:50] [delta] тик 1959000, tracked: 2, files seen: 1
[07:54:53] [delta] тик 1959300, tracked: 2, files seen: 1
[07:54:56] [delta] тик 1959600, tracked: 2, files seen: 1
[07:54:59] [delta] тик 1959900, tracked: 2, files seen: 1
[07:55:03] [delta] тик 1960200, tracked: 2, files seen: 1
[07:55:06] [delta] тик 1960500, tracked: 1, files seen: 1
[07:55:09] [delta] тик 1960800, tracked: 2, files seen: 1
[07:55:12] [delta] тик 1961100, tracked: 2, files seen: 1
[07:55:15] [delta] тик 1961400, tracked: 2, files seen: 1
[07:55:18] [delta] тик 1961700, tracked: 2, files seen: 1
[07:55:21] [delta] тик 1962000, tracked: 2, files seen: 1
[07:55:24] [delta] тик 1962300, tracked: 2, files seen: 1
[07:55:27] [delta] тик 1962600, tracked: 2, files seen: 1
[07:55:30] [delta] тик 1962900, tracked: 2, files seen: 1
[07:55:33] [delta] тик 1963200, tracked: 2, files seen: 1
[07:55:37] [delta] тик 1963500, tracked: 2, files seen: 1
[07:55:40] [delta] тик 1963800, tracked: 2, files seen: 1
[07:55:43] [delta] тик 1964100, tracked: 2, files seen: 1
[07:55:46] [delta] тик 1964400, tracked: 2, files seen: 1
[07:55:49] [delta] тик 1964700, tracked: 2, files seen: 1
[07:55:52] [delta] тик 1965000, tracked: 2, files seen: 1
[07:55:55] [delta] тик 1965300, tracked: 2, files seen: 1
[07:55:58] [delta] тик 1965600, tracked: 2, files seen: 1
[07:56:01] [delta] тик 1965900, tracked: 2, files seen: 1
[07:56:04] [delta] тик 1966200, tracked: 2, files seen: 1
[07:56:07] [delta] тик 1966500, tracked: 2, files seen: 1
[07:56:11] [delta] тик 1966800, tracked: 2, files seen: 1
[07:56:14] [delta] тик 1967100, tracked: 2, files seen: 1
[07:56:17] [delta] тик 1967400, tracked: 1, files seen: 1
[07:56:20] [delta] тик 1967700, tracked: 2, files seen: 1
[07:56:23] [delta] тик 1968000, tracked: 2, files seen: 1
[07:56:26] [delta] тик 1968300, tracked: 2, files seen: 1
[07:56:29] [delta] тик 1968600, tracked: 2, files seen: 1
[07:56:32] [delta] тик 1968900, tracked: 2, files seen: 1
[07:56:35] [delta] тик 1969200, tracked: 2, files seen: 1
[07:56:38] [delta] тик 1969500, tracked: 2, files seen: 1
[07:56:42] [delta] тик 1969800, tracked: 2, files seen: 1
[07:56:45] [delta] тик 1970100, tracked: 2, files seen: 1
[07:56:48] [delta] тик 1970400, tracked: 2, files seen: 1
[07:56:51] [delta] тик 1970700, tracked: 2, files seen: 1
[07:56:54] [delta] тик 1971000, tracked: 2, files seen: 1
[07:56:57] [delta] тик 1971300, tracked: 2, files seen: 1
[07:57:00] [delta] тик 1971600, tracked: 2, files seen: 1
[07:57:03] [delta] тик 1971900, tracked: 2, files seen: 1
[07:57:06] [delta] тик 1972200, tracked: 2, files seen: 1
[07:57:09] [delta] тик 1972500, tracked: 2, files seen: 1
[07:57:12] [delta] тик 1972800, tracked: 2, files seen: 1
[07:57:16] [delta] тик 1973100, tracked: 2, files seen: 1
[07:57:19] [delta] тик 1973400, tracked: 2, files seen: 1
[07:57:22] [delta] тик 1973700, tracked: 2, files seen: 1
[07:57:25] [delta] тик 1974000, tracked: 2, files seen: 1
[07:57:28] [delta] тик 1974300, tracked: 2, files seen: 1
[07:57:31] [delta] тик 1974600, tracked: 2, files seen: 1
[07:57:34] [delta] тик 1974900, tracked: 2, files seen: 1
[07:57:37] [delta] тик 1975200, tracked: 2, files seen: 1
[07:57:40] [delta] тик 1975500, tracked: 2, files seen: 1
[07:57:43] [delta] тик 1975800, tracked: 2, files seen: 1
[07:57:47] [delta] тик 1976100, tracked: 2, files seen: 1
[07:57:50] [delta] тик 1976400, tracked: 2, files seen: 1
[07:57:53] [delta] тик 1976700, tracked: 2, files seen: 1
[07:57:56] [delta] тик 1977000, tracked: 2, files seen: 1
[07:57:59] [delta] тик 1977300, tracked: 2, files seen: 1
[07:58:02] [delta] тик 1977600, tracked: 2, files seen: 1
[07:58:05] [delta] тик 1977900, tracked: 2, files seen: 1
[07:58:08] [delta] тик 1978200, tracked: 2, files seen: 1
[07:58:11] [delta] тик 1978500, tracked: 2, files seen: 1
[07:58:14] [delta] тик 1978800, tracked: 2, files seen: 1
[07:58:17] [delta] тик 1979100, tracked: 2, files seen: 1
[07:58:21] [delta] тик 1979400, tracked: 2, files seen: 1
[07:58:24] [delta] тик 1979700, tracked: 2, files seen: 1
[07:58:27] [delta] тик 1980000, tracked: 2, files seen: 1
[07:58:30] [delta] тик 1980300, tracked: 2, files seen: 1
[07:58:33] [delta] тик 1980600, tracked: 2, files seen: 1
[07:58:36] [delta] тик 1980900, tracked: 2, files seen: 1
[07:58:39] [delta] тик 1981200, tracked: 2, files seen: 1
[07:58:42] [delta] тик 1981500, tracked: 2, files seen: 1
[07:58:45] [delta] тик 1981800, tracked: 2, files seen: 1
[07:58:48] [delta] тик 1982100, tracked: 2, files seen: 1
[07:58:52] [delta] тик 1982400, tracked: 2, files seen: 1
[07:58:55] [delta] тик 1982700, tracked: 2, files seen: 1
[07:58:58] [delta] тик 1983000, tracked: 2, files seen: 1
[07:59:01] [delta] тик 1983300, tracked: 2, files seen: 1
[07:59:04] [delta] тик 1983600, tracked: 2, files seen: 1
[07:59:07] [delta] тик 1983900, tracked: 2, files seen: 1
[07:59:10] [delta] тик 1984200, tracked: 2, files seen: 1
[07:59:13] [delta] тик 1984500, tracked: 2, files seen: 1
[07:59:16] [delta] тик 1984800, tracked: 2, files seen: 1
[07:59:19] [delta] тик 1985100, tracked: 2, files seen: 1
[07:59:23] [delta] тик 1985400, tracked: 2, files seen: 1
[07:59:26] [delta] тик 1985700, tracked: 2, files seen: 1
[07:59:29] [delta] тик 1986000, tracked: 2, files seen: 1
[07:59:32] [delta] тик 1986300, tracked: 2, files seen: 1
[07:59:35] [delta] тик 1986600, tracked: 2, files seen: 1
[07:59:38] [delta] тик 1986900, tracked: 2, files seen: 1
[07:59:41] [delta] тик 1987200, tracked: 2, files seen: 1
[07:59:44] [delta] тик 1987500, tracked: 2, files seen: 1
[07:59:47] [delta] тик 1987800, tracked: 2, files seen: 1
[07:59:50] [delta] тик 1988100, tracked: 2, files seen: 1
[07:59:53] [delta] тик 1988400, tracked: 2, files seen: 1
[07:59:57] [delta] тик 1988700, tracked: 2, files seen: 1
[08:00:00] [delta] тик 1989000, tracked: 2, files seen: 1
[08:00:03] [delta] тик 1989300, tracked: 2, files seen: 1
[08:00:06] [delta] тик 1989600, tracked: 2, files seen: 1
[08:00:09] [delta] тик 1989900, tracked: 2, files seen: 1
[08:00:12] [delta] тик 1990200, tracked: 2, files seen: 1
[08:00:15] [delta] тик 1990500, tracked: 2, files seen: 1
[08:00:18] [delta] тик 1990800, tracked: 2, files seen: 1
[08:00:21] [delta] тик 1991100, tracked: 2, files seen: 1
[08:00:24] [delta] тик 1991400, tracked: 2, files seen: 1
[08:00:28] [delta] тик 1991700, tracked: 2, files seen: 1
[08:00:31] [delta] тик 1992000, tracked: 2, files seen: 1
[08:00:34] [delta] тик 1992300, tracked: 2, files seen: 1
[08:00:37] [delta] тик 1992600, tracked: 2, files seen: 1
[08:00:40] [delta] тик 1992900, tracked: 2, files seen: 1
[08:00:43] [delta] тик 1993200, tracked: 2, files seen: 1
[08:00:46] [delta] тик 1993500, tracked: 2, files seen: 1
[08:00:49] [delta] тик 1993800, tracked: 2, files seen: 1
[08:00:52] [delta] тик 1994100, tracked: 2, files seen: 1
[08:00:55] [delta] тик 1994400, tracked: 2, files seen: 1
[08:00:58] [delta] тик 1994700, tracked: 2, files seen: 1
[08:01:02] [delta] тик 1995000, tracked: 2, files seen: 1
[08:01:05] [delta] тик 1995300, tracked: 2, files seen: 1
[08:01:08] [delta] тик 1995600, tracked: 2, files seen: 1
[08:01:11] [delta] тик 1995900, tracked: 2, files seen: 1
[08:01:14] [delta] тик 1996200, tracked: 2, files seen: 1
[08:01:17] [delta] тик 1996500, tracked: 2, files seen: 1
[08:01:20] [delta] тик 1996800, tracked: 1, files seen: 1
[08:01:23] [delta] тик 1997100, tracked: 2, files seen: 1
[08:01:26] [delta] тик 1997400, tracked: 2, files seen: 1
[08:01:29] [delta] тик 1997700, tracked: 2, files seen: 1
[08:01:32] [delta] тик 1998000, tracked: 2, files seen: 1
[08:01:36] [delta] тик 1998300, tracked: 2, files seen: 1
[08:01:39] [delta] тик 1998600, tracked: 2, files seen: 1
[08:01:42] [delta] тик 1998900, tracked: 2, files seen: 1
[08:01:45] [delta] тик 1999200, tracked: 2, files seen: 1
[08:01:48] [delta] тик 1999500, tracked: 2, files seen: 1
[08:01:51] [delta] тик 1999800, tracked: 2, files seen: 1
[08:01:54] [delta] тик 2000100, tracked: 2, files seen: 1
[08:01:57] [delta] тик 2000400, tracked: 2, files seen: 1
[08:02:00] [delta] тик 2000700, tracked: 2, files seen: 1
[08:02:03] [delta] тик 2001000, tracked: 2, files seen: 1
[08:02:07] [delta] тик 2001300, tracked: 2, files seen: 1
[08:02:10] [delta] тик 2001600, tracked: 2, files seen: 1
[08:02:13] [delta] тик 2001900, tracked: 2, files seen: 1
[08:02:16] [delta] тик 2002200, tracked: 2, files seen: 1
[08:02:19] [delta] тик 2002500, tracked: 2, files seen: 1
[08:02:22] [delta] тик 2002800, tracked: 2, files seen: 1
[08:02:25] [delta] тик 2003100, tracked: 2, files seen: 1
[08:02:28] [delta] тик 2003400, tracked: 2, files seen: 1
[08:02:31] [delta] тик 2003700, tracked: 2, files seen: 1
[08:02:34] [delta] тик 2004000, tracked: 2, files seen: 1
[08:02:38] [delta] тик 2004300, tracked: 2, files seen: 1
[08:02:41] [delta] тик 2004600, tracked: 2, files seen: 1
[08:02:44] [delta] тик 2004900, tracked: 2, files seen: 1
[08:02:47] [delta] тик 2005200, tracked: 2, files seen: 1
[08:02:50] [delta] тик 2005500, tracked: 2, files seen: 1
[08:02:53] [delta] тик 2005800, tracked: 2, files seen: 1
[08:02:56] [delta] тик 2006100, tracked: 2, files seen: 1
[08:02:59] [delta] тик 2006400, tracked: 2, files seen: 1
[08:03:02] [delta] тик 2006700, tracked: 2, files seen: 1
[08:03:05] [delta] тик 2007000, tracked: 2, files seen: 1
[08:03:09] [delta] тик 2007300, tracked: 2, files seen: 1
[08:03:12] [delta] тик 2007600, tracked: 2, files seen: 1
[08:03:15] [delta] тик 2007900, tracked: 2, files seen: 1
[08:03:18] [delta] тик 2008200, tracked: 2, files seen: 1
[08:03:21] [delta] тик 2008500, tracked: 2, files seen: 1
[08:03:24] [delta] тик 2008800, tracked: 2, files seen: 1
[08:03:27] [delta] тик 2009100, tracked: 2, files seen: 1
[08:03:30] [delta] тик 2009400, tracked: 2, files seen: 1
[08:03:33] [delta] тик 2009700, tracked: 2, files seen: 1
[08:03:36] [delta] тик 2010000, tracked: 2, files seen: 1
[08:03:40] [delta] тик 2010300, tracked: 2, files seen: 1
[08:03:43] [delta] тик 2010600, tracked: 2, files seen: 1
[08:03:46] [delta] тик 2010900, tracked: 2, files seen: 1
[08:03:49] [delta] тик 2011200, tracked: 2, files seen: 1
[08:03:52] [delta] тик 2011500, tracked: 2, files seen: 1
[08:03:55] [delta] тик 2011800, tracked: 2, files seen: 1
[08:03:58] [delta] тик 2012100, tracked: 2, files seen: 1
[08:04:01] [delta] тик 2012400, tracked: 2, files seen: 1
[08:04:04] [delta] тик 2012700, tracked: 2, files seen: 1
[08:04:07] [delta] тик 2013000, tracked: 2, files seen: 1
[08:04:10] [delta] тик 2013300, tracked: 2, files seen: 1
[08:04:14] [delta] тик 2013600, tracked: 2, files seen: 1
[08:04:17] [delta] тик 2013900, tracked: 2, files seen: 1
[08:04:20] [delta] тик 2014200, tracked: 2, files seen: 1
[08:04:23] [delta] тик 2014500, tracked: 2, files seen: 1
[08:04:26] [delta] тик 2014800, tracked: 2, files seen: 1
[08:04:29] [delta] тик 2015100, tracked: 2, files seen: 1
[08:04:32] [delta] тик 2015400, tracked: 2, files seen: 1
[08:04:35] [delta] тик 2015700, tracked: 2, files seen: 1
[08:04:38] [delta] тик 2016000, tracked: 2, files seen: 1
[08:04:41] [delta] тик 2016300, tracked: 2, files seen: 1
[08:04:45] [delta] тик 2016600, tracked: 2, files seen: 1
[08:04:48] [delta] тик 2016900, tracked: 2, files seen: 1
[08:04:51] [delta] тик 2017200, tracked: 2, files seen: 1
[08:04:54] [delta] тик 2017500, tracked: 2, files seen: 1
[08:04:57] [delta] тик 2017800, tracked: 2, files seen: 1
[08:05:00] [delta] тик 2018100, tracked: 2, files seen: 1
[08:05:03] [delta] тик 2018400, tracked: 2, files seen: 1
[08:05:06] [delta] тик 2018700, tracked: 2, files seen: 1
[08:05:09] [delta] тик 2019000, tracked: 2, files seen: 1
[08:05:12] [delta] тик 2019300, tracked: 2, files seen: 1
[08:05:15] [delta] тик 2019600, tracked: 2, files seen: 1
[08:05:19] [delta] тик 2019900, tracked: 2, files seen: 1
[08:05:22] [delta] тик 2020200, tracked: 2, files seen: 1
[08:05:25] [delta] тик 2020500, tracked: 2, files seen: 1
[08:05:28] [delta] тик 2020800, tracked: 2, files seen: 1
[08:05:31] [delta] тик 2021100, tracked: 2, files seen: 1
[08:05:34] [delta] тик 2021400, tracked: 2, files seen: 1
[08:05:37] [delta] тик 2021700, tracked: 2, files seen: 1
[08:05:40] [delta] тик 2022000, tracked: 2, files seen: 1
[08:05:43] [delta] тик 2022300, tracked: 2, files seen: 1
[08:05:46] [delta] тик 2022600, tracked: 2, files seen: 1
[08:05:50] [delta] тик 2022900, tracked: 2, files seen: 1
[08:05:53] [delta] тик 2023200, tracked: 2, files seen: 1
[08:05:56] [delta] тик 2023500, tracked: 2, files seen: 1
[08:05:59] [delta] тик 2023800, tracked: 2, files seen: 1
[08:06:02] [delta] тик 2024100, tracked: 2, files seen: 1
[08:06:05] [delta] тик 2024400, tracked: 2, files seen: 1
[08:06:08] [delta] тик 2024700, tracked: 2, files seen: 1
[08:06:11] [delta] тик 2025000, tracked: 2, files seen: 1
[08:06:14] [delta] тик 2025300, tracked: 2, files seen: 1
[08:06:17] [delta] тик 2025600, tracked: 2, files seen: 1
[08:06:21] [delta] тик 2025900, tracked: 2, files seen: 1
[08:06:24] [delta] тик 2026200, tracked: 2, files seen: 1
[08:06:27] [delta] тик 2026500, tracked: 2, files seen: 1
[08:06:30] [delta] тик 2026800, tracked: 2, files seen: 1
[08:06:33] [delta] тик 2027100, tracked: 2, files seen: 1
[08:06:36] [delta] тик 2027400, tracked: 2, files seen: 1
[08:06:39] [delta] тик 2027700, tracked: 2, files seen: 1
[08:06:42] [delta] тик 2028000, tracked: 2, files seen: 1
[08:06:45] [delta] тик 2028300, tracked: 2, files seen: 1
[08:06:49] [delta] тик 2028600, tracked: 2, files seen: 1
[08:06:52] [delta] тик 2028900, tracked: 2, files seen: 1
[08:06:55] [delta] тик 2029200, tracked: 2, files seen: 1
[08:06:58] [delta] тик 2029500, tracked: 2, files seen: 1
[08:07:01] [delta] тик 2029800, tracked: 2, files seen: 1
[08:07:04] [delta] тик 2030100, tracked: 2, files seen: 1
[08:07:07] [delta] тик 2030400, tracked: 2, files seen: 1
[08:07:10] [delta] тик 2030700, tracked: 2, files seen: 1
[08:07:13] [delta] тик 2031000, tracked: 2, files seen: 1
[08:07:16] [delta] тик 2031300, tracked: 2, files seen: 1
[08:07:19] [delta] тик 2031600, tracked: 2, files seen: 1
[08:07:23] [delta] тик 2031900, tracked: 2, files seen: 1
[08:07:26] [delta] тик 2032200, tracked: 2, files seen: 1
[08:07:29] [delta] тик 2032500, tracked: 2, files seen: 1
[08:07:32] [delta] тик 2032800, tracked: 2, files seen: 1
[08:07:35] [delta] тик 2033100, tracked: 2, files seen: 1
[08:07:38] [delta] тик 2033400, tracked: 2, files seen: 1
[08:07:41] [delta] тик 2033700, tracked: 2, files seen: 1
[08:07:44] [delta] тик 2034000, tracked: 2, files seen: 1
[08:07:47] [delta] тик 2034300, tracked: 2, files seen: 1
[08:07:50] [delta] тик 2034600, tracked: 2, files seen: 1
[08:07:54] [delta] тик 2034900, tracked: 2, files seen: 1
[08:07:57] [delta] тик 2035200, tracked: 2, files seen: 1
[08:08:00] [delta] тик 2035500, tracked: 2, files seen: 1
[08:08:03] [delta] тик 2035800, tracked: 2, files seen: 1
[08:08:06] [delta] тик 2036100, tracked: 2, files seen: 1
[08:08:09] [delta] тик 2036400, tracked: 2, files seen: 1
[08:08:12] [delta] тик 2036700, tracked: 2, files seen: 1
[08:08:15] [delta] тик 2037000, tracked: 2, files seen: 1
[08:08:18] [delta] тик 2037300, tracked: 2, files seen: 1
[08:08:21] [delta] тик 2037600, tracked: 2, files seen: 1
[08:08:25] [delta] тик 2037900, tracked: 2, files seen: 1
[08:08:28] [delta] тик 2038200, tracked: 2, files seen: 1
[08:08:31] [delta] тик 2038500, tracked: 2, files seen: 1
[08:08:34] [delta] тик 2038800, tracked: 2, files seen: 1
[08:08:37] [delta] тик 2039100, tracked: 2, files seen: 1
[08:08:40] [delta] тик 2039400, tracked: 2, files seen: 1
[08:08:43] [delta] тик 2039700, tracked: 2, files seen: 1
[08:08:46] [delta] тик 2040000, tracked: 2, files seen: 1
[08:08:49] [delta] тик 2040300, tracked: 2, files seen: 1
[08:08:52] [delta] тик 2040600, tracked: 1, files seen: 1
[08:08:56] [delta] тик 2040900, tracked: 2, files seen: 1
[08:08:59] [delta] тик 2041200, tracked: 2, files seen: 1
[08:09:02] [delta] тик 2041500, tracked: 2, files seen: 1
[08:09:05] [delta] тик 2041800, tracked: 2, files seen: 1
[08:09:08] [delta] тик 2042100, tracked: 2, files seen: 1
[08:09:11] [delta] тик 2042400, tracked: 2, files seen: 1
[08:09:14] [delta] тик 2042700, tracked: 2, files seen: 1
[08:09:17] [delta] тик 2043000, tracked: 2, files seen: 1
[08:09:20] [delta] тик 2043300, tracked: 2, files seen: 1
[08:09:23] [delta] тик 2043600, tracked: 2, files seen: 1
[08:09:27] [delta] тик 2043900, tracked: 2, files seen: 1
[08:09:30] [delta] тик 2044200, tracked: 2, files seen: 1
[08:09:33] [delta] тик 2044500, tracked: 2, files seen: 1
[08:09:36] [delta] тик 2044800, tracked: 2, files seen: 1
[08:09:39] [delta] тик 2045100, tracked: 2, files seen: 1
[08:09:42] [delta] тик 2045400, tracked: 2, files seen: 1
[08:09:45] [delta] тик 2045700, tracked: 1, files seen: 1
[08:09:48] [delta] тик 2046000, tracked: 2, files seen: 1
[08:09:51] [delta] тик 2046300, tracked: 2, files seen: 1
[08:09:55] [delta] тик 2046600, tracked: 2, files seen: 1
[08:09:58] [delta] тик 2046900, tracked: 2, files seen: 1
[08:10:01] [delta] тик 2047200, tracked: 2, files seen: 1
[08:10:04] [delta] тик 2047500, tracked: 2, files seen: 1
[08:10:07] [delta] тик 2047800, tracked: 2, files seen: 1
[08:10:10] [delta] тик 2048100, tracked: 2, files seen: 1
[08:10:13] [delta] тик 2048400, tracked: 2, files seen: 1
[08:10:16] [delta] тик 2048700, tracked: 2, files seen: 1
[08:10:19] [delta] тик 2049000, tracked: 2, files seen: 1
[08:10:23] [delta] тик 2049300, tracked: 2, files seen: 1
[08:10:26] [delta] тик 2049600, tracked: 2, files seen: 1
[08:10:29] [delta] тик 2049900, tracked: 2, files seen: 1
[08:10:32] [delta] тик 2050200, tracked: 2, files seen: 1
[08:10:35] [delta] тик 2050500, tracked: 2, files seen: 1
[08:10:38] [delta] тик 2050800, tracked: 2, files seen: 1
[08:10:41] [delta] тик 2051100, tracked: 2, files seen: 1
[08:10:44] [delta] тик 2051400, tracked: 2, files seen: 1
[08:10:47] [delta] тик 2051700, tracked: 2, files seen: 1
[08:10:50] [delta] тик 2052000, tracked: 2, files seen: 1
[08:10:53] [delta] тик 2052300, tracked: 2, files seen: 1
[08:10:57] [delta] тик 2052600, tracked: 2, files seen: 1
[08:11:00] [delta] тик 2052900, tracked: 2, files seen: 1
[08:11:03] [delta] тик 2053200, tracked: 2, files seen: 1
[08:11:06] [delta] тик 2053500, tracked: 2, files seen: 1
[08:11:09] [delta] тик 2053800, tracked: 2, files seen: 1
[08:11:12] [delta] тик 2054100, tracked: 2, files seen: 1
[08:11:15] [delta] тик 2054400, tracked: 2, files seen: 1
[08:11:18] [delta] тик 2054700, tracked: 2, files seen: 1
[08:11:21] [delta] тик 2055000, tracked: 2, files seen: 1
[08:11:25] [delta] тик 2055300, tracked: 2, files seen: 1
[08:11:28] [delta] тик 2055600, tracked: 2, files seen: 1
[08:11:31] [delta] тик 2055900, tracked: 2, files seen: 1
[08:11:34] [delta] тик 2056200, tracked: 2, files seen: 1
[08:11:37] [delta] тик 2056500, tracked: 2, files seen: 1
[08:11:40] [delta] тик 2056800, tracked: 2, files seen: 1
[08:11:43] [delta] тик 2057100, tracked: 2, files seen: 1
[08:11:46] [delta] тик 2057400, tracked: 2, files seen: 1
[08:11:49] [delta] тик 2057700, tracked: 2, files seen: 1
[08:11:52] [delta] тик 2058000, tracked: 2, files seen: 1
[08:11:56] [delta] тик 2058300, tracked: 1, files seen: 1
[08:11:59] [delta] тик 2058600, tracked: 2, files seen: 1
[08:12:02] [delta] тик 2058900, tracked: 1, files seen: 1
[08:12:05] [delta] тик 2059200, tracked: 2, files seen: 1
[08:12:08] [delta] тик 2059500, tracked: 2, files seen: 1
[08:12:11] [delta] тик 2059800, tracked: 2, files seen: 1
[08:12:14] [delta] тик 2060100, tracked: 2, files seen: 1
[08:12:17] [delta] тик 2060400, tracked: 2, files seen: 1
[08:12:20] [delta] тик 2060700, tracked: 2, files seen: 1
[08:12:23] [delta] тик 2061000, tracked: 2, files seen: 1
[08:12:27] [delta] тик 2061300, tracked: 2, files seen: 1
[08:12:30] [delta] тик 2061600, tracked: 2, files seen: 1
[08:12:33] [delta] тик 2061900, tracked: 2, files seen: 1
[08:12:36] [delta] тик 2062200, tracked: 2, files seen: 1
[08:12:39] [delta] тик 2062500, tracked: 2, files seen: 1
[08:12:42] [delta] тик 2062800, tracked: 2, files seen: 1
[08:12:45] [delta] тик 2063100, tracked: 2, files seen: 1
[08:12:48] [delta] тик 2063400, tracked: 2, files seen: 1
[08:12:51] [delta] тик 2063700, tracked: 2, files seen: 1
[08:12:54] [delta] тик 2064000, tracked: 1, files seen: 1
[08:12:58] [delta] тик 2064300, tracked: 2, files seen: 1
[08:13:01] [delta] тик 2064600, tracked: 2, files seen: 1
[08:13:04] [delta] тик 2064900, tracked: 2, files seen: 1
[08:13:07] [delta] тик 2065200, tracked: 2, files seen: 1
[08:13:10] [delta] тик 2065500, tracked: 2, files seen: 1
[08:13:13] [delta] тик 2065800, tracked: 2, files seen: 1
[08:13:16] [delta] тик 2066100, tracked: 2, files seen: 1
[08:13:19] [delta] тик 2066400, tracked: 2, files seen: 1
[08:13:22] [delta] тик 2066700, tracked: 2, files seen: 1
[08:13:25] [delta] тик 2067000, tracked: 2, files seen: 1
[08:13:28] [delta] тик 2067300, tracked: 2, files seen: 1
[08:13:32] [delta] тик 2067600, tracked: 2, files seen: 1
[08:13:35] [delta] тик 2067900, tracked: 2, files seen: 1
[08:13:38] [delta] тик 2068200, tracked: 2, files seen: 1
[08:13:41] [delta] тик 2068500, tracked: 2, files seen: 1
[08:13:44] [delta] тик 2068800, tracked: 2, files seen: 1
[08:13:47] [delta] тик 2069100, tracked: 2, files seen: 1
[08:13:50] [delta] тик 2069400, tracked: 2, files seen: 1
[08:13:53] [delta] тик 2069700, tracked: 2, files seen: 1
[08:13:56] [delta] тик 2070000, tracked: 2, files seen: 1
[08:14:00] [delta] тик 2070300, tracked: 2, files seen: 1
[08:14:03] [delta] тик 2070600, tracked: 2, files seen: 1
[08:14:06] [delta] тик 2070900, tracked: 2, files seen: 1
[08:14:09] [delta] тик 2071200, tracked: 2, files seen: 1
[08:14:12] [delta] тик 2071500, tracked: 2, files seen: 1
[08:14:15] [delta] тик 2071800, tracked: 2, files seen: 1
[08:14:18] [delta] тик 2072100, tracked: 2, files seen: 1
[08:14:21] [delta] тик 2072400, tracked: 2, files seen: 1
[08:14:24] [delta] тик 2072700, tracked: 2, files seen: 1
[08:14:27] [delta] тик 2073000, tracked: 2, files seen: 1
[08:14:31] [delta] тик 2073300, tracked: 2, files seen: 1
[08:14:34] [delta] тик 2073600, tracked: 2, files seen: 1
[08:14:37] [delta] тик 2073900, tracked: 2, files seen: 1
[08:14:40] [delta] тик 2074200, tracked: 2, files seen: 1
[08:14:43] [delta] тик 2074500, tracked: 2, files seen: 1
[08:14:46] [delta] тик 2074800, tracked: 2, files seen: 1
[08:14:49] [delta] тик 2075100, tracked: 2, files seen: 1
[08:14:52] [delta] тик 2075400, tracked: 2, files seen: 1
[08:14:55] [delta] тик 2075700, tracked: 2, files seen: 1
[08:14:58] [delta] тик 2076000, tracked: 2, files seen: 1
[08:15:01] [delta] тик 2076300, tracked: 2, files seen: 1
[08:15:05] [delta] тик 2076600, tracked: 2, files seen: 1
[08:15:08] [delta] тик 2076900, tracked: 2, files seen: 1
[08:15:11] [delta] тик 2077200, tracked: 2, files seen: 1
[08:15:14] [delta] тик 2077500, tracked: 2, files seen: 1
[08:15:17] [delta] тик 2077800, tracked: 2, files seen: 1
[08:15:20] [delta] тик 2078100, tracked: 2, files seen: 1
[08:15:23] [delta] тик 2078400, tracked: 2, files seen: 1
[08:15:26] [delta] тик 2078700, tracked: 2, files seen: 1
[08:15:29] [delta] тик 2079000, tracked: 2, files seen: 1
[08:15:32] [delta] тик 2079300, tracked: 2, files seen: 1
[08:15:36] [delta] тик 2079600, tracked: 2, files seen: 1
[08:15:39] [delta] тик 2079900, tracked: 2, files seen: 1
[08:15:42] [delta] тик 2080200, tracked: 2, files seen: 1
[08:15:45] [delta] тик 2080500, tracked: 2, files seen: 1
[08:15:48] [delta] тик 2080800, tracked: 2, files seen: 1
[08:15:51] [delta] тик 2081100, tracked: 2, files seen: 1
[08:15:54] [delta] тик 2081400, tracked: 2, files seen: 1
[08:15:57] [delta] тик 2081700, tracked: 2, files seen: 1
[08:16:00] [delta] тик 2082000, tracked: 2, files seen: 1
[08:16:04] [delta] тик 2082300, tracked: 2, files seen: 1
[08:16:07] [delta] тик 2082600, tracked: 2, files seen: 1
[08:16:10] [delta] тик 2082900, tracked: 2, files seen: 1
[08:16:13] [delta] тик 2083200, tracked: 2, files seen: 1
[08:16:16] [delta] тик 2083500, tracked: 2, files seen: 1
[08:16:19] [delta] тик 2083800, tracked: 2, files seen: 1
[08:16:22] [delta] тик 2084100, tracked: 2, files seen: 1
[08:16:25] [delta] тик 2084400, tracked: 2, files seen: 1
[08:16:28] [delta] тик 2084700, tracked: 2, files seen: 1
[08:16:31] [delta] тик 2085000, tracked: 2, files seen: 1
[08:16:35] [delta] тик 2085300, tracked: 2, files seen: 1
[08:16:38] [delta] тик 2085600, tracked: 2, files seen: 1
[08:16:41] [delta] тик 2085900, tracked: 2, files seen: 1
[08:16:44] [delta] тик 2086200, tracked: 2, files seen: 1
[08:16:47] [delta] тик 2086500, tracked: 2, files seen: 1
[08:16:50] [delta] тик 2086800, tracked: 2, files seen: 1
[08:16:53] [delta] тик 2087100, tracked: 2, files seen: 1
[08:16:56] [delta] тик 2087400, tracked: 2, files seen: 1
[08:16:59] [delta] тик 2087700, tracked: 2, files seen: 1
[08:17:02] [delta] тик 2088000, tracked: 2, files seen: 1
[08:17:06] [delta] тик 2088300, tracked: 2, files seen: 1
[08:17:09] [delta] тик 2088600, tracked: 2, files seen: 1
[08:17:12] [delta] тик 2088900, tracked: 2, files seen: 1
[08:17:15] [delta] тик 2089200, tracked: 2, files seen: 1
[08:17:18] [delta] тик 2089500, tracked: 2, files seen: 1
[08:17:21] [delta] тик 2089800, tracked: 2, files seen: 1
[08:17:24] [delta] тик 2090100, tracked: 2, files seen: 1
[08:17:27] [delta] тик 2090400, tracked: 2, files seen: 1
[08:17:30] [delta] тик 2090700, tracked: 2, files seen: 1
[08:17:33] [delta] тик 2091000, tracked: 2, files seen: 1
[08:17:37] [delta] тик 2091300, tracked: 2, files seen: 1
[08:17:40] [delta] тик 2091600, tracked: 2, files seen: 1
[08:17:43] [delta] тик 2091900, tracked: 2, files seen: 1
[08:17:46] [delta] тик 2092200, tracked: 2, files seen: 1
[08:17:49] [delta] тик 2092500, tracked: 2, files seen: 1
[08:17:52] [delta] тик 2092800, tracked: 2, files seen: 1
[08:17:55] [delta] тик 2093100, tracked: 2, files seen: 1
[08:17:58] [delta] тик 2093400, tracked: 2, files seen: 1
[08:18:01] [delta] тик 2093700, tracked: 2, files seen: 1
[08:18:04] [delta] тик 2094000, tracked: 2, files seen: 1
[08:18:07] [delta] тик 2094300, tracked: 2, files seen: 1
[08:18:11] [delta] тик 2094600, tracked: 2, files seen: 1
[08:18:14] [delta] тик 2094900, tracked: 2, files seen: 1
[08:18:17] [delta] тик 2095200, tracked: 2, files seen: 1
[08:18:20] [delta] тик 2095500, tracked: 2, files seen: 1
[08:18:23] [delta] тик 2095800, tracked: 2, files seen: 1
[08:18:26] [delta] тик 2096100, tracked: 2, files seen: 1
[08:18:29] [delta] тик 2096400, tracked: 2, files seen: 1
[08:18:32] [delta] тик 2096700, tracked: 2, files seen: 1
[08:18:35] [delta] тик 2097000, tracked: 2, files seen: 1
[08:18:38] [delta] тик 2097300, tracked: 2, files seen: 1
[08:18:42] [delta] тик 2097600, tracked: 2, files seen: 1
[08:18:45] [delta] тик 2097900, tracked: 2, files seen: 1
[08:18:48] [delta] тик 2098200, tracked: 2, files seen: 1
[08:18:51] [delta] тик 2098500, tracked: 2, files seen: 1
[08:18:54] [delta] тик 2098800, tracked: 2, files seen: 1
[08:18:57] [delta] тик 2099100, tracked: 2, files seen: 1
[08:19:00] [delta] тик 2099400, tracked: 2, files seen: 1
[08:19:03] [delta] тик 2099700, tracked: 2, files seen: 1
[08:19:06] [delta] тик 2100000, tracked: 2, files seen: 1
[08:19:09] [delta] тик 2100300, tracked: 2, files seen: 1
[08:19:13] [delta] тик 2100600, tracked: 2, files seen: 1
[08:19:16] [delta] тик 2100900, tracked: 2, files seen: 1
[08:19:19] [delta] тик 2101200, tracked: 2, files seen: 1
[08:19:22] [delta] тик 2101500, tracked: 2, files seen: 1
[08:19:25] [delta] тик 2101800, tracked: 2, files seen: 1
[08:19:28] [delta] тик 2102100, tracked: 2, files seen: 1
[08:19:31] [delta] тик 2102400, tracked: 2, files seen: 1
[08:19:34] [delta] тик 2102700, tracked: 2, files seen: 1
[08:19:37] [delta] тик 2103000, tracked: 2, files seen: 1
[08:19:40] [delta] тик 2103300, tracked: 2, files seen: 1
[08:19:44] [delta] тик 2103600, tracked: 2, files seen: 1
[08:19:47] [delta] тик 2103900, tracked: 2, files seen: 1
[08:19:50] [delta] тик 2104200, tracked: 2, files seen: 1
[08:19:53] [delta] тик 2104500, tracked: 2, files seen: 1
[08:19:56] [delta] тик 2104800, tracked: 2, files seen: 1
[08:19:59] [delta] тик 2105100, tracked: 2, files seen: 1
[08:20:02] [delta] тик 2105400, tracked: 2, files seen: 1
[08:20:05] [delta] тик 2105700, tracked: 2, files seen: 1
[08:20:08] [delta] тик 2106000, tracked: 2, files seen: 1
[08:20:12] [delta] тик 2106300, tracked: 2, files seen: 1
[08:20:15] [delta] тик 2106600, tracked: 2, files seen: 1
[08:20:18] [delta] тик 2106900, tracked: 2, files seen: 1
[08:20:21] [delta] тик 2107200, tracked: 2, files seen: 1
[08:20:24] [delta] тик 2107500, tracked: 2, files seen: 1
[08:20:27] [delta] тик 2107800, tracked: 2, files seen: 1
[08:20:30] [delta] тик 2108100, tracked: 2, files seen: 1
[08:20:33] [delta] тик 2108400, tracked: 2, files seen: 1
[08:20:36] [delta] тик 2108700, tracked: 2, files seen: 1
[08:20:39] [delta] тик 2109000, tracked: 2, files seen: 1
[08:20:43] [delta] тик 2109300, tracked: 2, files seen: 1
[08:20:46] [delta] тик 2109600, tracked: 2, files seen: 1
[08:20:49] [delta] тик 2109900, tracked: 2, files seen: 1
[08:20:52] [delta] тик 2110200, tracked: 2, files seen: 1
[08:20:55] [delta] тик 2110500, tracked: 2, files seen: 1
[08:20:58] [delta] тик 2110800, tracked: 2, files seen: 1
[08:21:01] [delta] тик 2111100, tracked: 2, files seen: 1
[08:21:04] [delta] тик 2111400, tracked: 1, files seen: 1
[08:21:07] [delta] тик 2111700, tracked: 2, files seen: 1
[08:21:10] [delta] тик 2112000, tracked: 2, files seen: 1
[08:21:14] [delta] тик 2112300, tracked: 2, files seen: 1
[08:21:17] [delta] тик 2112600, tracked: 2, files seen: 1
[08:21:20] [delta] тик 2112900, tracked: 2, files seen: 1
[08:21:23] [delta] тик 2113200, tracked: 2, files seen: 1
[08:21:26] [delta] тик 2113500, tracked: 2, files seen: 1
[08:21:29] [delta] тик 2113800, tracked: 2, files seen: 1
[08:21:32] [delta] тик 2114100, tracked: 2, files seen: 1
[08:21:35] [delta] тик 2114400, tracked: 2, files seen: 1
[08:21:38] [delta] тик 2114700, tracked: 2, files seen: 1
[08:21:41] [delta] тик 2115000, tracked: 2, files seen: 1
[08:21:45] [delta] тик 2115300, tracked: 2, files seen: 1
[08:21:48] [delta] тик 2115600, tracked: 2, files seen: 1
[08:21:51] [delta] тик 2115900, tracked: 2, files seen: 1
[08:21:54] [delta] тик 2116200, tracked: 2, files seen: 1
[08:21:57] [delta] тик 2116500, tracked: 2, files seen: 1
[08:22:00] [delta] тик 2116800, tracked: 2, files seen: 1
[08:22:03] [delta] тик 2117100, tracked: 2, files seen: 1
[08:22:06] [delta] тик 2117400, tracked: 2, files seen: 1
[08:22:09] [delta] тик 2117700, tracked: 2, files seen: 1
[08:22:12] [delta] тик 2118000, tracked: 2, files seen: 1
[08:22:16] [delta] тик 2118300, tracked: 2, files seen: 1
[08:22:19] [delta] тик 2118600, tracked: 2, files seen: 1
[08:22:22] [delta] тик 2118900, tracked: 2, files seen: 1
[08:22:25] [delta] тик 2119200, tracked: 2, files seen: 1
[08:22:28] [delta] тик 2119500, tracked: 2, files seen: 1
[08:22:31] [delta] тик 2119800, tracked: 2, files seen: 1
[08:22:34] [delta] тик 2120100, tracked: 2, files seen: 1
[08:22:37] [delta] тик 2120400, tracked: 2, files seen: 1
[08:22:40] [delta] тик 2120700, tracked: 2, files seen: 1
[08:22:43] [delta] тик 2121000, tracked: 2, files seen: 1
[08:22:46] [delta] тик 2121300, tracked: 2, files seen: 1
[08:22:50] [delta] тик 2121600, tracked: 2, files seen: 1
[08:22:53] [delta] тик 2121900, tracked: 2, files seen: 1
[08:22:56] [delta] тик 2122200, tracked: 2, files seen: 1
[08:22:59] [delta] тик 2122500, tracked: 2, files seen: 1
[08:23:02] [delta] тик 2122800, tracked: 2, files seen: 1
[08:23:05] [delta] тик 2123100, tracked: 2, files seen: 1
[08:23:08] [delta] тик 2123400, tracked: 2, files seen: 1
[08:23:11] [delta] тик 2123700, tracked: 2, files seen: 1
[08:23:14] [delta] тик 2124000, tracked: 2, files seen: 1
[08:23:18] [delta] тик 2124300, tracked: 2, files seen: 1
[08:23:21] [delta] тик 2124600, tracked: 2, files seen: 1
[08:23:24] [delta] тик 2124900, tracked: 2, files seen: 1
[08:23:27] [delta] тик 2125200, tracked: 2, files seen: 1
[08:23:30] [delta] тик 2125500, tracked: 2, files seen: 1
[08:23:34] [delta] тик 2125800, tracked: 2, files seen: 1
[08:23:37] [delta] тик 2126100, tracked: 2, files seen: 1
[08:23:40] [delta] тик 2126400, tracked: 2, files seen: 1
[08:23:43] [delta] тик 2126700, tracked: 2, files seen: 1
[08:23:46] [delta] тик 2127000, tracked: 2, files seen: 1
[08:23:49] [delta] тик 2127300, tracked: 2, files seen: 1
[08:23:52] [delta] тик 2127600, tracked: 2, files seen: 1
[08:23:55] [delta] тик 2127900, tracked: 2, files seen: 1
[08:23:58] [delta] тик 2128200, tracked: 2, files seen: 1
[08:24:01] [delta] тик 2128500, tracked: 2, files seen: 1
[08:24:05] [delta] тик 2128800, tracked: 2, files seen: 1
[08:24:08] [delta] тик 2129100, tracked: 2, files seen: 1
[08:24:11] [delta] тик 2129400, tracked: 2, files seen: 1
[08:24:14] [delta] тик 2129700, tracked: 2, files seen: 1
[08:24:17] [delta] тик 2130000, tracked: 2, files seen: 1
[08:24:20] [delta] тик 2130300, tracked: 2, files seen: 1
[08:24:23] [delta] тик 2130600, tracked: 2, files seen: 1
[08:24:26] [delta] тик 2130900, tracked: 2, files seen: 1
[08:24:29] [delta] тик 2131200, tracked: 2, files seen: 1
[08:24:33] [delta] тик 2131500, tracked: 2, files seen: 1
[08:24:36] [delta] тик 2131800, tracked: 2, files seen: 1
[08:24:39] [delta] тик 2132100, tracked: 2, files seen: 1
[08:24:42] [delta] тик 2132400, tracked: 2, files seen: 1
[08:24:45] [delta] тик 2132700, tracked: 2, files seen: 1
[08:24:48] [delta] тик 2133000, tracked: 2, files seen: 1
[08:24:51] [delta] тик 2133300, tracked: 2, files seen: 1
[08:24:54] [delta] тик 2133600, tracked: 2, files seen: 1
[08:24:57] [delta] тик 2133900, tracked: 2, files seen: 1
[08:25:00] [delta] тик 2134200, tracked: 2, files seen: 1
[08:25:04] [delta] тик 2134500, tracked: 2, files seen: 1
[08:25:07] [delta] тик 2134800, tracked: 2, files seen: 1
[08:25:10] [delta] тик 2135100, tracked: 2, files seen: 1
[08:25:13] [delta] тик 2135400, tracked: 2, files seen: 1
[08:25:16] [delta] тик 2135700, tracked: 2, files seen: 1
[08:25:19] [delta] тик 2136000, tracked: 2, files seen: 1
[08:25:22] [delta] тик 2136300, tracked: 2, files seen: 1
[08:25:25] [delta] тик 2136600, tracked: 2, files seen: 1
[08:25:28] [delta] тик 2136900, tracked: 2, files seen: 1
[08:25:31] [delta] тик 2137200, tracked: 2, files seen: 1
[08:25:35] [delta] тик 2137500, tracked: 2, files seen: 1
[08:25:38] [delta] тик 2137800, tracked: 2, files seen: 1
[08:25:41] [delta] тик 2138100, tracked: 2, files seen: 1
[08:25:44] [delta] тик 2138400, tracked: 2, files seen: 1
[08:25:47] [delta] тик 2138700, tracked: 2, files seen: 1
[08:25:50] [delta] тик 2139000, tracked: 2, files seen: 1
[08:25:53] [delta] тик 2139300, tracked: 2, files seen: 1
[08:25:56] [delta] тик 2139600, tracked: 2, files seen: 1
[08:25:59] [delta] тик 2139900, tracked: 2, files seen: 1
[08:26:02] [delta] тик 2140200, tracked: 2, files seen: 1
[08:26:06] [delta] тик 2140500, tracked: 2, files seen: 1
[08:26:09] [delta] тик 2140800, tracked: 2, files seen: 1
[08:26:12] [delta] тик 2141100, tracked: 2, files seen: 1
[08:26:15] [delta] тик 2141400, tracked: 2, files seen: 1
[08:26:18] [delta] тик 2141700, tracked: 2, files seen: 1
[08:26:21] [delta] тик 2142000, tracked: 2, files seen: 1
[08:26:24] [delta] тик 2142300, tracked: 2, files seen: 1
[08:26:27] [delta] тик 2142600, tracked: 2, files seen: 1
[08:26:30] [delta] тик 2142900, tracked: 2, files seen: 1
[08:26:34] [delta] тик 2143200, tracked: 2, files seen: 1
[08:26:37] [delta] тик 2143500, tracked: 2, files seen: 1
[08:26:40] [delta] тик 2143800, tracked: 2, files seen: 1
[08:26:43] [delta] тик 2144100, tracked: 2, files seen: 1
[08:26:46] [delta] тик 2144400, tracked: 2, files seen: 1
[08:26:49] [delta] тик 2144700, tracked: 2, files seen: 1
[08:26:52] [delta] тик 2145000, tracked: 2, files seen: 1
[08:26:55] [delta] тик 2145300, tracked: 2, files seen: 1
[08:26:58] [delta] тик 2145600, tracked: 2, files seen: 1
[08:27:01] [delta] тик 2145900, tracked: 2, files seen: 1
[08:27:05] [delta] тик 2146200, tracked: 2, files seen: 1
[08:27:08] [delta] тик 2146500, tracked: 2, files seen: 1
[08:27:11] [delta] тик 2146800, tracked: 2, files seen: 1
[08:27:14] [delta] тик 2147100, tracked: 2, files seen: 1
[08:27:17] [delta] тик 2147400, tracked: 2, files seen: 1
[08:27:20] [delta] тик 2147700, tracked: 2, files seen: 1
[08:27:23] [delta] тик 2148000, tracked: 2, files seen: 1
[08:27:26] [delta] тик 2148300, tracked: 2, files seen: 1
[08:27:29] [delta] тик 2148600, tracked: 2, files seen: 1
[08:27:32] [delta] тик 2148900, tracked: 2, files seen: 1
[08:27:36] [delta] тик 2149200, tracked: 2, files seen: 1
[08:27:39] [delta] тик 2149500, tracked: 2, files seen: 1
[08:27:42] [delta] тик 2149800, tracked: 2, files seen: 1
[08:27:45] [delta] тик 2150100, tracked: 2, files seen: 1
[08:27:48] [delta] тик 2150400, tracked: 2, files seen: 1
[08:27:51] [delta] тик 2150700, tracked: 2, files seen: 1
[08:27:54] [delta] тик 2151000, tracked: 2, files seen: 1
[08:27:57] [delta] тик 2151300, tracked: 2, files seen: 1
[08:28:00] [delta] тик 2151600, tracked: 2, files seen: 1
[08:28:03] [delta] тик 2151900, tracked: 2, files seen: 1
[08:28:07] [delta] тик 2152200, tracked: 2, files seen: 1
[08:28:10] [delta] тик 2152500, tracked: 2, files seen: 1
[08:28:13] [delta] тик 2152800, tracked: 2, files seen: 1
[08:28:16] [delta] тик 2153100, tracked: 2, files seen: 1
[08:28:19] [delta] тик 2153400, tracked: 2, files seen: 1
[08:28:22] [delta] тик 2153700, tracked: 2, files seen: 1
[08:28:25] [delta] тик 2154000, tracked: 2, files seen: 1
[08:28:28] [delta] тик 2154300, tracked: 2, files seen: 1
[08:28:31] [delta] тик 2154600, tracked: 2, files seen: 1
[08:28:34] [delta] тик 2154900, tracked: 2, files seen: 1
[08:28:38] [delta] тик 2155200, tracked: 2, files seen: 1
[08:28:41] [delta] тик 2155500, tracked: 2, files seen: 1
[08:28:44] [delta] тик 2155800, tracked: 2, files seen: 1
[08:28:47] [delta] тик 2156100, tracked: 2, files seen: 1
[08:28:50] [delta] тик 2156400, tracked: 2, files seen: 1
[08:28:53] [delta] тик 2156700, tracked: 2, files seen: 1
[08:28:56] [delta] тик 2157000, tracked: 2, files seen: 1
[08:28:59] [delta] тик 2157300, tracked: 2, files seen: 1
[08:29:02] [delta] тик 2157600, tracked: 2, files seen: 1
[08:29:05] [delta] тик 2157900, tracked: 2, files seen: 1
[08:29:09] [delta] тик 2158200, tracked: 2, files seen: 1
[08:29:12] [delta] тик 2158500, tracked: 2, files seen: 1
[08:29:15] [delta] тик 2158800, tracked: 2, files seen: 1
[08:29:18] [delta] тик 2159100, tracked: 2, files seen: 1
[08:29:21] [delta] тик 2159400, tracked: 2, files seen: 1
[08:29:24] [delta] тик 2159700, tracked: 2, files seen: 1
[08:29:27] [delta] тик 2160000, tracked: 2, files seen: 1
[08:29:30] [delta] тик 2160300, tracked: 2, files seen: 1
[08:29:33] [delta] тик 2160600, tracked: 2, files seen: 1
[08:29:37] [delta] тик 2160900, tracked: 2, files seen: 1
[08:29:40] [delta] тик 2161200, tracked: 2, files seen: 1
[08:29:43] [delta] тик 2161500, tracked: 2, files seen: 1
[08:29:46] [delta] тик 2161800, tracked: 2, files seen: 1
[08:29:49] [delta] тик 2162100, tracked: 2, files seen: 1
[08:29:52] [delta] тик 2162400, tracked: 2, files seen: 1
[08:29:55] [delta] тик 2162700, tracked: 2, files seen: 1
[08:29:58] [delta] тик 2163000, tracked: 2, files seen: 1
[08:30:01] [delta] тик 2163300, tracked: 2, files seen: 1
[08:30:04] [delta] тик 2163600, tracked: 2, files seen: 1
[08:30:08] [delta] тик 2163900, tracked: 2, files seen: 1
[08:30:11] [delta] тик 2164200, tracked: 2, files seen: 1
[08:30:14] [delta] тик 2164500, tracked: 2, files seen: 1
[08:30:17] [delta] тик 2164800, tracked: 2, files seen: 1
[08:30:20] [delta] тик 2165100, tracked: 2, files seen: 1
[08:30:23] [delta] тик 2165400, tracked: 2, files seen: 1
[08:30:26] [delta] тик 2165700, tracked: 2, files seen: 1
[08:30:29] [delta] тик 2166000, tracked: 2, files seen: 1
[08:30:32] [delta] тик 2166300, tracked: 2, files seen: 1
[08:30:35] [delta] тик 2166600, tracked: 2, files seen: 1
[08:30:39] [delta] тик 2166900, tracked: 2, files seen: 1
[08:30:42] [delta] тик 2167200, tracked: 2, files seen: 1
[08:30:45] [delta] тик 2167500, tracked: 2, files seen: 1
[08:30:48] [delta] тик 2167800, tracked: 2, files seen: 1
[08:30:51] [delta] тик 2168100, tracked: 2, files seen: 1
[08:30:54] [delta] тик 2168400, tracked: 2, files seen: 1
[08:30:57] [delta] тик 2168700, tracked: 2, files seen: 1
[08:31:00] [delta] тик 2169000, tracked: 2, files seen: 1
[08:31:03] [delta] тик 2169300, tracked: 2, files seen: 1
[08:31:07] [delta] тик 2169600, tracked: 2, files seen: 1
[08:31:10] [delta] тик 2169900, tracked: 2, files seen: 1
[08:31:13] [delta] тик 2170200, tracked: 2, files seen: 1
[08:31:16] [delta] тик 2170500, tracked: 2, files seen: 1
[08:31:19] [delta] тик 2170800, tracked: 2, files seen: 1
[08:31:22] [delta] тик 2171100, tracked: 2, files seen: 1
[08:31:25] [delta] тик 2171400, tracked: 2, files seen: 1
[08:31:28] [delta] тик 2171700, tracked: 2, files seen: 1
[08:31:31] [delta] тик 2172000, tracked: 2, files seen: 1
[08:31:34] [delta] тик 2172300, tracked: 2, files seen: 1
[08:31:38] [delta] тик 2172600, tracked: 2, files seen: 1
[08:31:41] [delta] тик 2172900, tracked: 2, files seen: 1
[08:31:44] [delta] тик 2173200, tracked: 2, files seen: 1
[08:31:47] [delta] тик 2173500, tracked: 2, files seen: 1
[08:31:50] [delta] тик 2173800, tracked: 2, files seen: 1
[08:31:53] [delta] тик 2174100, tracked: 2, files seen: 1
[08:31:56] [delta] тик 2174400, tracked: 2, files seen: 1
[08:31:59] [delta] тик 2174700, tracked: 2, files seen: 1
[08:32:02] [delta] тик 2175000, tracked: 2, files seen: 1
[08:32:05] [delta] тик 2175300, tracked: 2, files seen: 1
[08:32:09] [delta] тик 2175600, tracked: 2, files seen: 1
[08:32:12] [delta] тик 2175900, tracked: 2, files seen: 1
[08:32:15] [delta] тик 2176200, tracked: 2, files seen: 1
[08:32:18] [delta] тик 2176500, tracked: 2, files seen: 1
[08:32:21] [delta] тик 2176800, tracked: 2, files seen: 1
[08:32:24] [delta] тик 2177100, tracked: 2, files seen: 1
[08:32:27] [delta] тик 2177400, tracked: 2, files seen: 1
[08:32:30] [delta] тик 2177700, tracked: 2, files seen: 1
[08:32:33] [delta] тик 2178000, tracked: 1, files seen: 1
[08:32:36] [delta] тик 2178300, tracked: 2, files seen: 1
[08:32:40] [delta] тик 2178600, tracked: 2, files seen: 1
[08:32:43] [delta] тик 2178900, tracked: 2, files seen: 1
[08:32:46] [delta] тик 2179200, tracked: 2, files seen: 1
[08:32:49] [delta] тик 2179500, tracked: 2, files seen: 1
[08:32:52] [delta] тик 2179800, tracked: 2, files seen: 1
[08:32:55] [delta] тик 2180100, tracked: 2, files seen: 1
[08:32:58] [delta] тик 2180400, tracked: 2, files seen: 1
[08:33:01] [delta] тик 2180700, tracked: 2, files seen: 1
[08:33:04] [delta] тик 2181000, tracked: 2, files seen: 1
[08:33:07] [delta] тик 2181300, tracked: 2, files seen: 1
[08:33:11] [delta] тик 2181600, tracked: 2, files seen: 1
[08:33:14] [delta] тик 2181900, tracked: 2, files seen: 1
[08:33:17] [delta] тик 2182200, tracked: 2, files seen: 1
[08:33:20] [delta] тик 2182500, tracked: 2, files seen: 1
[08:33:23] [delta] тик 2182800, tracked: 2, files seen: 1
[08:33:26] [delta] тик 2183100, tracked: 2, files seen: 1
[08:33:29] [delta] тик 2183400, tracked: 2, files seen: 1
[08:33:32] [delta] тик 2183700, tracked: 2, files seen: 1
[08:33:35] [delta] тик 2184000, tracked: 2, files seen: 1
[08:33:39] [delta] тик 2184300, tracked: 2, files seen: 1
[08:33:42] [delta] тик 2184600, tracked: 2, files seen: 1
[08:33:45] [delta] тик 2184900, tracked: 1, files seen: 1
[08:33:48] [delta] тик 2185200, tracked: 2, files seen: 1
[08:33:51] [delta] тик 2185500, tracked: 2, files seen: 1
[08:33:54] [delta] тик 2185800, tracked: 2, files seen: 1
[08:33:57] [delta] тик 2186100, tracked: 2, files seen: 1
[08:34:00] [delta] тик 2186400, tracked: 2, files seen: 1
[08:34:03] [delta] тик 2186700, tracked: 2, files seen: 1
[08:34:06] [delta] тик 2187000, tracked: 2, files seen: 1
[08:34:09] [delta] тик 2187300, tracked: 2, files seen: 1
[08:34:13] [delta] тик 2187600, tracked: 2, files seen: 1
[08:34:16] [delta] тик 2187900, tracked: 2, files seen: 1
[08:34:19] [delta] тик 2188200, tracked: 2, files seen: 1
[08:34:22] [delta] тик 2188500, tracked: 2, files seen: 1
[08:34:25] [delta] тик 2188800, tracked: 2, files seen: 1
[08:34:28] [delta] тик 2189100, tracked: 2, files seen: 1
[08:34:31] [delta] тик 2189400, tracked: 2, files seen: 1
[08:34:34] [delta] тик 2189700, tracked: 2, files seen: 1
[08:34:37] [delta] тик 2190000, tracked: 2, files seen: 1
[08:34:40] [delta] тик 2190300, tracked: 2, files seen: 1
[08:34:44] [delta] тик 2190600, tracked: 2, files seen: 1
[08:34:47] [delta] тик 2190900, tracked: 2, files seen: 1
[08:34:50] [delta] тик 2191200, tracked: 2, files seen: 1
[08:34:53] [delta] тик 2191500, tracked: 2, files seen: 1
[08:34:56] [delta] тик 2191800, tracked: 2, files seen: 1
[08:34:59] [delta] тик 2192100, tracked: 2, files seen: 1
[08:35:02] [delta] тик 2192400, tracked: 2, files seen: 1
[08:35:05] [delta] тик 2192700, tracked: 2, files seen: 1
[08:35:08] [delta] тик 2193000, tracked: 2, files seen: 1
[08:35:11] [delta] тик 2193300, tracked: 2, files seen: 1
[08:35:15] [delta] тик 2193600, tracked: 2, files seen: 1
[08:35:18] [delta] тик 2193900, tracked: 2, files seen: 1
[08:35:21] [delta] тик 2194200, tracked: 2, files seen: 1
[08:35:24] [delta] тик 2194500, tracked: 2, files seen: 1
[08:35:27] [delta] тик 2194800, tracked: 2, files seen: 1
[08:35:30] [delta] тик 2195100, tracked: 2, files seen: 1
[08:35:33] [delta] тик 2195400, tracked: 2, files seen: 1
[08:35:36] [delta] тик 2195700, tracked: 2, files seen: 1
[08:35:39] [delta] тик 2196000, tracked: 2, files seen: 1
[08:35:42] [delta] тик 2196300, tracked: 2, files seen: 1
[08:35:46] [delta] тик 2196600, tracked: 2, files seen: 1
[08:35:49] [delta] тик 2196900, tracked: 2, files seen: 1
[08:35:52] [delta] тик 2197200, tracked: 2, files seen: 1
[08:35:55] [delta] тик 2197500, tracked: 2, files seen: 1
[08:35:58] [delta] тик 2197800, tracked: 2, files seen: 1
[08:36:01] [delta] тик 2198100, tracked: 2, files seen: 1
[08:36:04] [delta] тик 2198400, tracked: 2, files seen: 1
[08:36:07] [delta] тик 2198700, tracked: 2, files seen: 1
[08:36:10] [delta] тик 2199000, tracked: 2, files seen: 1
[08:36:13] [delta] тик 2199300, tracked: 2, files seen: 1
[08:36:17] [delta] тик 2199600, tracked: 2, files seen: 1
[08:36:20] [delta] тик 2199900, tracked: 2, files seen: 1
[08:36:23] [delta] тик 2200200, tracked: 2, files seen: 1
[08:36:26] [delta] тик 2200500, tracked: 2, files seen: 1
[08:36:29] [delta] тик 2200800, tracked: 2, files seen: 1
[08:36:32] [delta] тик 2201100, tracked: 2, files seen: 1
[08:36:35] [delta] тик 2201400, tracked: 2, files seen: 1
[08:36:38] [delta] тик 2201700, tracked: 2, files seen: 1
[08:36:41] [delta] тик 2202000, tracked: 2, files seen: 1
[08:36:44] [delta] тик 2202300, tracked: 2, files seen: 1
[08:36:48] [delta] тик 2202600, tracked: 2, files seen: 1
[08:36:51] [delta] тик 2202900, tracked: 2, files seen: 1
[08:36:54] [delta] тик 2203200, tracked: 2, files seen: 1
[08:36:57] [delta] тик 2203500, tracked: 2, files seen: 1
[08:37:00] [delta] тик 2203800, tracked: 2, files seen: 1
[08:37:03] [delta] тик 2204100, tracked: 2, files seen: 1
[08:37:06] [delta] тик 2204400, tracked: 2, files seen: 1
[08:37:09] [delta] тик 2204700, tracked: 2, files seen: 1
[08:37:12] [delta] тик 2205000, tracked: 2, files seen: 1
[08:37:16] [delta] тик 2205300, tracked: 2, files seen: 1
[08:37:19] [delta] тик 2205600, tracked: 2, files seen: 1
[08:37:22] [delta] тик 2205900, tracked: 2, files seen: 1
[08:37:25] [delta] тик 2206200, tracked: 2, files seen: 1
[08:37:28] [delta] тик 2206500, tracked: 2, files seen: 1
[08:37:31] [delta] тик 2206800, tracked: 2, files seen: 1
[08:37:34] [delta] тик 2207100, tracked: 1, files seen: 1
[08:37:37] [delta] тик 2207400, tracked: 2, files seen: 1
[08:37:40] [delta] тик 2207700, tracked: 2, files seen: 1
[08:37:43] [delta] тик 2208000, tracked: 2, files seen: 1
[08:37:47] [delta] тик 2208300, tracked: 2, files seen: 1
[08:37:50] [delta] тик 2208600, tracked: 2, files seen: 1
[08:37:53] [delta] тик 2208900, tracked: 2, files seen: 1
[08:37:56] [delta] тик 2209200, tracked: 2, files seen: 1
[08:37:59] [delta] тик 2209500, tracked: 2, files seen: 1
[08:38:02] [delta] тик 2209800, tracked: 2, files seen: 1
[08:38:05] [delta] тик 2210100, tracked: 2, files seen: 1
[08:38:08] [delta] тик 2210400, tracked: 2, files seen: 1
[08:38:11] [delta] тик 2210700, tracked: 2, files seen: 1
[08:38:14] [delta] тик 2211000, tracked: 2, files seen: 1
[08:38:18] [delta] тик 2211300, tracked: 2, files seen: 1
[08:38:21] [delta] тик 2211600, tracked: 2, files seen: 1
[08:38:24] [delta] тик 2211900, tracked: 2, files seen: 1
[08:38:27] [delta] тик 2212200, tracked: 2, files seen: 1
[08:38:30] [delta] тик 2212500, tracked: 2, files seen: 1
[08:38:33] [delta] тик 2212800, tracked: 2, files seen: 1
[08:38:36] [delta] тик 2213100, tracked: 2, files seen: 1
[08:38:39] [delta] тик 2213400, tracked: 2, files seen: 1
[08:38:42] [delta] тик 2213700, tracked: 2, files seen: 1
[08:38:45] [delta] тик 2214000, tracked: 2, files seen: 1
[08:38:49] [delta] тик 2214300, tracked: 2, files seen: 1
[08:38:52] [delta] тик 2214600, tracked: 2, files seen: 1
[08:38:55] [delta] тик 2214900, tracked: 2, files seen: 1
[08:38:58] [delta] тик 2215200, tracked: 2, files seen: 1
[08:39:01] [delta] тик 2215500, tracked: 2, files seen: 1
[08:39:04] [delta] тик 2215800, tracked: 2, files seen: 1
[08:39:07] [delta] тик 2216100, tracked: 2, files seen: 1
[08:39:10] [delta] тик 2216400, tracked: 2, files seen: 1
[08:39:13] [delta] тик 2216700, tracked: 2, files seen: 1
[08:39:16] [delta] тик 2217000, tracked: 2, files seen: 1
[08:39:19] [delta] тик 2217300, tracked: 2, files seen: 1
[08:39:23] [delta] тик 2217600, tracked: 2, files seen: 1
[08:39:26] [delta] тик 2217900, tracked: 2, files seen: 1
[08:39:29] [delta] тик 2218200, tracked: 2, files seen: 1
[08:39:32] [delta] тик 2218500, tracked: 2, files seen: 1
[08:39:35] [delta] тик 2218800, tracked: 2, files seen: 1
[08:39:38] [delta] тик 2219100, tracked: 2, files seen: 1
[08:39:41] [delta] тик 2219400, tracked: 2, files seen: 1
[08:39:44] [delta] тик 2219700, tracked: 2, files seen: 1
[08:39:47] [delta] тик 2220000, tracked: 2, files seen: 1
[08:39:50] [delta] тик 2220300, tracked: 2, files seen: 1
[08:39:54] [delta] тик 2220600, tracked: 2, files seen: 1
[08:39:57] [delta] тик 2220900, tracked: 2, files seen: 1
[08:40:00] [delta] тик 2221200, tracked: 2, files seen: 1
[08:40:03] [delta] тик 2221500, tracked: 2, files seen: 1
[08:40:06] [delta] тик 2221800, tracked: 2, files seen: 1
[08:40:09] [delta] тик 2222100, tracked: 2, files seen: 1
[08:40:12] [delta] тик 2222400, tracked: 2, files seen: 1
[08:40:15] [delta] тик 2222700, tracked: 2, files seen: 1
[08:40:18] [delta] тик 2223000, tracked: 2, files seen: 1
[08:40:22] [delta] тик 2223300, tracked: 2, files seen: 1
[08:40:25] [delta] тик 2223600, tracked: 2, files seen: 1
[08:40:28] [delta] тик 2223900, tracked: 2, files seen: 1
[08:40:31] [delta] тик 2224200, tracked: 2, files seen: 1
[08:40:34] [delta] тик 2224500, tracked: 2, files seen: 1
[08:40:37] [delta] тик 2224800, tracked: 2, files seen: 1
[08:40:40] [delta] тик 2225100, tracked: 2, files seen: 1
[08:40:43] [delta] тик 2225400, tracked: 2, files seen: 1
[08:40:46] [delta] тик 2225700, tracked: 2, files seen: 1
[08:40:49] [delta] тик 2226000, tracked: 2, files seen: 1
[08:40:53] [delta] тик 2226300, tracked: 2, files seen: 1
[08:40:56] [delta] тик 2226600, tracked: 2, files seen: 1
[08:40:59] [delta] тик 2226900, tracked: 2, files seen: 1
[08:41:02] [delta] тик 2227200, tracked: 2, files seen: 1
[08:41:05] [delta] тик 2227500, tracked: 2, files seen: 1
[08:41:08] [delta] тик 2227800, tracked: 2, files seen: 1
[08:41:11] [delta] тик 2228100, tracked: 2, files seen: 1
[08:41:14] [delta] тик 2228400, tracked: 2, files seen: 1
[08:41:17] [delta] тик 2228700, tracked: 2, files seen: 1
[08:41:21] [delta] тик 2229000, tracked: 2, files seen: 1
[08:41:24] [delta] тик 2229300, tracked: 2, files seen: 1
[08:41:27] [delta] тик 2229600, tracked: 2, files seen: 1
[08:41:30] [delta] тик 2229900, tracked: 2, files seen: 1
[08:41:33] [delta] тик 2230200, tracked: 2, files seen: 1
[08:41:36] [delta] тик 2230500, tracked: 2, files seen: 1
[08:41:39] [delta] тик 2230800, tracked: 2, files seen: 1
[08:41:42] [delta] тик 2231100, tracked: 2, files seen: 1
[08:41:45] [delta] тик 2231400, tracked: 2, files seen: 1
[08:41:48] [delta] тик 2231700, tracked: 2, files seen: 1
[08:41:52] [delta] тик 2232000, tracked: 2, files seen: 1
[08:41:55] [delta] тик 2232300, tracked: 2, files seen: 1
[08:41:58] [delta] тик 2232600, tracked: 2, files seen: 1
[08:42:01] [delta] тик 2232900, tracked: 2, files seen: 1
[08:42:04] [delta] тик 2233200, tracked: 2, files seen: 1
[08:42:07] [delta] тик 2233500, tracked: 2, files seen: 1
[08:42:10] [delta] тик 2233800, tracked: 2, files seen: 1
[08:42:13] [delta] тик 2234100, tracked: 2, files seen: 1
[08:42:16] [delta] тик 2234400, tracked: 2, files seen: 1
[08:42:19] [delta] тик 2234700, tracked: 2, files seen: 1
[08:42:22] [delta] тик 2235000, tracked: 2, files seen: 1
[08:42:26] [delta] тик 2235300, tracked: 2, files seen: 1
[08:42:29] [delta] тик 2235600, tracked: 2, files seen: 1
[08:42:32] [delta] тик 2235900, tracked: 2, files seen: 1
[08:42:35] [delta] тик 2236200, tracked: 2, files seen: 1
[08:42:38] [delta] тик 2236500, tracked: 2, files seen: 1
[08:42:41] [delta] тик 2236800, tracked: 2, files seen: 1
[08:42:44] [delta] тик 2237100, tracked: 2, files seen: 1
[08:42:47] [delta] тик 2237400, tracked: 2, files seen: 1
[08:42:50] [delta] тик 2237700, tracked: 2, files seen: 1
[08:42:53] [delta] тик 2238000, tracked: 2, files seen: 1
[08:42:57] [delta] тик 2238300, tracked: 2, files seen: 1
[08:43:00] [delta] тик 2238600, tracked: 2, files seen: 1
[08:43:03] [delta] тик 2238900, tracked: 2, files seen: 1
[08:43:06] [delta] тик 2239200, tracked: 2, files seen: 1
[08:43:09] [delta] тик 2239500, tracked: 1, files seen: 1
[08:43:12] [delta] тик 2239800, tracked: 2, files seen: 1
[08:43:15] [delta] тик 2240100, tracked: 2, files seen: 1
[08:43:18] [delta] тик 2240400, tracked: 2, files seen: 1
[08:43:21] [delta] тик 2240700, tracked: 2, files seen: 1
[08:43:24] [delta] тик 2241000, tracked: 2, files seen: 1
[08:43:28] [delta] тик 2241300, tracked: 2, files seen: 1
[08:43:31] [delta] тик 2241600, tracked: 2, files seen: 1
[08:43:34] [delta] тик 2241900, tracked: 2, files seen: 1
[08:43:37] [delta] тик 2242200, tracked: 2, files seen: 1
[08:43:40] [delta] тик 2242500, tracked: 2, files seen: 1
[08:43:43] [delta] тик 2242800, tracked: 2, files seen: 1
[08:43:46] [delta] тик 2243100, tracked: 2, files seen: 1
[08:43:49] [delta] тик 2243400, tracked: 2, files seen: 1
[08:43:52] [delta] тик 2243700, tracked: 2, files seen: 1
[08:43:55] [delta] тик 2244000, tracked: 2, files seen: 1
[08:43:59] [delta] тик 2244300, tracked: 2, files seen: 1
[08:44:02] [delta] тик 2244600, tracked: 2, files seen: 1
[08:44:05] [delta] тик 2244900, tracked: 2, files seen: 1
[08:44:08] [delta] тик 2245200, tracked: 2, files seen: 1
[08:44:11] [delta] тик 2245500, tracked: 2, files seen: 1
[08:44:14] [delta] тик 2245800, tracked: 2, files seen: 1
[08:44:17] [delta] тик 2246100, tracked: 2, files seen: 1
[08:44:20] [delta] тик 2246400, tracked: 2, files seen: 1
[08:44:23] [delta] тик 2246700, tracked: 2, files seen: 1
[08:44:26] [delta] тик 2247000, tracked: 2, files seen: 1
[08:44:30] [delta] тик 2247300, tracked: 2, files seen: 1
[08:44:33] [delta] тик 2247600, tracked: 2, files seen: 1
[08:44:36] [delta] тик 2247900, tracked: 2, files seen: 1
[08:44:39] [delta] тик 2248200, tracked: 2, files seen: 1
[08:44:42] [delta] тик 2248500, tracked: 2, files seen: 1
[08:44:45] [delta] тик 2248800, tracked: 2, files seen: 1
[08:44:48] [delta] тик 2249100, tracked: 2, files seen: 1
[08:44:51] [delta] тик 2249400, tracked: 2, files seen: 1
[08:44:54] [delta] тик 2249700, tracked: 2, files seen: 1
[08:44:58] [delta] тик 2250000, tracked: 2, files seen: 1
[08:45:01] [delta] тик 2250300, tracked: 2, files seen: 1
[08:45:04] [delta] тик 2250600, tracked: 2, files seen: 1
[08:45:07] [delta] тик 2250900, tracked: 2, files seen: 1
[08:45:10] [delta] тик 2251200, tracked: 2, files seen: 1
[08:45:13] [delta] тик 2251500, tracked: 2, files seen: 1
[08:45:16] [delta] тик 2251800, tracked: 2, files seen: 1
[08:45:19] [delta] тик 2252100, tracked: 2, files seen: 1
[08:45:22] [delta] тик 2252400, tracked: 2, files seen: 1
[08:45:25] [delta] тик 2252700, tracked: 2, files seen: 1
[08:45:29] [delta] тик 2253000, tracked: 2, files seen: 1
[08:45:32] [delta] тик 2253300, tracked: 2, files seen: 1
[08:45:35] [delta] тик 2253600, tracked: 2, files seen: 1
[08:45:38] [delta] тик 2253900, tracked: 2, files seen: 1
[08:45:41] [delta] тик 2254200, tracked: 2, files seen: 1
[08:45:44] [delta] тик 2254500, tracked: 2, files seen: 1
[08:45:47] [delta] тик 2254800, tracked: 2, files seen: 1
[08:45:50] [delta] тик 2255100, tracked: 2, files seen: 1
[08:45:53] [delta] тик 2255400, tracked: 2, files seen: 1
[08:45:57] [delta] тик 2255700, tracked: 2, files seen: 1
[08:46:00] [delta] тик 2256000, tracked: 2, files seen: 1
[08:46:03] [delta] тик 2256300, tracked: 2, files seen: 1
[08:46:06] [delta] тик 2256600, tracked: 2, files seen: 1
[08:46:09] [delta] тик 2256900, tracked: 2, files seen: 1
[08:46:12] [delta] тик 2257200, tracked: 2, files seen: 1
[08:46:15] [delta] тик 2257500, tracked: 2, files seen: 1
[08:46:18] [delta] тик 2257800, tracked: 2, files seen: 1
[08:46:21] [delta] тик 2258100, tracked: 2, files seen: 1
[08:46:24] [delta] тик 2258400, tracked: 2, files seen: 1
[08:46:28] [delta] тик 2258700, tracked: 2, files seen: 1
[08:46:31] [delta] тик 2259000, tracked: 2, files seen: 1
[08:46:34] [delta] тик 2259300, tracked: 2, files seen: 1
[08:46:37] [delta] тик 2259600, tracked: 2, files seen: 1
[08:46:40] [delta] тик 2259900, tracked: 2, files seen: 1
[08:46:43] [delta] тик 2260200, tracked: 2, files seen: 1
[08:46:46] [delta] тик 2260500, tracked: 2, files seen: 1
[08:46:49] [delta] тик 2260800, tracked: 2, files seen: 1
[08:46:52] [delta] тик 2261100, tracked: 2, files seen: 1
[08:46:55] [delta] тик 2261400, tracked: 2, files seen: 1
[08:46:59] [delta] тик 2261700, tracked: 2, files seen: 1
[08:47:02] [delta] тик 2262000, tracked: 2, files seen: 1
[08:47:05] [delta] тик 2262300, tracked: 2, files seen: 1
[08:47:08] [delta] тик 2262600, tracked: 2, files seen: 1
[08:47:11] [delta] тик 2262900, tracked: 2, files seen: 1
[08:47:14] [delta] тик 2263200, tracked: 2, files seen: 1
[08:47:17] [delta] тик 2263500, tracked: 2, files seen: 1
[08:47:20] [delta] тик 2263800, tracked: 2, files seen: 1
[08:47:23] [delta] тик 2264100, tracked: 2, files seen: 1
[08:47:27] [delta] тик 2264400, tracked: 2, files seen: 1
[08:47:30] [delta] тик 2264700, tracked: 2, files seen: 1
[08:47:33] [delta] тик 2265000, tracked: 2, files seen: 1
[08:47:36] [delta] тик 2265300, tracked: 2, files seen: 1
[08:47:39] [delta] тик 2265600, tracked: 2, files seen: 1
[08:47:42] [delta] тик 2265900, tracked: 2, files seen: 1
[08:47:45] [delta] тик 2266200, tracked: 2, files seen: 1
[08:47:48] [delta] тик 2266500, tracked: 2, files seen: 1
[08:47:51] [delta] тик 2266800, tracked: 2, files seen: 1
[08:47:54] [delta] тик 2267100, tracked: 2, files seen: 1
[08:47:57] [delta] тик 2267400, tracked: 2, files seen: 1
[08:48:01] [delta] тик 2267700, tracked: 2, files seen: 1
[08:48:04] [delta] тик 2268000, tracked: 2, files seen: 1
[08:48:07] [delta] тик 2268300, tracked: 2, files seen: 1
[08:48:10] [delta] тик 2268600, tracked: 1, files seen: 1
[08:48:13] [delta] тик 2268900, tracked: 2, files seen: 1
[08:48:16] [delta] тик 2269200, tracked: 2, files seen: 1
[08:48:19] [delta] тик 2269500, tracked: 2, files seen: 1
[08:48:22] [delta] тик 2269800, tracked: 2, files seen: 1
[08:48:25] [delta] тик 2270100, tracked: 2, files seen: 1
[08:48:28] [delta] тик 2270400, tracked: 2, files seen: 1
[08:48:32] [delta] тик 2270700, tracked: 2, files seen: 1
[08:48:35] [delta] тик 2271000, tracked: 2, files seen: 1
[08:48:38] [delta] тик 2271300, tracked: 2, files seen: 1
[08:48:41] [delta] тик 2271600, tracked: 2, files seen: 1
[08:48:44] [delta] тик 2271900, tracked: 2, files seen: 1
[08:48:47] [delta] тик 2272200, tracked: 2, files seen: 1
[08:48:50] [delta] тик 2272500, tracked: 2, files seen: 1
[08:48:53] [delta] тик 2272800, tracked: 2, files seen: 1
[08:48:56] [delta] тик 2273100, tracked: 2, files seen: 1
[08:49:00] [delta] тик 2273400, tracked: 2, files seen: 1
[08:49:03] [delta] тик 2273700, tracked: 2, files seen: 1
[08:49:06] [delta] тик 2274000, tracked: 2, files seen: 1
[08:49:09] [delta] тик 2274300, tracked: 2, files seen: 1
[08:49:12] [delta] тик 2274600, tracked: 2, files seen: 1
[08:49:15] [delta] тик 2274900, tracked: 2, files seen: 1
[08:49:18] [delta] тик 2275200, tracked: 2, files seen: 1
[08:49:21] [delta] тик 2275500, tracked: 2, files seen: 1
[08:49:24] [delta] тик 2275800, tracked: 2, files seen: 1
[08:49:27] [delta] тик 2276100, tracked: 2, files seen: 1
[08:49:31] [delta] тик 2276400, tracked: 2, files seen: 1
[08:49:34] [delta] тик 2276700, tracked: 2, files seen: 1
[08:49:37] [delta] тик 2277000, tracked: 2, files seen: 1
[08:49:40] [delta] тик 2277300, tracked: 2, files seen: 1
[08:49:43] [delta] тик 2277600, tracked: 2, files seen: 1
[08:49:46] [delta] тик 2277900, tracked: 2, files seen: 1
[08:49:49] [delta] тик 2278200, tracked: 2, files seen: 1
[08:49:52] [delta] тик 2278500, tracked: 2, files seen: 1
[08:49:55] [delta] тик 2278800, tracked: 1, files seen: 1
[08:49:58] [delta] тик 2279100, tracked: 2, files seen: 1
[08:50:02] [delta] тик 2279400, tracked: 2, files seen: 1
[08:50:05] [delta] тик 2279700, tracked: 2, files seen: 1
[08:50:08] [delta] тик 2280000, tracked: 2, files seen: 1
[08:50:11] [delta] тик 2280300, tracked: 2, files seen: 1
[08:50:14] [delta] тик 2280600, tracked: 2, files seen: 1
[08:50:17] [delta] тик 2280900, tracked: 2, files seen: 1
[08:50:20] [delta] тик 2281200, tracked: 2, files seen: 1
[08:50:23] [delta] тик 2281500, tracked: 2, files seen: 1
[08:50:26] [delta] тик 2281800, tracked: 2, files seen: 1
[08:50:30] [delta] тик 2282100, tracked: 2, files seen: 1
[08:50:33] [delta] тик 2282400, tracked: 2, files seen: 1
[08:50:36] [delta] тик 2282700, tracked: 2, files seen: 1
[08:50:39] [delta] тик 2283000, tracked: 2, files seen: 1
[08:50:42] [delta] тик 2283300, tracked: 2, files seen: 1
[08:50:45] [delta] тик 2283600, tracked: 2, files seen: 1
[08:50:48] [delta] тик 2283900, tracked: 1, files seen: 1
[08:50:51] [delta] тик 2284200, tracked: 2, files seen: 1
[08:50:54] [delta] тик 2284500, tracked: 2, files seen: 1
[08:50:57] [delta] тик 2284800, tracked: 2, files seen: 1
[08:51:01] [delta] тик 2285100, tracked: 2, files seen: 1
[08:51:04] [delta] тик 2285400, tracked: 2, files seen: 1
[08:51:07] [delta] тик 2285700, tracked: 2, files seen: 1
[08:51:10] [delta] тик 2286000, tracked: 2, files seen: 1
[08:51:13] [delta] тик 2286300, tracked: 2, files seen: 1
[08:51:16] [delta] тик 2286600, tracked: 2, files seen: 1
[08:51:19] [delta] тик 2286900, tracked: 2, files seen: 1
[08:51:22] [delta] тик 2287200, tracked: 2, files seen: 1
[08:51:25] [delta] тик 2287500, tracked: 2, files seen: 1
[08:51:28] [delta] тик 2287800, tracked: 2, files seen: 1
[08:51:32] [delta] тик 2288100, tracked: 2, files seen: 1
[08:51:35] [delta] тик 2288400, tracked: 2, files seen: 1
[08:51:38] [delta] тик 2288700, tracked: 2, files seen: 1
[08:51:41] [delta] тик 2289000, tracked: 2, files seen: 1
[08:51:44] [delta] тик 2289300, tracked: 2, files seen: 1
[08:51:47] [delta] тик 2289600, tracked: 2, files seen: 1
[08:51:50] [delta] тик 2289900, tracked: 2, files seen: 1
[08:51:53] [delta] тик 2290200, tracked: 2, files seen: 1
[08:51:56] [delta] тик 2290500, tracked: 2, files seen: 1
[08:52:00] [delta] тик 2290800, tracked: 2, files seen: 1
[08:52:03] [delta] тик 2291100, tracked: 2, files seen: 1
[08:52:06] [delta] тик 2291400, tracked: 2, files seen: 1
[08:52:09] [delta] тик 2291700, tracked: 2, files seen: 1
[08:52:12] [delta] тик 2292000, tracked: 2, files seen: 1
[08:52:15] [delta] тик 2292300, tracked: 2, files seen: 1
[08:52:18] [delta] тик 2292600, tracked: 2, files seen: 1
[08:52:21] [delta] тик 2292900, tracked: 2, files seen: 1
[08:52:24] [delta] тик 2293200, tracked: 2, files seen: 1
[08:52:27] [delta] тик 2293500, tracked: 2, files seen: 1
[08:52:30] [delta] тик 2293800, tracked: 2, files seen: 1
[08:52:34] [delta] тик 2294100, tracked: 2, files seen: 1
[08:52:37] [delta] тик 2294400, tracked: 2, files seen: 1
[08:52:40] [delta] тик 2294700, tracked: 2, files seen: 1
[08:52:43] [delta] тик 2295000, tracked: 2, files seen: 1
[08:52:46] [delta] тик 2295300, tracked: 2, files seen: 1
[08:52:49] [delta] тик 2295600, tracked: 2, files seen: 1
[08:52:52] [delta] тик 2295900, tracked: 2, files seen: 1
[08:52:55] [delta] тик 2296200, tracked: 2, files seen: 1
[08:52:58] [delta] тик 2296500, tracked: 2, files seen: 1
[08:53:02] [delta] тик 2296800, tracked: 2, files seen: 1
[08:53:05] [delta] тик 2297100, tracked: 2, files seen: 1
[08:53:08] [delta] тик 2297400, tracked: 2, files seen: 1
[08:53:11] [delta] тик 2297700, tracked: 2, files seen: 1
[08:53:14] [delta] тик 2298000, tracked: 2, files seen: 1
[08:53:17] [delta] тик 2298300, tracked: 2, files seen: 1
[08:53:20] [delta] тик 2298600, tracked: 2, files seen: 1
[08:53:23] [delta] тик 2298900, tracked: 2, files seen: 1
[08:53:26] [delta] тик 2299200, tracked: 2, files seen: 1
[08:53:29] [delta] тик 2299500, tracked: 2, files seen: 1
[08:53:33] [delta] тик 2299800, tracked: 2, files seen: 1
[08:53:36] [delta] тик 2300100, tracked: 2, files seen: 1
[08:53:39] [delta] тик 2300400, tracked: 2, files seen: 1
[08:53:42] [delta] тик 2300700, tracked: 2, files seen: 1
[08:53:45] [delta] тик 2301000, tracked: 2, files seen: 1
[08:53:48] [delta] тик 2301300, tracked: 2, files seen: 1
[08:53:51] [delta] тик 2301600, tracked: 2, files seen: 1
[08:53:54] [delta] тик 2301900, tracked: 2, files seen: 1
[08:53:57] [delta] тик 2302200, tracked: 2, files seen: 1
[08:54:00] [delta] тик 2302500, tracked: 2, files seen: 1
[08:54:04] [delta] тик 2302800, tracked: 2, files seen: 1
[08:54:07] [delta] тик 2303100, tracked: 2, files seen: 1
[08:54:10] [delta] тик 2303400, tracked: 2, files seen: 1
[08:54:13] [delta] тик 2303700, tracked: 2, files seen: 1
[08:54:16] [delta] тик 2304000, tracked: 2, files seen: 1
[08:54:19] [delta] тик 2304300, tracked: 2, files seen: 1
[08:54:22] [delta] тик 2304600, tracked: 2, files seen: 1
[08:54:25] [delta] тик 2304900, tracked: 2, files seen: 1
[08:54:28] [delta] тик 2305200, tracked: 2, files seen: 1
[08:54:32] [delta] тик 2305500, tracked: 2, files seen: 1
[08:54:35] [delta] тик 2305800, tracked: 2, files seen: 1
[08:54:38] [delta] тик 2306100, tracked: 2, files seen: 1
[08:54:41] [delta] тик 2306400, tracked: 2, files seen: 1
[08:54:44] [delta] тик 2306700, tracked: 2, files seen: 1
[08:54:47] [delta] тик 2307000, tracked: 2, files seen: 1
[08:54:50] [delta] тик 2307300, tracked: 2, files seen: 1
[08:54:53] [delta] тик 2307600, tracked: 2, files seen: 1
[08:54:56] [delta] тик 2307900, tracked: 2, files seen: 1
[08:54:59] [delta] тик 2308200, tracked: 2, files seen: 1
[08:55:03] [delta] тик 2308500, tracked: 2, files seen: 1
[08:55:06] [delta] тик 2308800, tracked: 2, files seen: 1
[08:55:09] [delta] тик 2309100, tracked: 2, files seen: 1
[08:55:12] [delta] тик 2309400, tracked: 2, files seen: 1
[08:55:15] [delta] тик 2309700, tracked: 2, files seen: 1
[08:55:18] [delta] тик 2310000, tracked: 2, files seen: 1
[08:55:21] [delta] тик 2310300, tracked: 2, files seen: 1
[08:55:24] [delta] тик 2310600, tracked: 2, files seen: 1
[08:55:27] [delta] тик 2310900, tracked: 2, files seen: 1
[08:55:31] [delta] тик 2311200, tracked: 2, files seen: 1
[08:55:34] [delta] тик 2311500, tracked: 2, files seen: 1
[08:55:37] [delta] тик 2311800, tracked: 2, files seen: 1
[08:55:40] [delta] тик 2312100, tracked: 2, files seen: 1
[08:55:43] [delta] тик 2312400, tracked: 2, files seen: 1
[08:55:46] [delta] тик 2312700, tracked: 2, files seen: 1
[08:55:49] [delta] тик 2313000, tracked: 2, files seen: 1
[08:55:52] [delta] тик 2313300, tracked: 2, files seen: 1
[08:55:55] [delta] тик 2313600, tracked: 2, files seen: 1
[08:55:58] [delta] тик 2313900, tracked: 2, files seen: 1
[08:56:02] [delta] тик 2314200, tracked: 2, files seen: 1
[08:56:05] [delta] тик 2314500, tracked: 2, files seen: 1
[08:56:08] [delta] тик 2314800, tracked: 2, files seen: 1
[08:56:11] [delta] тик 2315100, tracked: 2, files seen: 1
[08:56:14] [delta] тик 2315400, tracked: 2, files seen: 1
[08:56:17] [delta] тик 2315700, tracked: 2, files seen: 1
[08:56:20] [delta] тик 2316000, tracked: 2, files seen: 1
[08:56:23] [delta] тик 2316300, tracked: 2, files seen: 1
[08:56:26] [delta] тик 2316600, tracked: 2, files seen: 1
[08:56:30] [delta] тик 2316900, tracked: 2, files seen: 1
[08:56:33] [delta] тик 2317200, tracked: 2, files seen: 1
[08:56:36] [delta] тик 2317500, tracked: 2, files seen: 1
[08:56:39] [delta] тик 2317800, tracked: 2, files seen: 1
[08:56:42] [delta] тик 2318100, tracked: 2, files seen: 1
[08:56:45] [delta] тик 2318400, tracked: 2, files seen: 1
[08:56:48] [delta] тик 2318700, tracked: 2, files seen: 1
[08:56:51] [delta] тик 2319000, tracked: 2, files seen: 1
[08:56:54] [delta] тик 2319300, tracked: 2, files seen: 1
[08:56:57] [delta] тик 2319600, tracked: 2, files seen: 1
[08:57:01] [delta] тик 2319900, tracked: 2, files seen: 1
[08:57:04] [delta] тик 2320200, tracked: 2, files seen: 1
[08:57:07] [delta] тик 2320500, tracked: 2, files seen: 1
[08:57:10] [delta] тик 2320800, tracked: 2, files seen: 1
[08:57:13] [delta] тик 2321100, tracked: 2, files seen: 1
[08:57:16] [delta] тик 2321400, tracked: 2, files seen: 1
[08:57:19] [delta] тик 2321700, tracked: 2, files seen: 1
[08:57:22] [delta] тик 2322000, tracked: 2, files seen: 1
[08:57:25] [delta] тик 2322300, tracked: 1, files seen: 1
[08:57:28] [delta] тик 2322600, tracked: 2, files seen: 1
[08:57:32] [delta] тик 2322900, tracked: 2, files seen: 1
[08:57:35] [delta] тик 2323200, tracked: 2, files seen: 1
[08:57:38] [delta] тик 2323500, tracked: 2, files seen: 1
[08:57:41] [delta] тик 2323800, tracked: 2, files seen: 1
[08:57:44] [delta] тик 2324100, tracked: 2, files seen: 1
[08:57:47] [delta] тик 2324400, tracked: 2, files seen: 1
[08:57:50] [delta] тик 2324700, tracked: 2, files seen: 1
[08:57:53] [delta] тик 2325000, tracked: 2, files seen: 1
[08:57:56] [delta] тик 2325300, tracked: 2, files seen: 1
[08:57:59] [delta] тик 2325600, tracked: 2, files seen: 1
[08:58:03] [delta] тик 2325900, tracked: 2, files seen: 1
[08:58:06] [delta] тик 2326200, tracked: 2, files seen: 1
[08:58:09] [delta] тик 2326500, tracked: 2, files seen: 1
[08:58:12] [delta] тик 2326800, tracked: 2, files seen: 1
[08:58:15] [delta] тик 2327100, tracked: 2, files seen: 1
[08:58:18] [delta] тик 2327400, tracked: 2, files seen: 1
[08:58:21] [delta] тик 2327700, tracked: 2, files seen: 1
[08:58:24] [delta] тик 2328000, tracked: 2, files seen: 1
[08:58:27] [delta] тик 2328300, tracked: 2, files seen: 1
[08:58:30] [delta] тик 2328600, tracked: 2, files seen: 1
[08:58:34] [delta] тик 2328900, tracked: 2, files seen: 1
[08:58:37] [delta] тик 2329200, tracked: 2, files seen: 1
[08:58:40] [delta] тик 2329500, tracked: 2, files seen: 1
[08:58:43] [delta] тик 2329800, tracked: 2, files seen: 1
[08:58:46] [delta] тик 2330100, tracked: 2, files seen: 1
[08:58:49] [delta] тик 2330400, tracked: 2, files seen: 1
[08:58:52] [delta] тик 2330700, tracked: 2, files seen: 1
[08:58:55] [delta] тик 2331000, tracked: 2, files seen: 1
[08:58:58] [delta] тик 2331300, tracked: 2, files seen: 1
[08:59:01] [delta] тик 2331600, tracked: 2, files seen: 1
[08:59:05] [delta] тик 2331900, tracked: 2, files seen: 1
[08:59:08] [delta] тик 2332200, tracked: 2, files seen: 1
[08:59:11] [delta] тик 2332500, tracked: 2, files seen: 1
[08:59:14] [delta] тик 2332800, tracked: 2, files seen: 1
[08:59:17] [delta] тик 2333100, tracked: 1, files seen: 1
[08:59:20] [delta] тик 2333400, tracked: 2, files seen: 1
[08:59:23] [delta] тик 2333700, tracked: 2, files seen: 1
[08:59:26] [delta] тик 2334000, tracked: 2, files seen: 1
[08:59:29] [delta] тик 2334300, tracked: 2, files seen: 1
[08:59:33] [delta] тик 2334600, tracked: 2, files seen: 1
[08:59:36] [delta] тик 2334900, tracked: 2, files seen: 1
[08:59:39] [delta] тик 2335200, tracked: 2, files seen: 1
[08:59:42] [delta] тик 2335500, tracked: 2, files seen: 1
[08:59:45] [delta] тик 2335800, tracked: 2, files seen: 1
[08:59:48] [delta] тик 2336100, tracked: 2, files seen: 1
[08:59:51] [delta] тик 2336400, tracked: 2, files seen: 1
[08:59:54] [delta] тик 2336700, tracked: 2, files seen: 1
[08:59:57] [delta] тик 2337000, tracked: 2, files seen: 1
[09:00:00] [delta] тик 2337300, tracked: 2, files seen: 1
[09:00:04] [delta] тик 2337600, tracked: 2, files seen: 1
[09:00:07] [delta] тик 2337900, tracked: 2, files seen: 1
[09:00:10] [delta] тик 2338200, tracked: 2, files seen: 1
[09:00:13] [delta] тик 2338500, tracked: 2, files seen: 1
[09:00:16] [delta] тик 2338800, tracked: 2, files seen: 1
[09:00:19] [delta] тик 2339100, tracked: 2, files seen: 1
[09:00:22] [delta] тик 2339400, tracked: 2, files seen: 1
[09:00:25] [delta] тик 2339700, tracked: 2, files seen: 1
[09:00:28] [delta] тик 2340000, tracked: 2, files seen: 1
[09:00:31] [delta] тик 2340300, tracked: 2, files seen: 1
[09:00:34] [delta] тик 2340600, tracked: 2, files seen: 1
[09:00:38] [delta] тик 2340900, tracked: 2, files seen: 1
[09:00:41] [delta] тик 2341200, tracked: 2, files seen: 1
[09:00:44] [delta] тик 2341500, tracked: 2, files seen: 1
[09:00:47] [delta] тик 2341800, tracked: 2, files seen: 1
[09:00:50] [delta] тик 2342100, tracked: 2, files seen: 1
[09:00:53] [delta] тик 2342400, tracked: 2, files seen: 1
[09:00:56] [delta] тик 2342700, tracked: 2, files seen: 1
[09:00:59] [delta] тик 2343000, tracked: 2, files seen: 1
[09:01:02] [delta] тик 2343300, tracked: 2, files seen: 1
[09:01:06] [delta] тик 2343600, tracked: 2, files seen: 1
[09:01:09] [delta] тик 2343900, tracked: 2, files seen: 1
[09:01:12] [delta] тик 2344200, tracked: 2, files seen: 1
[09:01:15] [delta] тик 2344500, tracked: 2, files seen: 1
[09:01:18] [delta] тик 2344800, tracked: 2, files seen: 1
[09:01:21] [delta] тик 2345100, tracked: 2, files seen: 1
[09:01:24] [delta] тик 2345400, tracked: 2, files seen: 1
[09:01:27] [delta] тик 2345700, tracked: 2, files seen: 1
[09:01:30] [delta] тик 2346000, tracked: 2, files seen: 1
[09:01:33] [delta] тик 2346300, tracked: 2, files seen: 1
[09:01:37] [delta] тик 2346600, tracked: 2, files seen: 1
[09:01:40] [delta] тик 2346900, tracked: 2, files seen: 1
[09:01:43] [delta] тик 2347200, tracked: 2, files seen: 1
[09:01:46] [delta] тик 2347500, tracked: 2, files seen: 1
[09:01:49] [delta] тик 2347800, tracked: 2, files seen: 1
[09:01:52] [delta] тик 2348100, tracked: 2, files seen: 1
[09:01:56] [delta] тик 2348400, tracked: 2, files seen: 1
[09:01:59] [delta] тик 2348700, tracked: 2, files seen: 1
[09:02:02] [delta] тик 2349000, tracked: 2, files seen: 1
[09:02:05] [delta] тик 2349300, tracked: 2, files seen: 1
[09:02:08] [delta] тик 2349600, tracked: 2, files seen: 1
[09:02:11] [delta] тик 2349900, tracked: 2, files seen: 1
[09:02:14] [delta] тик 2350200, tracked: 2, files seen: 1
[09:02:17] [delta] тик 2350500, tracked: 2, files seen: 1
[09:02:20] [delta] тик 2350800, tracked: 2, files seen: 1
[09:02:23] [delta] тик 2351100, tracked: 2, files seen: 1
[09:02:27] [delta] тик 2351400, tracked: 2, files seen: 1
[09:02:30] [delta] тик 2351700, tracked: 2, files seen: 1
[09:02:33] [delta] тик 2352000, tracked: 2, files seen: 1
[09:02:36] [delta] тик 2352300, tracked: 2, files seen: 1
[09:02:39] [delta] тик 2352600, tracked: 2, files seen: 1
[09:02:42] [delta] тик 2352900, tracked: 2, files seen: 1
[09:02:45] [delta] тик 2353200, tracked: 2, files seen: 1
[09:02:48] [delta] тик 2353500, tracked: 2, files seen: 1
[09:02:51] [delta] тик 2353800, tracked: 2, files seen: 1
[09:02:55] [delta] тик 2354100, tracked: 2, files seen: 1
[09:02:58] [delta] тик 2354400, tracked: 2, files seen: 1
[09:03:01] [delta] тик 2354700, tracked: 2, files seen: 1
[09:03:04] [delta] тик 2355000, tracked: 2, files seen: 1
[09:03:07] [delta] тик 2355300, tracked: 2, files seen: 1
[09:03:10] [delta] тик 2355600, tracked: 2, files seen: 1
[09:03:13] [delta] тик 2355900, tracked: 2, files seen: 1
[09:03:16] [delta] тик 2356200, tracked: 2, files seen: 1
[09:03:19] [delta] тик 2356500, tracked: 2, files seen: 1
[09:03:22] [delta] тик 2356800, tracked: 2, files seen: 1
[09:03:26] [delta] тик 2357100, tracked: 2, files seen: 1
[09:03:29] [delta] тик 2357400, tracked: 1, files seen: 1
[09:03:32] [delta] тик 2357700, tracked: 2, files seen: 1
[09:03:35] [delta] тик 2358000, tracked: 2, files seen: 1
[09:03:38] [delta] тик 2358300, tracked: 2, files seen: 1
[09:03:41] [delta] тик 2358600, tracked: 2, files seen: 1
[09:03:44] [delta] тик 2358900, tracked: 2, files seen: 1
[09:03:47] [delta] тик 2359200, tracked: 2, files seen: 1
[09:03:50] [delta] тик 2359500, tracked: 2, files seen: 1
[09:03:53] [delta] тик 2359800, tracked: 2, files seen: 1
[09:03:57] [delta] тик 2360100, tracked: 2, files seen: 1
[09:04:00] [delta] тик 2360400, tracked: 2, files seen: 1
[09:04:03] [delta] тик 2360700, tracked: 2, files seen: 1
[09:04:06] [delta] тик 2361000, tracked: 2, files seen: 1
[09:04:09] [delta] тик 2361300, tracked: 2, files seen: 1
[09:04:12] [delta] тик 2361600, tracked: 2, files seen: 1
[09:04:15] [delta] тик 2361900, tracked: 2, files seen: 1
[09:04:18] [delta] тик 2362200, tracked: 2, files seen: 1
[09:04:21] [delta] тик 2362500, tracked: 2, files seen: 1
[09:04:24] [delta] тик 2362800, tracked: 2, files seen: 1
[09:04:28] [delta] тик 2363100, tracked: 2, files seen: 1
[09:04:31] [delta] тик 2363400, tracked: 2, files seen: 1
[09:04:34] [delta] тик 2363700, tracked: 2, files seen: 1
[09:04:37] [delta] тик 2364000, tracked: 2, files seen: 1
[09:04:40] [delta] тик 2364300, tracked: 2, files seen: 1
[09:04:43] [delta] тик 2364600, tracked: 2, files seen: 1
[09:04:46] [delta] тик 2364900, tracked: 2, files seen: 1
[09:04:49] [delta] тик 2365200, tracked: 2, files seen: 1
[09:04:52] [delta] тик 2365500, tracked: 2, files seen: 1
[09:04:56] [delta] тик 2365800, tracked: 2, files seen: 1
[09:04:59] [delta] тик 2366100, tracked: 2, files seen: 1
[09:05:02] [delta] тик 2366400, tracked: 2, files seen: 1
[09:05:05] [delta] тик 2366700, tracked: 2, files seen: 1
[09:05:08] [delta] тик 2367000, tracked: 2, files seen: 1
[09:05:11] [delta] тик 2367300, tracked: 2, files seen: 1
[09:05:14] [delta] тик 2367600, tracked: 2, files seen: 1
[09:05:17] [delta] тик 2367900, tracked: 2, files seen: 1
[09:05:20] [delta] тик 2368200, tracked: 2, files seen: 1
[09:05:23] [delta] тик 2368500, tracked: 2, files seen: 1
[09:05:27] [delta] тик 2368800, tracked: 2, files seen: 1
[09:05:30] [delta] тик 2369100, tracked: 2, files seen: 1
[09:05:33] [delta] тик 2369400, tracked: 2, files seen: 1
[09:05:36] [delta] тик 2369700, tracked: 2, files seen: 1
[09:05:39] [delta] тик 2370000, tracked: 2, files seen: 1
[09:05:42] [delta] тик 2370300, tracked: 2, files seen: 1
[09:05:45] [delta] тик 2370600, tracked: 2, files seen: 1
[09:05:48] [delta] тик 2370900, tracked: 2, files seen: 1
[09:05:51] [delta] тик 2371200, tracked: 2, files seen: 1
[09:05:54] [delta] тик 2371500, tracked: 2, files seen: 1
[09:05:58] [delta] тик 2371800, tracked: 2, files seen: 1
[09:06:01] [delta] тик 2372100, tracked: 1, files seen: 1
[09:06:04] [delta] тик 2372400, tracked: 2, files seen: 1
[09:06:07] [delta] тик 2372700, tracked: 1, files seen: 1
[09:06:10] [delta] тик 2373000, tracked: 2, files seen: 1
[09:06:13] [delta] тик 2373300, tracked: 2, files seen: 1
[09:06:16] [delta] тик 2373600, tracked: 2, files seen: 1
[09:06:19] [delta] тик 2373900, tracked: 2, files seen: 1
[09:06:22] [delta] тик 2374200, tracked: 2, files seen: 1
[09:06:26] [delta] тик 2374500, tracked: 2, files seen: 1
[09:06:29] [delta] тик 2374800, tracked: 2, files seen: 1
[09:06:32] [delta] тик 2375100, tracked: 2, files seen: 1
[09:06:35] [delta] тик 2375400, tracked: 2, files seen: 1
[09:06:38] [delta] тик 2375700, tracked: 2, files seen: 1
[09:06:41] [delta] тик 2376000, tracked: 2, files seen: 1
[09:06:44] [delta] тик 2376300, tracked: 2, files seen: 1
[09:06:47] [delta] тик 2376600, tracked: 2, files seen: 1
[09:06:50] [delta] тик 2376900, tracked: 2, files seen: 1
[09:06:53] [delta] тик 2377200, tracked: 2, files seen: 1
[09:06:57] [delta] тик 2377500, tracked: 2, files seen: 1
[09:07:00] [delta] тик 2377800, tracked: 2, files seen: 1
[09:07:03] [delta] тик 2378100, tracked: 2, files seen: 1
[09:07:06] [delta] тик 2378400, tracked: 2, files seen: 1
[09:07:09] [delta] тик 2378700, tracked: 2, files seen: 1
[09:07:12] [delta] тик 2379000, tracked: 2, files seen: 1
[09:07:15] [delta] тик 2379300, tracked: 2, files seen: 1
[09:07:18] [delta] тик 2379600, tracked: 2, files seen: 1
[09:07:21] [delta] тик 2379900, tracked: 2, files seen: 1
[09:07:24] [delta] тик 2380200, tracked: 2, files seen: 1
[09:07:28] [delta] тик 2380500, tracked: 2, files seen: 1
[09:07:31] [delta] тик 2380800, tracked: 2, files seen: 1
[09:07:34] [delta] тик 2381100, tracked: 2, files seen: 1
[09:07:37] [delta] тик 2381400, tracked: 2, files seen: 1
[09:07:40] [delta] тик 2381700, tracked: 2, files seen: 1
[09:07:43] [delta] тик 2382000, tracked: 2, files seen: 1
[09:07:46] [delta] тик 2382300, tracked: 2, files seen: 1
[09:07:49] [delta] тик 2382600, tracked: 2, files seen: 1
[09:07:52] [delta] тик 2382900, tracked: 2, files seen: 1
[09:07:55] [delta] тик 2383200, tracked: 2, files seen: 1
[09:07:59] [delta] тик 2383500, tracked: 2, files seen: 1
[09:08:02] [delta] тик 2383800, tracked: 2, files seen: 1
[09:08:05] [delta] тик 2384100, tracked: 2, files seen: 1
[09:08:08] [delta] тик 2384400, tracked: 2, files seen: 1
[09:08:11] [delta] тик 2384700, tracked: 2, files seen: 1
[09:08:14] [delta] тик 2385000, tracked: 2, files seen: 1
[09:08:17] [delta] тик 2385300, tracked: 2, files seen: 1
[09:08:20] [delta] тик 2385600, tracked: 2, files seen: 1
[09:08:23] [delta] тик 2385900, tracked: 2, files seen: 1
[09:08:26] [delta] тик 2386200, tracked: 2, files seen: 1
[09:08:30] [delta] тик 2386500, tracked: 2, files seen: 1
[09:08:33] [delta] тик 2386800, tracked: 2, files seen: 1
[09:08:36] [delta] тик 2387100, tracked: 2, files seen: 1
[09:08:39] [delta] тик 2387400, tracked: 2, files seen: 1
[09:08:42] [delta] тик 2387700, tracked: 2, files seen: 1
[09:08:45] [delta] тик 2388000, tracked: 2, files seen: 1
[09:08:48] [delta] тик 2388300, tracked: 2, files seen: 1
[09:08:51] [delta] тик 2388600, tracked: 2, files seen: 1
[09:08:54] [delta] тик 2388900, tracked: 2, files seen: 1
[09:08:57] [delta] тик 2389200, tracked: 2, files seen: 1
[09:09:01] [delta] тик 2389500, tracked: 2, files seen: 1
[09:09:04] [delta] тик 2389800, tracked: 2, files seen: 1
[09:09:07] [delta] тик 2390100, tracked: 2, files seen: 1
[09:09:10] [delta] тик 2390400, tracked: 2, files seen: 1
[09:09:13] [delta] тик 2390700, tracked: 2, files seen: 1
[09:09:16] [delta] тик 2391000, tracked: 2, files seen: 1
[09:09:19] [delta] тик 2391300, tracked: 2, files seen: 1
[09:09:22] [delta] тик 2391600, tracked: 2, files seen: 1
[09:09:25] [delta] тик 2391900, tracked: 2, files seen: 1
[09:09:28] [delta] тик 2392200, tracked: 2, files seen: 1
[09:09:32] [delta] тик 2392500, tracked: 2, files seen: 1
[09:09:35] [delta] тик 2392800, tracked: 2, files seen: 1
[09:09:38] [delta] тик 2393100, tracked: 2, files seen: 1
[09:09:41] [delta] тик 2393400, tracked: 2, files seen: 1
[09:09:44] [delta] тик 2393700, tracked: 2, files seen: 1
[09:09:47] [delta] тик 2394000, tracked: 2, files seen: 1
[09:09:50] [delta] тик 2394300, tracked: 2, files seen: 1
[09:09:53] [delta] тик 2394600, tracked: 2, files seen: 1
[09:09:56] [delta] тик 2394900, tracked: 2, files seen: 1
[09:10:00] [delta] тик 2395200, tracked: 2, files seen: 1
[09:10:03] [delta] тик 2395500, tracked: 2, files seen: 1
[09:10:06] [delta] тик 2395800, tracked: 2, files seen: 1
[09:10:09] [delta] тик 2396100, tracked: 2, files seen: 1
[09:10:12] [delta] тик 2396400, tracked: 2, files seen: 1
[09:10:15] [delta] тик 2396700, tracked: 2, files seen: 1
[09:10:18] [delta] тик 2397000, tracked: 2, files seen: 1
[09:10:21] [delta] тик 2397300, tracked: 2, files seen: 1
[09:10:24] [delta] тик 2397600, tracked: 2, files seen: 1
[09:10:27] [delta] тик 2397900, tracked: 2, files seen: 1
[09:10:30] [delta] тик 2398200, tracked: 2, files seen: 1
[09:10:34] [delta] тик 2398500, tracked: 2, files seen: 1
[09:10:37] [delta] тик 2398800, tracked: 2, files seen: 1
[09:10:40] [delta] тик 2399100, tracked: 2, files seen: 1
[09:10:43] [delta] тик 2399400, tracked: 2, files seen: 1
[09:10:46] [delta] тик 2399700, tracked: 2, files seen: 1
[09:10:49] [delta] тик 2400000, tracked: 2, files seen: 1
[09:10:52] [delta] тик 2400300, tracked: 2, files seen: 1
[09:10:55] [delta] тик 2400600, tracked: 2, files seen: 1
[09:10:58] [delta] тик 2400900, tracked: 2, files seen: 1
[09:11:01] [delta] тик 2401200, tracked: 2, files seen: 1
[09:11:05] [delta] тик 2401500, tracked: 2, files seen: 1
[09:11:08] [delta] тик 2401800, tracked: 2, files seen: 1
[09:11:11] [delta] тик 2402100, tracked: 2, files seen: 1
[09:11:14] [delta] тик 2402400, tracked: 2, files seen: 1
[09:11:17] [delta] тик 2402700, tracked: 2, files seen: 1
[09:11:20] [delta] тик 2403000, tracked: 2, files seen: 1
[09:11:23] [delta] тик 2403300, tracked: 2, files seen: 1
[09:11:26] [delta] тик 2403600, tracked: 2, files seen: 1
[09:11:29] [delta] тик 2403900, tracked: 2, files seen: 1
[09:11:32] [delta] тик 2404200, tracked: 2, files seen: 1
[09:11:36] [delta] тик 2404500, tracked: 2, files seen: 1
[09:11:39] [delta] тик 2404800, tracked: 2, files seen: 1
[09:11:42] [delta] тик 2405100, tracked: 2, files seen: 1
[09:11:45] [delta] тик 2405400, tracked: 2, files seen: 1
[09:11:48] [delta] тик 2405700, tracked: 2, files seen: 1
[09:11:51] [delta] тик 2406000, tracked: 2, files seen: 1
[09:11:54] [delta] тик 2406300, tracked: 2, files seen: 1
[09:11:57] [delta] тик 2406600, tracked: 2, files seen: 1
[09:12:00] [delta] тик 2406900, tracked: 2, files seen: 1
[09:12:03] [delta] тик 2407200, tracked: 2, files seen: 1
[09:12:07] [delta] тик 2407500, tracked: 2, files seen: 1
[09:12:10] [delta] тик 2407800, tracked: 2, files seen: 1
[09:12:13] [delta] тик 2408100, tracked: 2, files seen: 1
[09:12:16] [delta] тик 2408400, tracked: 2, files seen: 1
[09:12:19] [delta] тик 2408700, tracked: 2, files seen: 1
[09:12:22] [delta] тик 2409000, tracked: 2, files seen: 1
[09:12:25] [delta] тик 2409300, tracked: 2, files seen: 1
[09:12:28] [delta] тик 2409600, tracked: 2, files seen: 1
[09:12:31] [delta] тик 2409900, tracked: 2, files seen: 1
[09:12:34] [delta] тик 2410200, tracked: 2, files seen: 1
[09:12:38] [delta] тик 2410500, tracked: 2, files seen: 1
[09:12:41] [delta] тик 2410800, tracked: 2, files seen: 1
[09:12:44] [delta] тик 2411100, tracked: 2, files seen: 1
[09:12:47] [delta] тик 2411400, tracked: 2, files seen: 1
[09:12:50] [delta] тик 2411700, tracked: 2, files seen: 1
[09:12:53] [delta] тик 2412000, tracked: 2, files seen: 1
[09:12:56] [delta] тик 2412300, tracked: 2, files seen: 1
[09:12:59] [delta] тик 2412600, tracked: 2, files seen: 1
[09:13:02] [delta] тик 2412900, tracked: 2, files seen: 1
[09:13:06] [delta] тик 2413200, tracked: 2, files seen: 1
[09:13:09] [delta] тик 2413500, tracked: 2, files seen: 1
[09:13:12] [delta] тик 2413800, tracked: 2, files seen: 1
[09:13:15] [delta] тик 2414100, tracked: 2, files seen: 1
[09:13:18] [delta] тик 2414400, tracked: 2, files seen: 1
[09:13:21] [delta] тик 2414700, tracked: 2, files seen: 1
[09:13:24] [delta] тик 2415000, tracked: 2, files seen: 1
[09:13:27] [delta] тик 2415300, tracked: 2, files seen: 1
[09:13:30] [delta] тик 2415600, tracked: 2, files seen: 1
[09:13:34] [delta] тик 2415900, tracked: 2, files seen: 1
[09:13:37] [delta] тик 2416200, tracked: 2, files seen: 1
[09:13:40] [delta] тик 2416500, tracked: 2, files seen: 1
[09:13:43] [delta] тик 2416800, tracked: 2, files seen: 1
[09:13:46] [delta] тик 2417100, tracked: 2, files seen: 1
[09:13:49] [delta] тик 2417400, tracked: 2, files seen: 1
[09:13:52] [delta] тик 2417700, tracked: 2, files seen: 1
[09:13:55] [delta] тик 2418000, tracked: 2, files seen: 1
[09:13:58] [delta] тик 2418300, tracked: 2, files seen: 1
[09:14:01] [delta] тик 2418600, tracked: 2, files seen: 1
[09:14:05] [delta] тик 2418900, tracked: 2, files seen: 1
[09:14:08] [delta] тик 2419200, tracked: 2, files seen: 1
[09:14:11] [delta] тик 2419500, tracked: 2, files seen: 1
[09:14:14] [delta] тик 2419800, tracked: 2, files seen: 1
[09:14:17] [delta] тик 2420100, tracked: 2, files seen: 1
[09:14:20] [delta] тик 2420400, tracked: 2, files seen: 1
[09:14:23] [delta] тик 2420700, tracked: 2, files seen: 1
[09:14:26] [delta] тик 2421000, tracked: 2, files seen: 1
[09:14:29] [delta] тик 2421300, tracked: 2, files seen: 1
[09:14:32] [delta] тик 2421600, tracked: 2, files seen: 1
[09:14:36] [delta] тик 2421900, tracked: 2, files seen: 1
[09:14:39] [delta] тик 2422200, tracked: 2, files seen: 1
[09:14:42] [delta] тик 2422500, tracked: 2, files seen: 1
[09:14:45] [delta] тик 2422800, tracked: 2, files seen: 1
[09:14:48] [delta] тик 2423100, tracked: 2, files seen: 1
[09:14:51] [delta] тик 2423400, tracked: 2, files seen: 1
[09:14:54] [delta] тик 2423700, tracked: 2, files seen: 1
[09:14:57] [delta] тик 2424000, tracked: 2, files seen: 1
[09:15:00] [delta] тик 2424300, tracked: 2, files seen: 1
[09:15:04] [delta] тик 2424600, tracked: 2, files seen: 1
[09:15:07] [delta] тик 2424900, tracked: 2, files seen: 1
[09:15:10] [delta] тик 2425200, tracked: 2, files seen: 1
[09:15:13] [delta] тик 2425500, tracked: 2, files seen: 1
[09:15:16] [delta] тик 2425800, tracked: 2, files seen: 1
[09:15:19] [delta] тик 2426100, tracked: 2, files seen: 1
[09:15:22] [delta] тик 2426400, tracked: 2, files seen: 1
[09:15:25] [delta] тик 2426700, tracked: 2, files seen: 1
[09:15:28] [delta] тик 2427000, tracked: 2, files seen: 1
[09:15:32] [delta] тик 2427300, tracked: 2, files seen: 1
[09:15:35] [delta] тик 2427600, tracked: 2, files seen: 1
[09:15:38] [delta] тик 2427900, tracked: 2, files seen: 1
[09:15:41] [delta] тик 2428200, tracked: 2, files seen: 1
[09:15:44] [delta] тик 2428500, tracked: 2, files seen: 1
[09:15:47] [delta] тик 2428800, tracked: 2, files seen: 1
[09:15:50] [delta] тик 2429100, tracked: 2, files seen: 1
[09:15:53] [delta] тик 2429400, tracked: 2, files seen: 1
[09:15:56] [delta] тик 2429700, tracked: 2, files seen: 1
[09:15:59] [delta] тик 2430000, tracked: 2, files seen: 1
[09:16:03] [delta] тик 2430300, tracked: 2, files seen: 1
[09:16:06] [delta] тик 2430600, tracked: 2, files seen: 1
[09:16:09] [delta] тик 2430900, tracked: 2, files seen: 1
[09:16:12] [delta] тик 2431200, tracked: 2, files seen: 1
[09:16:15] [delta] тик 2431500, tracked: 2, files seen: 1
[09:16:18] [delta] тик 2431800, tracked: 2, files seen: 1
[09:16:21] [delta] тик 2432100, tracked: 2, files seen: 1
[09:16:24] [delta] тик 2432400, tracked: 2, files seen: 1
[09:16:27] [delta] тик 2432700, tracked: 2, files seen: 1
[09:16:30] [delta] тик 2433000, tracked: 2, files seen: 1
[09:16:34] [delta] тик 2433300, tracked: 2, files seen: 1
[09:16:37] [delta] тик 2433600, tracked: 2, files seen: 1
[09:16:40] [delta] тик 2433900, tracked: 2, files seen: 1
[09:16:43] [delta] тик 2434200, tracked: 2, files seen: 1
[09:16:46] [delta] тик 2434500, tracked: 2, files seen: 1
[09:16:49] [delta] тик 2434800, tracked: 2, files seen: 1
[09:16:52] [delta] тик 2435100, tracked: 2, files seen: 1
[09:16:55] [delta] тик 2435400, tracked: 2, files seen: 1
[09:16:58] [delta] тик 2435700, tracked: 2, files seen: 1
[09:17:02] [delta] тик 2436000, tracked: 2, files seen: 1
[09:17:05] [delta] тик 2436300, tracked: 2, files seen: 1
[09:17:08] [delta] тик 2436600, tracked: 2, files seen: 1
[09:17:11] [delta] тик 2436900, tracked: 2, files seen: 1
[09:17:14] [delta] тик 2437200, tracked: 2, files seen: 1
[09:17:17] [delta] тик 2437500, tracked: 2, files seen: 1
[09:17:20] [delta] тик 2437800, tracked: 2, files seen: 1
[09:17:23] [delta] тик 2438100, tracked: 2, files seen: 1
[09:17:26] [delta] тик 2438400, tracked: 2, files seen: 1
[09:17:29] [delta] тик 2438700, tracked: 2, files seen: 1
[09:17:33] [delta] тик 2439000, tracked: 2, files seen: 1
[09:17:36] [delta] тик 2439300, tracked: 2, files seen: 1
[09:17:39] [delta] тик 2439600, tracked: 2, files seen: 1
[09:17:42] [delta] тик 2439900, tracked: 2, files seen: 1
[09:17:45] [delta] тик 2440200, tracked: 2, files seen: 1
[09:17:48] [delta] тик 2440500, tracked: 2, files seen: 1
[09:17:51] [delta] тик 2440800, tracked: 2, files seen: 1
[09:17:54] [delta] тик 2441100, tracked: 2, files seen: 1
[09:17:57] [delta] тик 2441400, tracked: 2, files seen: 1
[09:18:00] [delta] тик 2441700, tracked: 2, files seen: 1
[09:18:04] [delta] тик 2442000, tracked: 2, files seen: 1
[09:18:07] [delta] тик 2442300, tracked: 2, files seen: 1
[09:18:10] [delta] тик 2442600, tracked: 2, files seen: 1
[09:18:13] [delta] тик 2442900, tracked: 2, files seen: 1
[09:18:16] [delta] тик 2443200, tracked: 2, files seen: 1
[09:18:19] [delta] тик 2443500, tracked: 2, files seen: 1
[09:18:22] [delta] тик 2443800, tracked: 2, files seen: 1
[09:18:25] [delta] тик 2444100, tracked: 2, files seen: 1
[09:18:28] [delta] тик 2444400, tracked: 2, files seen: 1
[09:18:31] [delta] тик 2444700, tracked: 2, files seen: 1
[09:18:35] [delta] тик 2445000, tracked: 2, files seen: 1
[09:18:38] [delta] тик 2445300, tracked: 2, files seen: 1
[09:18:41] [delta] тик 2445600, tracked: 2, files seen: 1
[09:18:44] [delta] тик 2445900, tracked: 2, files seen: 1
[09:18:47] [delta] тик 2446200, tracked: 2, files seen: 1
[09:18:50] [delta] тик 2446500, tracked: 2, files seen: 1
[09:18:53] [delta] тик 2446800, tracked: 2, files seen: 1
[09:18:56] [delta] тик 2447100, tracked: 2, files seen: 1
[09:18:59] [delta] тик 2447400, tracked: 2, files seen: 1
[09:19:02] [delta] тик 2447700, tracked: 2, files seen: 1
[09:19:06] [delta] тик 2448000, tracked: 2, files seen: 1
[09:19:09] [delta] тик 2448300, tracked: 2, files seen: 1
[09:19:12] [delta] тик 2448600, tracked: 2, files seen: 1
[09:19:15] [delta] тик 2448900, tracked: 2, files seen: 1
[09:19:18] [delta] тик 2449200, tracked: 2, files seen: 1
[09:19:21] [delta] тик 2449500, tracked: 2, files seen: 1
[09:19:24] [delta] тик 2449800, tracked: 2, files seen: 1
[09:19:27] [delta] тик 2450100, tracked: 2, files seen: 1
[09:19:30] [delta] тик 2450400, tracked: 2, files seen: 1
[09:19:33] [delta] тик 2450700, tracked: 2, files seen: 1
[09:19:37] [delta] тик 2451000, tracked: 2, files seen: 1
[09:19:40] [delta] тик 2451300, tracked: 2, files seen: 1
[09:19:43] [delta] тик 2451600, tracked: 2, files seen: 1
[09:19:46] [delta] тик 2451900, tracked: 2, files seen: 1
[09:19:49] [delta] тик 2452200, tracked: 2, files seen: 1
[09:19:52] [delta] тик 2452500, tracked: 2, files seen: 1
[09:19:55] [delta] тик 2452800, tracked: 2, files seen: 1
[09:19:58] [delta] тик 2453100, tracked: 2, files seen: 1
[09:20:01] [delta] тик 2453400, tracked: 2, files seen: 1
[09:20:04] [delta] тик 2453700, tracked: 2, files seen: 1
[09:20:08] [delta] тик 2454000, tracked: 2, files seen: 1
[09:20:11] [delta] тик 2454300, tracked: 2, files seen: 1
[09:20:14] [delta] тик 2454600, tracked: 2, files seen: 1
[09:20:17] [delta] тик 2454900, tracked: 2, files seen: 1
[09:20:20] [delta] тик 2455200, tracked: 2, files seen: 1
[09:20:23] [delta] тик 2455500, tracked: 2, files seen: 1
[09:20:26] [delta] тик 2455800, tracked: 2, files seen: 1
[09:20:29] [delta] тик 2456100, tracked: 2, files seen: 1
[09:20:32] [delta] тик 2456400, tracked: 2, files seen: 1
[09:20:35] [delta] тик 2456700, tracked: 2, files seen: 1
[09:20:39] [delta] тик 2457000, tracked: 2, files seen: 1
[09:20:42] [delta] тик 2457300, tracked: 2, files seen: 1
[09:20:45] [delta] тик 2457600, tracked: 2, files seen: 1
[09:20:48] [delta] тик 2457900, tracked: 2, files seen: 1
[09:20:51] [delta] тик 2458200, tracked: 2, files seen: 1
[09:20:54] [delta] тик 2458500, tracked: 2, files seen: 1
[09:20:57] [delta] тик 2458800, tracked: 2, files seen: 1
[09:21:00] [delta] тик 2459100, tracked: 2, files seen: 1
[09:21:03] [delta] тик 2459400, tracked: 2, files seen: 1
[09:21:06] [delta] тик 2459700, tracked: 2, files seen: 1
[09:21:10] [delta] тик 2460000, tracked: 2, files seen: 1
[09:21:13] [delta] тик 2460300, tracked: 2, files seen: 1
[09:21:16] [delta] тик 2460600, tracked: 2, files seen: 1
[09:21:19] [delta] тик 2460900, tracked: 2, files seen: 1
[09:21:22] [delta] тик 2461200, tracked: 2, files seen: 1
[09:21:25] [delta] тик 2461500, tracked: 2, files seen: 1
[09:21:28] [delta] тик 2461800, tracked: 2, files seen: 1
[09:21:31] [delta] тик 2462100, tracked: 2, files seen: 1
[09:21:34] [delta] тик 2462400, tracked: 2, files seen: 1
[09:21:37] [delta] тик 2462700, tracked: 2, files seen: 1
[09:21:41] [delta] тик 2463000, tracked: 2, files seen: 1
[09:21:44] [delta] тик 2463300, tracked: 2, files seen: 1
[09:21:47] [delta] тик 2463600, tracked: 2, files seen: 1
[09:21:50] [delta] тик 2463900, tracked: 2, files seen: 1
[09:21:53] [delta] тик 2464200, tracked: 2, files seen: 1
[09:21:56] [delta] тик 2464500, tracked: 2, files seen: 1
[09:21:59] [delta] тик 2464800, tracked: 2, files seen: 1
[09:22:02] [delta] тик 2465100, tracked: 2, files seen: 1
[09:22:05] [delta] тик 2465400, tracked: 2, files seen: 1
[09:22:08] [delta] тик 2465700, tracked: 2, files seen: 1
[09:22:11] [delta] тик 2466000, tracked: 2, files seen: 1
[09:22:15] [delta] тик 2466300, tracked: 2, files seen: 1
[09:22:18] [delta] тик 2466600, tracked: 2, files seen: 1
[09:22:21] [delta] тик 2466900, tracked: 2, files seen: 1
[09:22:24] [delta] тик 2467200, tracked: 2, files seen: 1
[09:22:27] [delta] тик 2467500, tracked: 2, files seen: 1
[09:22:30] [delta] тик 2467800, tracked: 2, files seen: 1
[09:22:33] [delta] тик 2468100, tracked: 2, files seen: 1
[09:22:36] [delta] тик 2468400, tracked: 2, files seen: 1
[09:22:39] [delta] тик 2468700, tracked: 2, files seen: 1
[09:22:43] [delta] тик 2469000, tracked: 2, files seen: 1
[09:22:46] [delta] тик 2469300, tracked: 2, files seen: 1
[09:22:49] [delta] тик 2469600, tracked: 1, files seen: 1
[09:22:52] [delta] тик 2469900, tracked: 2, files seen: 1
[09:22:55] [delta] тик 2470200, tracked: 2, files seen: 1
[09:22:58] [delta] тик 2470500, tracked: 2, files seen: 1
[09:23:01] [delta] тик 2470800, tracked: 2, files seen: 1
[09:23:04] [delta] тик 2471100, tracked: 2, files seen: 1
[09:23:07] [delta] тик 2471400, tracked: 2, files seen: 1
[09:23:10] [delta] тик 2471700, tracked: 2, files seen: 1
[09:23:14] [delta] тик 2472000, tracked: 2, files seen: 1
[09:23:17] [delta] тик 2472300, tracked: 2, files seen: 1
[09:23:20] [delta] тик 2472600, tracked: 2, files seen: 1
[09:23:23] [delta] тик 2472900, tracked: 2, files seen: 1
[09:23:26] [delta] тик 2473200, tracked: 2, files seen: 1
[09:23:30] [delta] тик 2473500, tracked: 2, files seen: 1
[09:23:33] [delta] тик 2473800, tracked: 2, files seen: 1
[09:23:36] [delta] тик 2474100, tracked: 2, files seen: 1
[09:23:39] [delta] тик 2474400, tracked: 2, files seen: 1
[09:23:42] [delta] тик 2474700, tracked: 2, files seen: 1
[09:23:45] [delta] тик 2475000, tracked: 2, files seen: 1
[09:23:48] [delta] тик 2475300, tracked: 2, files seen: 1
[09:23:51] [delta] тик 2475600, tracked: 2, files seen: 1
[09:23:54] [delta] тик 2475900, tracked: 2, files seen: 1
[09:23:57] [delta] тик 2476200, tracked: 2, files seen: 1
[09:24:01] [delta] тик 2476500, tracked: 2, files seen: 1
[09:24:04] [delta] тик 2476800, tracked: 2, files seen: 1
[09:24:07] [delta] тик 2477100, tracked: 2, files seen: 1
[09:24:10] [delta] тик 2477400, tracked: 2, files seen: 1
[09:24:13] [delta] тик 2477700, tracked: 2, files seen: 1
[09:24:16] [delta] тик 2478000, tracked: 2, files seen: 1
[09:24:19] [delta] тик 2478300, tracked: 2, files seen: 1
[09:24:22] [delta] тик 2478600, tracked: 2, files seen: 1
[09:24:25] [delta] тик 2478900, tracked: 2, files seen: 1
[09:24:28] [delta] тик 2479200, tracked: 2, files seen: 1
[09:24:32] [delta] тик 2479500, tracked: 2, files seen: 1
[09:24:35] [delta] тик 2479800, tracked: 2, files seen: 1
[09:24:38] [delta] тик 2480100, tracked: 2, files seen: 1
[09:24:41] [delta] тик 2480400, tracked: 2, files seen: 1
[09:24:44] [delta] тик 2480700, tracked: 2, files seen: 1
[09:24:47] [delta] тик 2481000, tracked: 2, files seen: 1
[09:24:50] [delta] тик 2481300, tracked: 2, files seen: 1
[09:24:53] [delta] тик 2481600, tracked: 2, files seen: 1
[09:24:56] [delta] тик 2481900, tracked: 2, files seen: 1
[09:25:00] [delta] тик 2482200, tracked: 2, files seen: 1
[09:25:03] [delta] тик 2482500, tracked: 2, files seen: 1
[09:25:06] [delta] тик 2482800, tracked: 2, files seen: 1
[09:25:09] [delta] тик 2483100, tracked: 2, files seen: 1
[09:25:12] [delta] тик 2483400, tracked: 2, files seen: 1
[09:25:15] [delta] тик 2483700, tracked: 2, files seen: 1
[09:25:18] [delta] тик 2484000, tracked: 2, files seen: 1
[09:25:21] [delta] тик 2484300, tracked: 2, files seen: 1
[09:25:24] [delta] тик 2484600, tracked: 2, files seen: 1
[09:25:27] [delta] тик 2484900, tracked: 2, files seen: 1
[09:25:31] [delta] тик 2485200, tracked: 2, files seen: 1
[09:25:34] [delta] тик 2485500, tracked: 2, files seen: 1
[09:25:37] [delta] тик 2485800, tracked: 2, files seen: 1
[09:25:40] [delta] тик 2486100, tracked: 2, files seen: 1
[09:25:43] [delta] тик 2486400, tracked: 2, files seen: 1
[09:25:46] [delta] тик 2486700, tracked: 2, files seen: 1
[09:25:49] [delta] тик 2487000, tracked: 2, files seen: 1
[09:25:52] [delta] тик 2487300, tracked: 2, files seen: 1
[09:25:55] [delta] тик 2487600, tracked: 2, files seen: 1
[09:25:59] [delta] тик 2487900, tracked: 1, files seen: 1
[09:26:02] [delta] тик 2488200, tracked: 2, files seen: 1
[09:26:05] [delta] тик 2488500, tracked: 2, files seen: 1
[09:26:08] [delta] тик 2488800, tracked: 2, files seen: 1
[09:26:11] [delta] тик 2489100, tracked: 2, files seen: 1
[09:26:14] [delta] тик 2489400, tracked: 2, files seen: 1
[09:26:17] [delta] тик 2489700, tracked: 2, files seen: 1
[09:26:20] [delta] тик 2490000, tracked: 2, files seen: 1
[09:26:23] [delta] тик 2490300, tracked: 2, files seen: 1
[09:26:26] [delta] тик 2490600, tracked: 2, files seen: 1
[09:26:30] [delta] тик 2490900, tracked: 2, files seen: 1
[09:26:33] [delta] тик 2491200, tracked: 2, files seen: 1
[09:26:36] [delta] тик 2491500, tracked: 2, files seen: 1
[09:26:39] [delta] тик 2491800, tracked: 2, files seen: 1
[09:26:42] [delta] тик 2492100, tracked: 2, files seen: 1
[09:26:45] [delta] тик 2492400, tracked: 2, files seen: 1
[09:26:48] [delta] тик 2492700, tracked: 2, files seen: 1
[09:26:51] [delta] тик 2493000, tracked: 2, files seen: 1
[09:26:54] [delta] тик 2493300, tracked: 2, files seen: 1
[09:26:57] [delta] тик 2493600, tracked: 2, files seen: 1
[09:27:01] [delta] тик 2493900, tracked: 2, files seen: 1
[09:27:04] [delta] тик 2494200, tracked: 2, files seen: 1
[09:27:07] [delta] тик 2494500, tracked: 2, files seen: 1
[09:27:10] [delta] тик 2494800, tracked: 2, files seen: 1
[09:27:13] [delta] тик 2495100, tracked: 2, files seen: 1
[09:27:16] [delta] тик 2495400, tracked: 2, files seen: 1
[09:27:19] [delta] тик 2495700, tracked: 2, files seen: 1
[09:27:22] [delta] тик 2496000, tracked: 2, files seen: 1
[09:27:25] [delta] тик 2496300, tracked: 2, files seen: 1
[09:27:28] [delta] тик 2496600, tracked: 2, files seen: 1
[09:27:32] [delta] тик 2496900, tracked: 2, files seen: 1
[09:27:35] [delta] тик 2497200, tracked: 2, files seen: 1
[09:27:38] [delta] тик 2497500, tracked: 2, files seen: 1
[09:27:41] [delta] тик 2497800, tracked: 2, files seen: 1
[09:27:44] [delta] тик 2498100, tracked: 2, files seen: 1
[09:27:47] [delta] тик 2498400, tracked: 2, files seen: 1
[09:27:50] [delta] тик 2498700, tracked: 2, files seen: 1
[09:27:53] [delta] тик 2499000, tracked: 2, files seen: 1
[09:27:56] [delta] тик 2499300, tracked: 2, files seen: 1
[09:28:00] [delta] тик 2499600, tracked: 2, files seen: 1
[09:28:03] [delta] тик 2499900, tracked: 2, files seen: 1
[09:28:06] [delta] тик 2500200, tracked: 2, files seen: 1
[09:28:09] [delta] тик 2500500, tracked: 2, files seen: 1
[09:28:12] [delta] тик 2500800, tracked: 2, files seen: 1
[09:28:15] [delta] тик 2501100, tracked: 2, files seen: 1
[09:28:18] [delta] тик 2501400, tracked: 2, files seen: 1
[09:28:21] [delta] тик 2501700, tracked: 2, files seen: 1
[09:28:24] [delta] тик 2502000, tracked: 2, files seen: 1
[09:28:27] [delta] тик 2502300, tracked: 2, files seen: 1
[09:28:31] [delta] тик 2502600, tracked: 2, files seen: 1
[09:28:34] [delta] тик 2502900, tracked: 2, files seen: 1
[09:28:37] [delta] тик 2503200, tracked: 2, files seen: 1
[09:28:40] [delta] тик 2503500, tracked: 2, files seen: 1
[09:28:43] [delta] тик 2503800, tracked: 2, files seen: 1
[09:28:46] [delta] тик 2504100, tracked: 2, files seen: 1
[09:28:49] [delta] тик 2504400, tracked: 2, files seen: 1
[09:28:52] [delta] тик 2504700, tracked: 2, files seen: 1
[09:28:55] [delta] тик 2505000, tracked: 2, files seen: 1
[09:28:58] [delta] тик 2505300, tracked: 2, files seen: 1
[09:29:02] [delta] тик 2505600, tracked: 2, files seen: 1
[09:29:05] [delta] тик 2505900, tracked: 2, files seen: 1
[09:29:08] [delta] тик 2506200, tracked: 2, files seen: 1
[09:29:11] [delta] тик 2506500, tracked: 2, files seen: 1
[09:29:14] [delta] тик 2506800, tracked: 2, files seen: 1
[09:29:17] [delta] тик 2507100, tracked: 2, files seen: 1
[09:29:20] [delta] тик 2507400, tracked: 2, files seen: 1
[09:29:23] [delta] тик 2507700, tracked: 2, files seen: 1
[09:29:26] [delta] тик 2508000, tracked: 2, files seen: 1
[09:29:29] [delta] тик 2508300, tracked: 2, files seen: 1
[09:29:33] [delta] тик 2508600, tracked: 1, files seen: 1
[09:29:36] [delta] тик 2508900, tracked: 2, files seen: 1
[09:29:39] [delta] тик 2509200, tracked: 2, files seen: 1
[09:29:42] [delta] тик 2509500, tracked: 2, files seen: 1
[09:29:45] [delta] тик 2509800, tracked: 2, files seen: 1
[09:29:48] [delta] тик 2510100, tracked: 2, files seen: 1
[09:29:51] [delta] тик 2510400, tracked: 2, files seen: 1
[09:29:54] [delta] тик 2510700, tracked: 2, files seen: 1
[09:29:57] [delta] тик 2511000, tracked: 2, files seen: 1
[09:30:01] [delta] тик 2511300, tracked: 2, files seen: 1
[09:30:04] [delta] тик 2511600, tracked: 2, files seen: 1
[09:30:07] [delta] тик 2511900, tracked: 2, files seen: 1
[09:30:10] [delta] тик 2512200, tracked: 2, files seen: 1
[09:30:13] [delta] тик 2512500, tracked: 2, files seen: 1
[09:30:16] [delta] тик 2512800, tracked: 2, files seen: 1
[09:30:19] [delta] тик 2513100, tracked: 2, files seen: 1
[09:30:22] [delta] тик 2513400, tracked: 2, files seen: 1
[09:30:25] [delta] тик 2513700, tracked: 2, files seen: 1
[09:30:28] [delta] тик 2514000, tracked: 2, files seen: 1
[09:30:32] [delta] тик 2514300, tracked: 2, files seen: 1
[09:30:35] [delta] тик 2514600, tracked: 2, files seen: 1
[09:30:38] [delta] тик 2514900, tracked: 2, files seen: 1
[09:30:41] [delta] тик 2515200, tracked: 2, files seen: 1
[09:30:44] [delta] тик 2515500, tracked: 2, files seen: 1
[09:30:47] [delta] тик 2515800, tracked: 2, files seen: 1
[09:30:50] [delta] тик 2516100, tracked: 2, files seen: 1
[09:30:53] [delta] тик 2516400, tracked: 2, files seen: 1
[09:30:56] [delta] тик 2516700, tracked: 2, files seen: 1
[09:30:59] [delta] тик 2517000, tracked: 2, files seen: 1
[09:31:03] [delta] тик 2517300, tracked: 2, files seen: 1
[09:31:06] [delta] тик 2517600, tracked: 2, files seen: 1
[09:31:09] [delta] тик 2517900, tracked: 2, files seen: 1
[09:31:12] [delta] тик 2518200, tracked: 2, files seen: 1
[09:31:15] [delta] тик 2518500, tracked: 2, files seen: 1
[09:31:18] [delta] тик 2518800, tracked: 2, files seen: 1
[09:31:21] [delta] тик 2519100, tracked: 2, files seen: 1
[09:31:24] [delta] тик 2519400, tracked: 2, files seen: 1
[09:31:27] [delta] тик 2519700, tracked: 2, files seen: 1
[09:31:31] [delta] тик 2520000, tracked: 2, files seen: 1
[09:31:34] [delta] тик 2520300, tracked: 2, files seen: 1
[09:31:37] [delta] тик 2520600, tracked: 2, files seen: 1
[09:31:40] [delta] тик 2520900, tracked: 2, files seen: 1
[09:31:43] [delta] тик 2521200, tracked: 2, files seen: 1
[09:31:46] [delta] тик 2521500, tracked: 2, files seen: 1
[09:31:49] [delta] тик 2521800, tracked: 2, files seen: 1
[09:31:52] [delta] тик 2522100, tracked: 2, files seen: 1
[09:31:55] [delta] тик 2522400, tracked: 2, files seen: 1
[09:31:58] [delta] тик 2522700, tracked: 2, files seen: 1
[09:32:01] [delta] тик 2523000, tracked: 2, files seen: 1
[09:32:05] [delta] тик 2523300, tracked: 2, files seen: 1
[09:32:08] [delta] тик 2523600, tracked: 2, files seen: 1
[09:32:11] [delta] тик 2523900, tracked: 2, files seen: 1
[09:32:14] [delta] тик 2524200, tracked: 2, files seen: 1
[09:32:17] [delta] тик 2524500, tracked: 2, files seen: 1
[09:32:20] [delta] тик 2524800, tracked: 2, files seen: 1
[09:32:23] [delta] тик 2525100, tracked: 2, files seen: 1
[09:32:26] [delta] тик 2525400, tracked: 2, files seen: 1
[09:32:29] [delta] тик 2525700, tracked: 2, files seen: 1
[09:32:32] [delta] тик 2526000, tracked: 2, files seen: 1
[09:32:36] [delta] тик 2526300, tracked: 2, files seen: 1
[09:32:39] [delta] тик 2526600, tracked: 2, files seen: 1
[09:32:42] [delta] тик 2526900, tracked: 2, files seen: 1
[09:32:45] [delta] тик 2527200, tracked: 2, files seen: 1
[09:32:48] [delta] тик 2527500, tracked: 2, files seen: 1
[09:32:51] [delta] тик 2527800, tracked: 2, files seen: 1
[09:32:54] [delta] тик 2528100, tracked: 2, files seen: 1
[09:32:57] [delta] тик 2528400, tracked: 2, files seen: 1
[09:33:00] [delta] тик 2528700, tracked: 2, files seen: 1
[09:33:04] [delta] тик 2529000, tracked: 2, files seen: 1
[09:33:07] [delta] тик 2529300, tracked: 2, files seen: 1
[09:33:10] [delta] тик 2529600, tracked: 2, files seen: 1
[09:33:13] [delta] тик 2529900, tracked: 2, files seen: 1
[09:33:16] [delta] тик 2530200, tracked: 2, files seen: 1
[09:33:19] [delta] тик 2530500, tracked: 2, files seen: 1
[09:33:22] [delta] тик 2530800, tracked: 2, files seen: 1
[09:33:25] [delta] тик 2531100, tracked: 2, files seen: 1
[09:33:28] [delta] тик 2531400, tracked: 2, files seen: 1
[09:33:31] [delta] тик 2531700, tracked: 2, files seen: 1
[09:33:35] [delta] тик 2532000, tracked: 2, files seen: 1
[09:33:38] [delta] тик 2532300, tracked: 2, files seen: 1
[09:33:41] [delta] тик 2532600, tracked: 2, files seen: 1
[09:33:44] [delta] тик 2532900, tracked: 2, files seen: 1
[09:33:47] [delta] тик 2533200, tracked: 2, files seen: 1
[09:33:50] [delta] тик 2533500, tracked: 2, files seen: 1
[09:33:53] [delta] тик 2533800, tracked: 2, files seen: 1
[09:33:56] [delta] тик 2534100, tracked: 2, files seen: 1
[09:33:59] [delta] тик 2534400, tracked: 2, files seen: 1
[09:34:03] [delta] тик 2534700, tracked: 2, files seen: 1
[09:34:06] [delta] тик 2535000, tracked: 2, files seen: 1
[09:34:09] [delta] тик 2535300, tracked: 2, files seen: 1
[09:34:12] [delta] тик 2535600, tracked: 2, files seen: 1
[09:34:15] [delta] тик 2535900, tracked: 2, files seen: 1
[09:34:18] [delta] тик 2536200, tracked: 2, files seen: 1
[09:34:21] [delta] тик 2536500, tracked: 2, files seen: 1
[09:34:24] [delta] тик 2536800, tracked: 2, files seen: 1
[09:34:27] [delta] тик 2537100, tracked: 2, files seen: 1
[09:34:30] [delta] тик 2537400, tracked: 2, files seen: 1
[09:34:34] [delta] тик 2537700, tracked: 2, files seen: 1
[09:34:37] [delta] тик 2538000, tracked: 2, files seen: 1
[09:34:40] [delta] тик 2538300, tracked: 2, files seen: 1
[09:34:43] [delta] тик 2538600, tracked: 2, files seen: 1
[09:34:46] [delta] тик 2538900, tracked: 2, files seen: 1
[09:34:49] [delta] тик 2539200, tracked: 2, files seen: 1
[09:34:52] [delta] тик 2539500, tracked: 2, files seen: 1
[09:34:55] [delta] тик 2539800, tracked: 2, files seen: 1
[09:34:58] [delta] тик 2540100, tracked: 2, files seen: 1
[09:35:01] [delta] тик 2540400, tracked: 2, files seen: 1
[09:35:05] [delta] тик 2540700, tracked: 2, files seen: 1
[09:35:08] [delta] тик 2541000, tracked: 2, files seen: 1
[09:35:11] [delta] тик 2541300, tracked: 2, files seen: 1
[09:35:14] [delta] тик 2541600, tracked: 2, files seen: 1
[09:35:17] [delta] тик 2541900, tracked: 2, files seen: 1
[09:35:20] [delta] тик 2542200, tracked: 2, files seen: 1
[09:35:23] [delta] тик 2542500, tracked: 2, files seen: 1
[09:35:26] [delta] тик 2542800, tracked: 2, files seen: 1
[09:35:29] [delta] тик 2543100, tracked: 2, files seen: 1
[09:35:33] [delta] тик 2543400, tracked: 2, files seen: 1
[09:35:36] [delta] тик 2543700, tracked: 2, files seen: 1
[09:35:39] [delta] тик 2544000, tracked: 2, files seen: 1
[09:35:42] [delta] тик 2544300, tracked: 2, files seen: 1
[09:35:45] [delta] тик 2544600, tracked: 2, files seen: 1
[09:35:48] [delta] тик 2544900, tracked: 2, files seen: 1
[09:35:51] [delta] тик 2545200, tracked: 2, files seen: 1
[09:35:54] [delta] тик 2545500, tracked: 2, files seen: 1
[09:35:57] [delta] тик 2545800, tracked: 2, files seen: 1
[09:36:00] [delta] тик 2546100, tracked: 2, files seen: 1
[09:36:04] [delta] тик 2546400, tracked: 2, files seen: 1
[09:36:07] [delta] тик 2546700, tracked: 2, files seen: 1
[09:36:10] [delta] тик 2547000, tracked: 2, files seen: 1
[09:36:13] [delta] тик 2547300, tracked: 2, files seen: 1
[09:36:16] [delta] тик 2547600, tracked: 2, files seen: 1
[09:36:19] [delta] тик 2547900, tracked: 2, files seen: 1
[09:36:22] [delta] тик 2548200, tracked: 2, files seen: 1
[09:36:25] [delta] тик 2548500, tracked: 2, files seen: 1
[09:36:28] [delta] тик 2548800, tracked: 2, files seen: 1
[09:36:31] [delta] тик 2549100, tracked: 2, files seen: 1
[09:36:35] [delta] тик 2549400, tracked: 2, files seen: 1
[09:36:38] [delta] тик 2549700, tracked: 2, files seen: 1
[09:36:41] [delta] тик 2550000, tracked: 2, files seen: 1
[09:36:44] [delta] тик 2550300, tracked: 2, files seen: 1
[09:36:47] [delta] тик 2550600, tracked: 2, files seen: 1
[09:36:50] [delta] тик 2550900, tracked: 2, files seen: 1
[09:36:53] [delta] тик 2551200, tracked: 2, files seen: 1
[09:36:56] [delta] тик 2551500, tracked: 2, files seen: 1
[09:36:59] [delta] тик 2551800, tracked: 2, files seen: 1
[09:37:02] [delta] тик 2552100, tracked: 2, files seen: 1
[09:37:06] [delta] тик 2552400, tracked: 2, files seen: 1
[09:37:09] [delta] тик 2552700, tracked: 2, files seen: 1
[09:37:12] [delta] тик 2553000, tracked: 2, files seen: 1
[09:37:15] [delta] тик 2553300, tracked: 2, files seen: 1
[09:37:18] [delta] тик 2553600, tracked: 2, files seen: 1
[09:37:21] [delta] тик 2553900, tracked: 2, files seen: 1
[09:37:24] [delta] тик 2554200, tracked: 2, files seen: 1
[09:37:27] [delta] тик 2554500, tracked: 2, files seen: 1
[09:37:30] [delta] тик 2554800, tracked: 2, files seen: 1
[09:37:33] [delta] тик 2555100, tracked: 2, files seen: 1
[09:37:37] [delta] тик 2555400, tracked: 2, files seen: 1
[09:37:40] [delta] тик 2555700, tracked: 2, files seen: 1
[09:37:43] [delta] тик 2556000, tracked: 2, files seen: 1
[09:37:46] [delta] тик 2556300, tracked: 2, files seen: 1
[09:37:49] [delta] тик 2556600, tracked: 2, files seen: 1
[09:37:52] [delta] тик 2556900, tracked: 2, files seen: 1
[09:37:55] [delta] тик 2557200, tracked: 2, files seen: 1
[09:37:58] [delta] тик 2557500, tracked: 2, files seen: 1
[09:38:01] [delta] тик 2557800, tracked: 2, files seen: 1
[09:38:05] [delta] тик 2558100, tracked: 2, files seen: 1
[09:38:08] [delta] тик 2558400, tracked: 2, files seen: 1
[09:38:11] [delta] тик 2558700, tracked: 2, files seen: 1
[09:38:14] [delta] тик 2559000, tracked: 2, files seen: 1
[09:38:17] [delta] тик 2559300, tracked: 2, files seen: 1
[09:38:20] [delta] тик 2559600, tracked: 2, files seen: 1
[09:38:23] [delta] тик 2559900, tracked: 2, files seen: 1
[09:38:26] [delta] тик 2560200, tracked: 2, files seen: 1
[09:38:29] [delta] тик 2560500, tracked: 2, files seen: 1
[09:38:33] [delta] тик 2560800, tracked: 2, files seen: 1
[09:38:36] [delta] тик 2561100, tracked: 2, files seen: 1
[09:38:39] [delta] тик 2561400, tracked: 2, files seen: 1
[09:38:42] [delta] тик 2561700, tracked: 2, files seen: 1
[09:38:45] [delta] тик 2562000, tracked: 2, files seen: 1
[09:38:48] [delta] тик 2562300, tracked: 2, files seen: 1
[09:38:51] [delta] тик 2562600, tracked: 2, files seen: 1
[09:38:54] [delta] тик 2562900, tracked: 2, files seen: 1
[09:38:57] [delta] тик 2563200, tracked: 2, files seen: 1
[09:39:00] [delta] тик 2563500, tracked: 2, files seen: 1
[09:39:04] [delta] тик 2563800, tracked: 2, files seen: 1
[09:39:07] [delta] тик 2564100, tracked: 2, files seen: 1
[09:39:10] [delta] тик 2564400, tracked: 2, files seen: 1
[09:39:13] [delta] тик 2564700, tracked: 2, files seen: 1
[09:39:16] [delta] тик 2565000, tracked: 2, files seen: 1
[09:39:19] [delta] тик 2565300, tracked: 2, files seen: 1
[09:39:22] [delta] тик 2565600, tracked: 2, files seen: 1
[09:39:25] [delta] тик 2565900, tracked: 2, files seen: 1
[09:39:28] [delta] тик 2566200, tracked: 2, files seen: 1
[09:39:31] [delta] тик 2566500, tracked: 2, files seen: 1
[09:39:35] [delta] тик 2566800, tracked: 2, files seen: 1
[09:39:38] [delta] тик 2567100, tracked: 2, files seen: 1
[09:39:41] [delta] тик 2567400, tracked: 2, files seen: 1
[09:39:44] [delta] тик 2567700, tracked: 2, files seen: 1
[09:39:47] [delta] тик 2568000, tracked: 2, files seen: 1
[09:39:50] [delta] тик 2568300, tracked: 2, files seen: 1
[09:39:53] [delta] тик 2568600, tracked: 2, files seen: 1
[09:39:56] [delta] тик 2568900, tracked: 2, files seen: 1
[09:39:59] [delta] тик 2569200, tracked: 2, files seen: 1
[09:40:03] [delta] тик 2569500, tracked: 2, files seen: 1
[09:40:06] [delta] тик 2569800, tracked: 2, files seen: 1
[09:40:09] [delta] тик 2570100, tracked: 2, files seen: 1
[09:40:12] [delta] тик 2570400, tracked: 2, files seen: 1
[09:40:15] [delta] тик 2570700, tracked: 2, files seen: 1
[09:40:18] [delta] тик 2571000, tracked: 2, files seen: 1
[09:40:21] [delta] тик 2571300, tracked: 2, files seen: 1
[09:40:24] [delta] тик 2571600, tracked: 2, files seen: 1
[09:40:27] [delta] тик 2571900, tracked: 2, files seen: 1
[09:40:30] [delta] тик 2572200, tracked: 2, files seen: 1
[09:40:34] [delta] тик 2572500, tracked: 2, files seen: 1
[09:40:37] [delta] тик 2572800, tracked: 2, files seen: 1
[09:40:40] [delta] тик 2573100, tracked: 2, files seen: 1
[09:40:43] [delta] тик 2573400, tracked: 2, files seen: 1
[09:40:46] [delta] тик 2573700, tracked: 2, files seen: 1
[09:40:49] [delta] тик 2574000, tracked: 2, files seen: 1
[09:40:52] [delta] тик 2574300, tracked: 2, files seen: 1
[09:40:55] [delta] тик 2574600, tracked: 2, files seen: 1
[09:40:58] [delta] тик 2574900, tracked: 2, files seen: 1
[09:41:02] [delta] тик 2575200, tracked: 2, files seen: 1
[09:41:05] [delta] тик 2575500, tracked: 2, files seen: 1
[09:41:08] [delta] тик 2575800, tracked: 2, files seen: 1
[09:41:11] [delta] тик 2576100, tracked: 2, files seen: 1
[09:41:14] [delta] тик 2576400, tracked: 2, files seen: 1
[09:41:17] [delta] тик 2576700, tracked: 2, files seen: 1
[09:41:20] [delta] тик 2577000, tracked: 2, files seen: 1
[09:41:23] [delta] тик 2577300, tracked: 2, files seen: 1
[09:41:26] [delta] тик 2577600, tracked: 2, files seen: 1
[09:41:29] [delta] тик 2577900, tracked: 2, files seen: 1
[09:41:33] [delta] тик 2578200, tracked: 2, files seen: 1
[09:41:36] [delta] тик 2578500, tracked: 2, files seen: 1
[09:41:39] [delta] тик 2578800, tracked: 2, files seen: 1
[09:41:42] [delta] тик 2579100, tracked: 2, files seen: 1
[09:41:45] [delta] тик 2579400, tracked: 2, files seen: 1
[09:41:48] [delta] тик 2579700, tracked: 2, files seen: 1
[09:41:51] [delta] тик 2580000, tracked: 2, files seen: 1
[09:41:54] [delta] тик 2580300, tracked: 2, files seen: 1
[09:41:57] [delta] тик 2580600, tracked: 2, files seen: 1
[09:42:01] [delta] тик 2580900, tracked: 2, files seen: 1
[09:42:04] [delta] тик 2581200, tracked: 2, files seen: 1
[09:42:07] [delta] тик 2581500, tracked: 2, files seen: 1
[09:42:10] [delta] тик 2581800, tracked: 2, files seen: 1
[09:42:13] [delta] тик 2582100, tracked: 2, files seen: 1
[09:42:16] [delta] тик 2582400, tracked: 2, files seen: 1
[09:42:19] [delta] тик 2582700, tracked: 2, files seen: 1
[09:42:22] [delta] тик 2583000, tracked: 2, files seen: 1
[09:42:25] [delta] тик 2583300, tracked: 2, files seen: 1
[09:42:28] [delta] тик 2583600, tracked: 2, files seen: 1
[09:42:32] [delta] тик 2583900, tracked: 2, files seen: 1
[09:42:35] [delta] тик 2584200, tracked: 2, files seen: 1
[09:42:38] [delta] тик 2584500, tracked: 2, files seen: 1
[09:42:41] [delta] тик 2584800, tracked: 2, files seen: 1
[09:42:44] [delta] тик 2585100, tracked: 2, files seen: 1
[09:42:47] [delta] тик 2585400, tracked: 2, files seen: 1
[09:42:50] [delta] тик 2585700, tracked: 2, files seen: 1
[09:42:53] [delta] тик 2586000, tracked: 2, files seen: 1
[09:42:56] [delta] тик 2586300, tracked: 1, files seen: 1
[09:43:00] [delta] тик 2586600, tracked: 2, files seen: 1
[09:43:03] [delta] тик 2586900, tracked: 2, files seen: 1
[09:43:06] [delta] тик 2587200, tracked: 2, files seen: 1
[09:43:09] [delta] тик 2587500, tracked: 2, files seen: 1
[09:43:12] [delta] тик 2587800, tracked: 2, files seen: 1
[09:43:15] [delta] тик 2588100, tracked: 2, files seen: 1
[09:43:18] [delta] тик 2588400, tracked: 2, files seen: 1
[09:43:21] [delta] тик 2588700, tracked: 2, files seen: 1
[09:43:24] [delta] тик 2589000, tracked: 2, files seen: 1
[09:43:27] [delta] тик 2589300, tracked: 2, files seen: 1
[09:43:31] [delta] тик 2589600, tracked: 2, files seen: 1
[09:43:34] [delta] тик 2589900, tracked: 2, files seen: 1
[09:43:37] [delta] тик 2590200, tracked: 2, files seen: 1
[09:43:40] [delta] тик 2590500, tracked: 2, files seen: 1
[09:43:43] [delta] тик 2590800, tracked: 2, files seen: 1
[09:43:46] [delta] тик 2591100, tracked: 2, files seen: 1
[09:43:49] [delta] тик 2591400, tracked: 2, files seen: 1
[09:43:52] [delta] тик 2591700, tracked: 2, files seen: 1
[09:43:55] [delta] тик 2592000, tracked: 2, files seen: 1
[09:43:58] [delta] тик 2592300, tracked: 2, files seen: 1
[09:44:02] [delta] тик 2592600, tracked: 2, files seen: 1
[09:44:05] [delta] тик 2592900, tracked: 2, files seen: 1
[09:44:08] [delta] тик 2593200, tracked: 2, files seen: 1
[09:44:11] [delta] тик 2593500, tracked: 2, files seen: 1
[09:44:14] [delta] тик 2593800, tracked: 2, files seen: 1
[09:44:17] [delta] тик 2594100, tracked: 2, files seen: 1
[09:44:20] [delta] тик 2594400, tracked: 2, files seen: 1
[09:44:23] [delta] тик 2594700, tracked: 2, files seen: 1
[09:44:26] [delta] тик 2595000, tracked: 2, files seen: 1
[09:44:30] [delta] тик 2595300, tracked: 2, files seen: 1
[09:44:33] [delta] тик 2595600, tracked: 2, files seen: 1
[09:44:36] [delta] тик 2595900, tracked: 2, files seen: 1
[09:44:39] [delta] тик 2596200, tracked: 2, files seen: 1
[09:44:42] [delta] тик 2596500, tracked: 2, files seen: 1
[09:44:45] [delta] тик 2596800, tracked: 2, files seen: 1
[09:44:48] [delta] тик 2597100, tracked: 2, files seen: 1
[09:44:51] [delta] тик 2597400, tracked: 2, files seen: 1
[09:44:54] [delta] тик 2597700, tracked: 2, files seen: 1
[09:44:58] [delta] тик 2598000, tracked: 2, files seen: 1
[09:45:01] [delta] тик 2598300, tracked: 2, files seen: 1
[09:45:04] [delta] тик 2598600, tracked: 2, files seen: 1
[09:45:07] [delta] тик 2598900, tracked: 2, files seen: 1
[09:45:10] [delta] тик 2599200, tracked: 2, files seen: 1
[09:45:13] [delta] тик 2599500, tracked: 2, files seen: 1
[09:45:16] [delta] тик 2599800, tracked: 2, files seen: 1
[09:45:19] [delta] тик 2600100, tracked: 2, files seen: 1
[09:45:22] [delta] тик 2600400, tracked: 2, files seen: 1
[09:45:25] [delta] тик 2600700, tracked: 2, files seen: 1
[09:45:29] [delta] тик 2601000, tracked: 2, files seen: 1
[09:45:32] [delta] тик 2601300, tracked: 2, files seen: 1
[09:45:35] [delta] тик 2601600, tracked: 2, files seen: 1
[09:45:38] [delta] тик 2601900, tracked: 2, files seen: 1
[09:45:41] [delta] тик 2602200, tracked: 1, files seen: 1
[09:45:44] [delta] тик 2602500, tracked: 2, files seen: 1
[09:45:47] [delta] тик 2602800, tracked: 2, files seen: 1
[09:45:50] [delta] тик 2603100, tracked: 2, files seen: 1
[09:45:53] [delta] тик 2603400, tracked: 2, files seen: 1
[09:45:56] [delta] тик 2603700, tracked: 2, files seen: 1
[09:46:00] [delta] тик 2604000, tracked: 2, files seen: 1
[09:46:03] [delta] тик 2604300, tracked: 2, files seen: 1
[09:46:06] [delta] тик 2604600, tracked: 2, files seen: 1
[09:46:09] [delta] тик 2604900, tracked: 2, files seen: 1
[09:46:12] [delta] тик 2605200, tracked: 2, files seen: 1
[09:46:15] [delta] тик 2605500, tracked: 2, files seen: 1
[09:46:18] [delta] тик 2605800, tracked: 2, files seen: 1
[09:46:21] [delta] тик 2606100, tracked: 2, files seen: 1
[09:46:24] [delta] тик 2606400, tracked: 2, files seen: 1
[09:46:27] [delta] тик 2606700, tracked: 2, files seen: 1
[09:46:31] [delta] тик 2607000, tracked: 2, files seen: 1
[09:46:34] [delta] тик 2607300, tracked: 2, files seen: 1
[09:46:37] [delta] тик 2607600, tracked: 2, files seen: 1
[09:46:40] [delta] тик 2607900, tracked: 2, files seen: 1
[09:46:43] [delta] тик 2608200, tracked: 2, files seen: 1
[09:46:46] [delta] тик 2608500, tracked: 2, files seen: 1
[09:46:49] [delta] тик 2608800, tracked: 2, files seen: 1
[09:46:52] [delta] тик 2609100, tracked: 2, files seen: 1
[09:46:55] [delta] тик 2609400, tracked: 2, files seen: 1
[09:46:58] [delta] тик 2609700, tracked: 2, files seen: 1
[09:47:02] [delta] тик 2610000, tracked: 2, files seen: 1
[09:47:05] [delta] тик 2610300, tracked: 2, files seen: 1
[09:47:08] [delta] тик 2610600, tracked: 2, files seen: 1
[09:47:11] [delta] тик 2610900, tracked: 2, files seen: 1
[09:47:14] [delta] тик 2611200, tracked: 2, files seen: 1
[09:47:17] [delta] тик 2611500, tracked: 2, files seen: 1
[09:47:20] [delta] тик 2611800, tracked: 2, files seen: 1
[09:47:23] [delta] тик 2612100, tracked: 2, files seen: 1
[09:47:26] [delta] тик 2612400, tracked: 2, files seen: 1
[09:47:29] [delta] тик 2612700, tracked: 2, files seen: 1
[09:47:33] [delta] тик 2613000, tracked: 2, files seen: 1
[09:47:36] [delta] тик 2613300, tracked: 2, files seen: 1
[09:47:39] [delta] тик 2613600, tracked: 2, files seen: 1
[09:47:42] [delta] тик 2613900, tracked: 2, files seen: 1
[09:47:45] [delta] тик 2614200, tracked: 2, files seen: 1
[09:47:48] [delta] тик 2614500, tracked: 2, files seen: 1
[09:47:51] [delta] тик 2614800, tracked: 2, files seen: 1
[09:47:54] [delta] тик 2615100, tracked: 2, files seen: 1
[09:47:57] [delta] тик 2615400, tracked: 2, files seen: 1
[09:48:00] [delta] тик 2615700, tracked: 2, files seen: 1
[09:48:04] [delta] тик 2616000, tracked: 2, files seen: 1
[09:48:07] [delta] тик 2616300, tracked: 2, files seen: 1
[09:48:10] [delta] тик 2616600, tracked: 2, files seen: 1
[09:48:13] [delta] тик 2616900, tracked: 2, files seen: 1
[09:48:16] [delta] тик 2617200, tracked: 2, files seen: 1
[09:48:19] [delta] тик 2617500, tracked: 2, files seen: 1
[09:48:22] [delta] тик 2617800, tracked: 2, files seen: 1
[09:48:25] [delta] тик 2618100, tracked: 2, files seen: 1
[09:48:28] [delta] тик 2618400, tracked: 2, files seen: 1
[09:48:31] [delta] тик 2618700, tracked: 2, files seen: 1
[09:48:35] [delta] тик 2619000, tracked: 2, files seen: 1
[09:48:38] [delta] тик 2619300, tracked: 2, files seen: 1
[09:48:41] [delta] тик 2619600, tracked: 2, files seen: 1
[09:48:44] [delta] тик 2619900, tracked: 2, files seen: 1
[09:48:47] [delta] тик 2620200, tracked: 2, files seen: 1
[09:48:50] [delta] тик 2620500, tracked: 2, files seen: 1
[09:48:53] [delta] тик 2620800, tracked: 2, files seen: 1
[09:48:56] [delta] тик 2621100, tracked: 2, files seen: 1
[09:48:59] [delta] тик 2621400, tracked: 2, files seen: 1
[09:49:03] [delta] тик 2621700, tracked: 2, files seen: 1
[09:49:06] [delta] тик 2622000, tracked: 2, files seen: 1
[09:49:09] [delta] тик 2622300, tracked: 2, files seen: 1
[09:49:12] [delta] тик 2622600, tracked: 2, files seen: 1
[09:49:15] [delta] тик 2622900, tracked: 2, files seen: 1
[09:49:18] [delta] тик 2623200, tracked: 2, files seen: 1
[09:49:21] [delta] тик 2623500, tracked: 2, files seen: 1
[09:49:24] [delta] тик 2623800, tracked: 2, files seen: 1
[09:49:27] [delta] тик 2624100, tracked: 2, files seen: 1
[09:49:30] [delta] тик 2624400, tracked: 2, files seen: 1
[09:49:34] [delta] тик 2624700, tracked: 2, files seen: 1
[09:49:37] [delta] тик 2625000, tracked: 2, files seen: 1
[09:49:40] [delta] тик 2625300, tracked: 2, files seen: 1
[09:49:43] [delta] тик 2625600, tracked: 2, files seen: 1
[09:49:46] [delta] тик 2625900, tracked: 2, files seen: 1
[09:49:49] [delta] тик 2626200, tracked: 2, files seen: 1
[09:49:52] [delta] тик 2626500, tracked: 2, files seen: 1
[09:49:55] [delta] тик 2626800, tracked: 2, files seen: 1
[09:49:58] [delta] тик 2627100, tracked: 2, files seen: 1
[09:50:01] [delta] тик 2627400, tracked: 2, files seen: 1
[09:50:05] [delta] тик 2627700, tracked: 2, files seen: 1
[09:50:08] [delta] тик 2628000, tracked: 2, files seen: 1
[09:50:11] [delta] тик 2628300, tracked: 2, files seen: 1
[09:50:14] [delta] тик 2628600, tracked: 2, files seen: 1
[09:50:17] [delta] тик 2628900, tracked: 2, files seen: 1
[09:50:20] [delta] тик 2629200, tracked: 2, files seen: 1
[09:50:23] [delta] тик 2629500, tracked: 2, files seen: 1
[09:50:26] [delta] тик 2629800, tracked: 2, files seen: 1
[09:50:29] [delta] тик 2630100, tracked: 2, files seen: 1
[09:50:32] [delta] тик 2630400, tracked: 2, files seen: 1
[09:50:36] [delta] тик 2630700, tracked: 2, files seen: 1
[09:50:39] [delta] тик 2631000, tracked: 2, files seen: 1
[09:50:42] [delta] тик 2631300, tracked: 2, files seen: 1
[09:50:45] [delta] тик 2631600, tracked: 2, files seen: 1
[09:50:48] [delta] тик 2631900, tracked: 2, files seen: 1
[09:50:51] [delta] тик 2632200, tracked: 2, files seen: 1
[09:50:54] [delta] тик 2632500, tracked: 2, files seen: 1
[09:50:57] [delta] тик 2632800, tracked: 2, files seen: 1
[09:51:00] [delta] тик 2633100, tracked: 2, files seen: 1
[09:51:04] [delta] тик 2633400, tracked: 2, files seen: 1
[09:51:07] [delta] тик 2633700, tracked: 2, files seen: 1
[09:51:10] [delta] тик 2634000, tracked: 2, files seen: 1
[09:51:13] [delta] тик 2634300, tracked: 2, files seen: 1
[09:51:16] [delta] тик 2634600, tracked: 2, files seen: 1
[09:51:19] [delta] тик 2634900, tracked: 2, files seen: 1
[09:51:22] [delta] тик 2635200, tracked: 2, files seen: 1
[09:51:25] [delta] тик 2635500, tracked: 2, files seen: 1
[09:51:28] [delta] тик 2635800, tracked: 2, files seen: 1
[09:51:31] [delta] тик 2636100, tracked: 2, files seen: 1
[09:51:35] [delta] тик 2636400, tracked: 2, files seen: 1
[09:51:38] [delta] тик 2636700, tracked: 2, files seen: 1
[09:51:41] [delta] тик 2637000, tracked: 2, files seen: 1
[09:51:44] [delta] тик 2637300, tracked: 2, files seen: 1
[09:51:47] [delta] тик 2637600, tracked: 2, files seen: 1
[09:51:50] [delta] тик 2637900, tracked: 2, files seen: 1
[09:51:53] [delta] тик 2638200, tracked: 2, files seen: 1
[09:51:56] [delta] тик 2638500, tracked: 2, files seen: 1
[09:51:59] [delta] тик 2638800, tracked: 2, files seen: 1
[09:52:03] [delta] тик 2639100, tracked: 2, files seen: 1
[09:52:06] [delta] тик 2639400, tracked: 2, files seen: 1
[09:52:09] [delta] тик 2639700, tracked: 2, files seen: 1
[09:52:12] [delta] тик 2640000, tracked: 2, files seen: 1
[09:52:15] [delta] тик 2640300, tracked: 2, files seen: 1
[09:52:18] [delta] тик 2640600, tracked: 2, files seen: 1
[09:52:21] [delta] тик 2640900, tracked: 2, files seen: 1
[09:52:24] [delta] тик 2641200, tracked: 2, files seen: 1
[09:52:27] [delta] тик 2641500, tracked: 2, files seen: 1
[09:52:30] [delta] тик 2641800, tracked: 2, files seen: 1
[09:52:34] [delta] тик 2642100, tracked: 2, files seen: 1
[09:52:37] [delta] тик 2642400, tracked: 2, files seen: 1
[09:52:40] [delta] тик 2642700, tracked: 2, files seen: 1
[09:52:43] [delta] тик 2643000, tracked: 2, files seen: 1
[09:52:46] [delta] тик 2643300, tracked: 2, files seen: 1
[09:52:49] [delta] тик 2643600, tracked: 2, files seen: 1
[09:52:52] [delta] тик 2643900, tracked: 2, files seen: 1
[09:52:55] [delta] тик 2644200, tracked: 2, files seen: 1
[09:52:58] [delta] тик 2644500, tracked: 2, files seen: 1
[09:53:01] [delta] тик 2644800, tracked: 2, files seen: 1
[09:53:05] [delta] тик 2645100, tracked: 2, files seen: 1
[09:53:08] [delta] тик 2645400, tracked: 1, files seen: 1
[09:53:11] [delta] тик 2645700, tracked: 2, files seen: 1
[09:53:14] [delta] тик 2646000, tracked: 2, files seen: 1
[09:53:17] [delta] тик 2646300, tracked: 2, files seen: 1
[09:53:20] [delta] тик 2646600, tracked: 2, files seen: 1
[09:53:23] [delta] тик 2646900, tracked: 2, files seen: 1
[09:53:26] [delta] тик 2647200, tracked: 2, files seen: 1
[09:53:29] [delta] тик 2647500, tracked: 2, files seen: 1
[09:53:33] [delta] тик 2647800, tracked: 2, files seen: 1
[09:53:36] [delta] тик 2648100, tracked: 2, files seen: 1
[09:53:39] [delta] тик 2648400, tracked: 2, files seen: 1
[09:53:42] [delta] тик 2648700, tracked: 2, files seen: 1
[09:53:45] [delta] тик 2649000, tracked: 2, files seen: 1
[09:53:48] [delta] тик 2649300, tracked: 2, files seen: 1
[09:53:51] [delta] тик 2649600, tracked: 2, files seen: 1
[09:53:54] [delta] тик 2649900, tracked: 2, files seen: 1
[09:53:57] [delta] тик 2650200, tracked: 2, files seen: 1
[09:54:00] [delta] тик 2650500, tracked: 2, files seen: 1
[09:54:04] [delta] тик 2650800, tracked: 2, files seen: 1
[09:54:07] [delta] тик 2651100, tracked: 2, files seen: 1
[09:54:10] [delta] тик 2651400, tracked: 2, files seen: 1
[09:54:13] [delta] тик 2651700, tracked: 2, files seen: 1
[09:54:16] [delta] тик 2652000, tracked: 2, files seen: 1
[09:54:19] [delta] тик 2652300, tracked: 2, files seen: 1
[09:54:22] [delta] тик 2652600, tracked: 2, files seen: 1
[09:54:25] [delta] тик 2652900, tracked: 2, files seen: 1
[09:54:28] [delta] тик 2653200, tracked: 2, files seen: 1
[09:54:31] [delta] тик 2653500, tracked: 2, files seen: 1
[09:54:35] [delta] тик 2653800, tracked: 2, files seen: 1
[09:54:38] [delta] тик 2654100, tracked: 2, files seen: 1
[09:54:41] [delta] тик 2654400, tracked: 2, files seen: 1
[09:54:44] [delta] тик 2654700, tracked: 2, files seen: 1
[09:54:47] [delta] тик 2655000, tracked: 2, files seen: 1
[09:54:50] [delta] тик 2655300, tracked: 2, files seen: 1
[09:54:53] [delta] тик 2655600, tracked: 1, files seen: 1
[09:54:56] [delta] тик 2655900, tracked: 2, files seen: 1
[09:54:59] [delta] тик 2656200, tracked: 2, files seen: 1
[09:55:02] [delta] тик 2656500, tracked: 2, files seen: 1
[09:55:06] [delta] тик 2656800, tracked: 2, files seen: 1
[09:55:09] [delta] тик 2657100, tracked: 2, files seen: 1
[09:55:12] [delta] тик 2657400, tracked: 2, files seen: 1
[09:55:15] [delta] тик 2657700, tracked: 2, files seen: 1
[09:55:18] [delta] тик 2658000, tracked: 2, files seen: 1
[09:55:21] [delta] тик 2658300, tracked: 2, files seen: 1
[09:55:24] [delta] тик 2658600, tracked: 2, files seen: 1
[09:55:27] [delta] тик 2658900, tracked: 2, files seen: 1
[09:55:30] [delta] тик 2659200, tracked: 2, files seen: 1
[09:55:34] [delta] тик 2659500, tracked: 2, files seen: 1
[09:55:37] [delta] тик 2659800, tracked: 2, files seen: 1
[09:55:40] [delta] тик 2660100, tracked: 2, files seen: 1
[09:55:43] [delta] тик 2660400, tracked: 2, files seen: 1
[09:55:46] [delta] тик 2660700, tracked: 1, files seen: 1
[09:55:49] [delta] тик 2661000, tracked: 2, files seen: 1
[09:55:52] [delta] тик 2661300, tracked: 2, files seen: 1
[09:55:55] [delta] тик 2661600, tracked: 2, files seen: 1
[09:55:58] [delta] тик 2661900, tracked: 2, files seen: 1
[09:56:01] [delta] тик 2662200, tracked: 2, files seen: 1
[09:56:05] [delta] тик 2662500, tracked: 2, files seen: 1
[09:56:08] [delta] тик 2662800, tracked: 2, files seen: 1
[09:56:11] [delta] тик 2663100, tracked: 2, files seen: 1
[09:56:14] [delta] тик 2663400, tracked: 2, files seen: 1
[09:56:17] [delta] тик 2663700, tracked: 2, files seen: 1
[09:56:20] [delta] тик 2664000, tracked: 2, files seen: 1
[09:56:23] [delta] тик 2664300, tracked: 2, files seen: 1
[09:56:26] [delta] тик 2664600, tracked: 2, files seen: 1
[09:56:29] [delta] тик 2664900, tracked: 2, files seen: 1
[09:56:32] [delta] тик 2665200, tracked: 2, files seen: 1
[09:56:36] [delta] тик 2665500, tracked: 2, files seen: 1
[09:56:39] [delta] тик 2665800, tracked: 2, files seen: 1
[09:56:42] [delta] тик 2666100, tracked: 2, files seen: 1
[09:56:45] [delta] тик 2666400, tracked: 2, files seen: 1
[09:56:48] [delta] тик 2666700, tracked: 2, files seen: 1
[09:56:51] [delta] тик 2667000, tracked: 2, files seen: 1
[09:56:54] [delta] тик 2667300, tracked: 2, files seen: 1
[09:56:57] [delta] тик 2667600, tracked: 2, files seen: 1
[09:57:00] [delta] тик 2667900, tracked: 2, files seen: 1
[09:57:04] [delta] тик 2668200, tracked: 2, files seen: 1
[09:57:07] [delta] тик 2668500, tracked: 2, files seen: 1
[09:57:10] [delta] тик 2668800, tracked: 2, files seen: 1
[09:57:13] [delta] тик 2669100, tracked: 2, files seen: 1
[09:57:16] [delta] тик 2669400, tracked: 2, files seen: 1
[09:57:19] [delta] тик 2669700, tracked: 2, files seen: 1
[09:57:22] [delta] тик 2670000, tracked: 2, files seen: 1
[09:57:25] [delta] тик 2670300, tracked: 2, files seen: 1
[09:57:28] [delta] тик 2670600, tracked: 2, files seen: 1
[09:57:31] [delta] тик 2670900, tracked: 2, files seen: 1
[09:57:34] [delta] тик 2671200, tracked: 2, files seen: 1
[09:57:38] [delta] тик 2671500, tracked: 2, files seen: 1
[09:57:41] [delta] тик 2671800, tracked: 2, files seen: 1
[09:57:44] [delta] тик 2672100, tracked: 2, files seen: 1
[09:57:47] [delta] тик 2672400, tracked: 2, files seen: 1
[09:57:50] [delta] тик 2672700, tracked: 2, files seen: 1
[09:57:53] [delta] тик 2673000, tracked: 2, files seen: 1
[09:57:56] [delta] тик 2673300, tracked: 2, files seen: 1
[09:57:59] [delta] тик 2673600, tracked: 2, files seen: 1
[09:58:02] [delta] тик 2673900, tracked: 2, files seen: 1
[09:58:05] [delta] тик 2674200, tracked: 2, files seen: 1
[09:58:09] [delta] тик 2674500, tracked: 2, files seen: 1
[09:58:12] [delta] тик 2674800, tracked: 2, files seen: 1
[09:58:15] [delta] тик 2675100, tracked: 2, files seen: 1
[09:58:18] [delta] тик 2675400, tracked: 2, files seen: 1
[09:58:21] [delta] тик 2675700, tracked: 2, files seen: 1
[09:58:24] [delta] тик 2676000, tracked: 2, files seen: 1
[09:58:27] [delta] тик 2676300, tracked: 2, files seen: 1
[09:58:30] [delta] тик 2676600, tracked: 2, files seen: 1
[09:58:33] [delta] тик 2676900, tracked: 2, files seen: 1
[09:58:37] [delta] тик 2677200, tracked: 2, files seen: 1
[09:58:40] [delta] тик 2677500, tracked: 2, files seen: 1
[09:58:43] [delta] тик 2677800, tracked: 2, files seen: 1
[09:58:46] [delta] тик 2678100, tracked: 2, files seen: 1
[09:58:49] [delta] тик 2678400, tracked: 2, files seen: 1
[09:58:52] [delta] тик 2678700, tracked: 2, files seen: 1
[09:58:55] [delta] тик 2679000, tracked: 2, files seen: 1
[09:58:58] [delta] тик 2679300, tracked: 2, files seen: 1
[09:59:01] [delta] тик 2679600, tracked: 2, files seen: 1
[09:59:04] [delta] тик 2679900, tracked: 2, files seen: 1
[09:59:08] [delta] тик 2680200, tracked: 2, files seen: 1
[09:59:11] [delta] тик 2680500, tracked: 2, files seen: 1
[09:59:14] [delta] тик 2680800, tracked: 2, files seen: 1
[09:59:17] [delta] тик 2681100, tracked: 2, files seen: 1
[09:59:20] [delta] тик 2681400, tracked: 2, files seen: 1
[09:59:23] [delta] тик 2681700, tracked: 2, files seen: 1
[09:59:26] [delta] тик 2682000, tracked: 2, files seen: 1
[09:59:29] [delta] тик 2682300, tracked: 2, files seen: 1
[09:59:32] [delta] тик 2682600, tracked: 2, files seen: 1
[09:59:35] [delta] тик 2682900, tracked: 2, files seen: 1
[09:59:39] [delta] тик 2683200, tracked: 2, files seen: 1
[09:59:42] [delta] тик 2683500, tracked: 2, files seen: 1
[09:59:45] [delta] тик 2683800, tracked: 2, files seen: 1
[09:59:48] [delta] тик 2684100, tracked: 2, files seen: 1
[09:59:51] [delta] тик 2684400, tracked: 2, files seen: 1
[09:59:54] [delta] тик 2684700, tracked: 2, files seen: 1
[09:59:57] [delta] тик 2685000, tracked: 2, files seen: 1
[10:00:00] [delta] тик 2685300, tracked: 2, files seen: 1
[10:00:03] [delta] тик 2685600, tracked: 2, files seen: 1
[10:00:06] [delta] тик 2685900, tracked: 2, files seen: 1
[10:00:10] [delta] тик 2686200, tracked: 2, files seen: 1
[10:00:13] [delta] тик 2686500, tracked: 2, files seen: 1
[10:00:16] [delta] тик 2686800, tracked: 2, files seen: 1
[10:00:19] [delta] тик 2687100, tracked: 2, files seen: 1
[10:00:22] [delta] тик 2687400, tracked: 2, files seen: 1
[10:00:25] [delta] тик 2687700, tracked: 2, files seen: 1
[10:00:28] [delta] тик 2688000, tracked: 2, files seen: 1
[10:00:31] [delta] тик 2688300, tracked: 2, files seen: 1
[10:00:34] [delta] тик 2688600, tracked: 2, files seen: 1
[10:00:38] [delta] тик 2688900, tracked: 2, files seen: 1
[10:00:41] [delta] тик 2689200, tracked: 2, files seen: 1
[10:00:44] [delta] тик 2689500, tracked: 2, files seen: 1
[10:00:47] [delta] тик 2689800, tracked: 2, files seen: 1
[10:00:50] [delta] тик 2690100, tracked: 2, files seen: 1
[10:00:53] [delta] тик 2690400, tracked: 2, files seen: 1
[10:00:56] [delta] тик 2690700, tracked: 2, files seen: 1
[10:00:59] [delta] тик 2691000, tracked: 2, files seen: 1
[10:01:02] [delta] тик 2691300, tracked: 2, files seen: 1
[10:01:05] [delta] тик 2691600, tracked: 2, files seen: 1
[10:01:09] [delta] тик 2691900, tracked: 2, files seen: 1
[10:01:12] [delta] тик 2692200, tracked: 2, files seen: 1
[10:01:15] [delta] тик 2692500, tracked: 2, files seen: 1
[10:01:18] [delta] тик 2692800, tracked: 2, files seen: 1
[10:01:21] [delta] тик 2693100, tracked: 2, files seen: 1
[10:01:24] [delta] тик 2693400, tracked: 2, files seen: 1
[10:01:27] [delta] тик 2693700, tracked: 2, files seen: 1
[10:01:30] [delta] тик 2694000, tracked: 2, files seen: 1
[10:01:33] [delta] тик 2694300, tracked: 2, files seen: 1
[10:01:36] [delta] тик 2694600, tracked: 2, files seen: 1
[10:01:40] [delta] тик 2694900, tracked: 2, files seen: 1
[10:01:43] [delta] тик 2695200, tracked: 2, files seen: 1
[10:01:46] [delta] тик 2695500, tracked: 2, files seen: 1
[10:01:49] [delta] тик 2695800, tracked: 2, files seen: 1
[10:01:52] [delta] тик 2696100, tracked: 2, files seen: 1
[10:01:55] [delta] тик 2696400, tracked: 2, files seen: 1
[10:01:58] [delta] тик 2696700, tracked: 2, files seen: 1
[10:02:01] [delta] тик 2697000, tracked: 2, files seen: 1
[10:02:04] [delta] тик 2697300, tracked: 2, files seen: 1
[10:02:07] [delta] тик 2697600, tracked: 2, files seen: 1
[10:02:11] [delta] тик 2697900, tracked: 2, files seen: 1
[10:02:14] [delta] тик 2698200, tracked: 2, files seen: 1
[10:02:17] [delta] тик 2698500, tracked: 2, files seen: 1
[10:02:20] [delta] тик 2698800, tracked: 2, files seen: 1
[10:02:23] [delta] тик 2699100, tracked: 2, files seen: 1
[10:02:26] [delta] тик 2699400, tracked: 2, files seen: 1
[10:02:29] [delta] тик 2699700, tracked: 2, files seen: 1
[10:02:32] [delta] тик 2700000, tracked: 2, files seen: 1
[10:02:35] [delta] тик 2700300, tracked: 2, files seen: 1
[10:02:38] [delta] тик 2700600, tracked: 2, files seen: 1
[10:02:42] [delta] тик 2700900, tracked: 2, files seen: 1
[10:02:45] [delta] тик 2701200, tracked: 2, files seen: 1
[10:02:48] [delta] тик 2701500, tracked: 2, files seen: 1
[10:02:51] [delta] тик 2701800, tracked: 2, files seen: 1
[10:02:54] [delta] тик 2702100, tracked: 2, files seen: 1
[10:02:57] [delta] тик 2702400, tracked: 2, files seen: 1
[10:03:00] [delta] тик 2702700, tracked: 2, files seen: 1
[10:03:03] [delta] тик 2703000, tracked: 2, files seen: 1
[10:03:06] [delta] тик 2703300, tracked: 2, files seen: 1
[10:03:10] [delta] тик 2703600, tracked: 2, files seen: 1
[10:03:13] [delta] тик 2703900, tracked: 2, files seen: 1
[10:03:16] [delta] тик 2704200, tracked: 2, files seen: 1
[10:03:19] [delta] тик 2704500, tracked: 2, files seen: 1
[10:03:22] [delta] тик 2704800, tracked: 2, files seen: 1
[10:03:25] [delta] тик 2705100, tracked: 2, files seen: 1
[10:03:28] [delta] тик 2705400, tracked: 2, files seen: 1
[10:03:31] [delta] тик 2705700, tracked: 2, files seen: 1
[10:03:34] [delta] тик 2706000, tracked: 2, files seen: 1
[10:03:37] [delta] тик 2706300, tracked: 2, files seen: 1
[10:03:41] [delta] тик 2706600, tracked: 2, files seen: 1
[10:03:44] [delta] тик 2706900, tracked: 2, files seen: 1
[10:03:47] [delta] тик 2707200, tracked: 2, files seen: 1
[10:03:50] [delta] тик 2707500, tracked: 2, files seen: 1
[10:03:53] [delta] тик 2707800, tracked: 2, files seen: 1
[10:03:56] [delta] тик 2708100, tracked: 2, files seen: 1
[10:03:59] [delta] тик 2708400, tracked: 2, files seen: 1
[10:04:02] [delta] тик 2708700, tracked: 2, files seen: 1
[10:04:05] [delta] тик 2709000, tracked: 2, files seen: 1
[10:04:08] [delta] тик 2709300, tracked: 2, files seen: 1
[10:04:12] [delta] тик 2709600, tracked: 2, files seen: 1
[10:04:15] [delta] тик 2709900, tracked: 2, files seen: 1
[10:04:18] [delta] тик 2710200, tracked: 2, files seen: 1
[10:04:21] [delta] тик 2710500, tracked: 2, files seen: 1
[10:04:24] [delta] тик 2710800, tracked: 2, files seen: 1
[10:04:27] [delta] тик 2711100, tracked: 2, files seen: 1
[10:04:30] [delta] тик 2711400, tracked: 2, files seen: 1
[10:04:33] [delta] тик 2711700, tracked: 2, files seen: 1
[10:04:36] [delta] тик 2712000, tracked: 2, files seen: 1
[10:04:39] [delta] тик 2712300, tracked: 2, files seen: 1
[10:04:43] [delta] тик 2712600, tracked: 2, files seen: 1
[10:04:46] [delta] тик 2712900, tracked: 2, files seen: 1
[10:04:49] [delta] тик 2713200, tracked: 2, files seen: 1
[10:04:52] [delta] тик 2713500, tracked: 2, files seen: 1
[10:04:55] [delta] тик 2713800, tracked: 2, files seen: 1
[10:04:58] [delta] тик 2714100, tracked: 2, files seen: 1
[10:05:01] [delta] тик 2714400, tracked: 2, files seen: 1
[10:05:04] [delta] тик 2714700, tracked: 2, files seen: 1
[10:05:07] [delta] тик 2715000, tracked: 2, files seen: 1
[10:05:11] [delta] тик 2715300, tracked: 2, files seen: 1
[10:05:14] [delta] тик 2715600, tracked: 2, files seen: 1
[10:05:17] [delta] тик 2715900, tracked: 2, files seen: 1
[10:05:20] [delta] тик 2716200, tracked: 2, files seen: 1
[10:05:23] [delta] тик 2716500, tracked: 2, files seen: 1
[10:05:26] [delta] тик 2716800, tracked: 2, files seen: 1
[10:05:29] [delta] тик 2717100, tracked: 2, files seen: 1
[10:05:32] [delta] тик 2717400, tracked: 2, files seen: 1
[10:05:35] [delta] тик 2717700, tracked: 2, files seen: 1
[10:05:38] [delta] тик 2718000, tracked: 2, files seen: 1
[10:05:42] [delta] тик 2718300, tracked: 2, files seen: 1
[10:05:45] [delta] тик 2718600, tracked: 2, files seen: 1
[10:05:48] [delta] тик 2718900, tracked: 2, files seen: 1
[10:05:51] [delta] тик 2719200, tracked: 2, files seen: 1
[10:05:54] [delta] тик 2719500, tracked: 2, files seen: 1
[10:05:57] [delta] тик 2719800, tracked: 2, files seen: 1
[10:06:00] [delta] тик 2720100, tracked: 2, files seen: 1
[10:06:03] [delta] тик 2720400, tracked: 2, files seen: 1
[10:06:06] [delta] тик 2720700, tracked: 2, files seen: 1
[10:06:09] [delta] тик 2721000, tracked: 2, files seen: 1
[10:06:13] [delta] тик 2721300, tracked: 2, files seen: 1
[10:06:16] [delta] тик 2721600, tracked: 2, files seen: 1
[10:06:19] [delta] тик 2721900, tracked: 2, files seen: 1
[10:06:22] [delta] тик 2722200, tracked: 2, files seen: 1
[10:06:25] [delta] тик 2722500, tracked: 2, files seen: 1
[10:06:28] [delta] тик 2722800, tracked: 2, files seen: 1
[10:06:31] [delta] тик 2723100, tracked: 2, files seen: 1
[10:06:34] [delta] тик 2723400, tracked: 2, files seen: 1
[10:06:37] [delta] тик 2723700, tracked: 2, files seen: 1
[10:06:40] [delta] тик 2724000, tracked: 2, files seen: 1
[10:06:44] [delta] тик 2724300, tracked: 2, files seen: 1
[10:06:47] [delta] тик 2724600, tracked: 2, files seen: 1
[10:06:50] [delta] тик 2724900, tracked: 2, files seen: 1
[10:06:53] [delta] тик 2725200, tracked: 2, files seen: 1
[10:06:56] [delta] тик 2725500, tracked: 2, files seen: 1
[10:06:59] [delta] тик 2725800, tracked: 2, files seen: 1
[10:07:02] [delta] тик 2726100, tracked: 2, files seen: 1
[10:07:05] [delta] тик 2726400, tracked: 2, files seen: 1
[10:07:08] [delta] тик 2726700, tracked: 2, files seen: 1
[10:07:12] [delta] тик 2727000, tracked: 2, files seen: 1
[10:07:15] [delta] тик 2727300, tracked: 2, files seen: 1
[10:07:18] [delta] тик 2727600, tracked: 2, files seen: 1
[10:07:21] [delta] тик 2727900, tracked: 2, files seen: 1
[10:07:24] [delta] тик 2728200, tracked: 2, files seen: 1
[10:07:27] [delta] тик 2728500, tracked: 2, files seen: 1
[10:07:30] [delta] тик 2728800, tracked: 2, files seen: 1
[10:07:33] [delta] тик 2729100, tracked: 2, files seen: 1
[10:07:36] [delta] тик 2729400, tracked: 2, files seen: 1
[10:07:39] [delta] тик 2729700, tracked: 2, files seen: 1
[10:07:42] [delta] тик 2730000, tracked: 2, files seen: 1
[10:07:46] [delta] тик 2730300, tracked: 2, files seen: 1
[10:07:49] [delta] тик 2730600, tracked: 2, files seen: 1
[10:07:52] [delta] тик 2730900, tracked: 2, files seen: 1
[10:07:55] [delta] тик 2731200, tracked: 2, files seen: 1
[10:07:58] [delta] тик 2731500, tracked: 2, files seen: 1
[10:08:01] [delta] тик 2731800, tracked: 2, files seen: 1
[10:08:04] [delta] тик 2732100, tracked: 2, files seen: 1
[10:08:07] [delta] тик 2732400, tracked: 2, files seen: 1
[10:08:10] [delta] тик 2732700, tracked: 2, files seen: 1
[10:08:13] [delta] тик 2733000, tracked: 2, files seen: 1
[10:08:17] [delta] тик 2733300, tracked: 2, files seen: 1
[10:08:20] [delta] тик 2733600, tracked: 2, files seen: 1
[10:08:23] [delta] тик 2733900, tracked: 2, files seen: 1
[10:08:26] [delta] тик 2734200, tracked: 2, files seen: 1
[10:08:29] [delta] тик 2734500, tracked: 2, files seen: 1
[10:08:32] [delta] тик 2734800, tracked: 2, files seen: 1
[10:08:35] [delta] тик 2735100, tracked: 2, files seen: 1
[10:08:38] [delta] тик 2735400, tracked: 2, files seen: 1
[10:08:41] [delta] тик 2735700, tracked: 2, files seen: 1
[10:08:45] [delta] тик 2736000, tracked: 2, files seen: 1
[10:08:48] [delta] тик 2736300, tracked: 2, files seen: 1
[10:08:51] [delta] тик 2736600, tracked: 2, files seen: 1
[10:08:54] [delta] тик 2736900, tracked: 2, files seen: 1
[10:08:57] [delta] тик 2737200, tracked: 2, files seen: 1
[10:09:00] [delta] тик 2737500, tracked: 2, files seen: 1
[10:09:03] [delta] тик 2737800, tracked: 2, files seen: 1
[10:09:06] [delta] тик 2738100, tracked: 2, files seen: 1
[10:09:09] [delta] тик 2738400, tracked: 2, files seen: 1
[10:09:12] [delta] тик 2738700, tracked: 2, files seen: 1
[10:09:16] [delta] тик 2739000, tracked: 2, files seen: 1
[10:09:19] [delta] тик 2739300, tracked: 2, files seen: 1
[10:09:22] [delta] тик 2739600, tracked: 2, files seen: 1
[10:09:25] [delta] тик 2739900, tracked: 2, files seen: 1
[10:09:28] [delta] тик 2740200, tracked: 2, files seen: 1
[10:09:31] [delta] тик 2740500, tracked: 2, files seen: 1
[10:09:34] [delta] тик 2740800, tracked: 2, files seen: 1
[10:09:37] [delta] тик 2741100, tracked: 2, files seen: 1
[10:09:40] [delta] тик 2741400, tracked: 2, files seen: 1
[10:09:43] [delta] тик 2741700, tracked: 1, files seen: 1
[10:09:47] [delta] тик 2742000, tracked: 2, files seen: 1
[10:09:50] [delta] тик 2742300, tracked: 2, files seen: 1
[10:09:53] [delta] тик 2742600, tracked: 2, files seen: 1
[10:09:56] [delta] тик 2742900, tracked: 2, files seen: 1
[10:09:59] [delta] тик 2743200, tracked: 2, files seen: 1
[10:10:02] [delta] тик 2743500, tracked: 2, files seen: 1
[10:10:05] [delta] тик 2743800, tracked: 2, files seen: 1
[10:10:08] [delta] тик 2744100, tracked: 2, files seen: 1
[10:10:11] [delta] тик 2744400, tracked: 2, files seen: 1
[10:10:15] [delta] тик 2744700, tracked: 2, files seen: 1
[10:10:18] [delta] тик 2745000, tracked: 2, files seen: 1
[10:10:21] [delta] тик 2745300, tracked: 2, files seen: 1
[10:10:24] [delta] тик 2745600, tracked: 2, files seen: 1
[10:10:27] [delta] тик 2745900, tracked: 2, files seen: 1
[10:10:30] [delta] тик 2746200, tracked: 2, files seen: 1
[10:10:33] [delta] тик 2746500, tracked: 2, files seen: 1
[10:10:36] [delta] тик 2746800, tracked: 2, files seen: 1
[10:10:39] [delta] тик 2747100, tracked: 2, files seen: 1
[10:10:42] [delta] тик 2747400, tracked: 2, files seen: 1
[10:10:46] [delta] тик 2747700, tracked: 2, files seen: 1
[10:10:49] [delta] тик 2748000, tracked: 2, files seen: 1
[10:10:52] [delta] тик 2748300, tracked: 2, files seen: 1
[10:10:55] [delta] тик 2748600, tracked: 2, files seen: 1
[10:10:58] [delta] тик 2748900, tracked: 2, files seen: 1
[10:11:01] [delta] тик 2749200, tracked: 2, files seen: 1
[10:11:04] [delta] тик 2749500, tracked: 2, files seen: 1
[10:11:07] [delta] тик 2749800, tracked: 2, files seen: 1
[10:11:10] [delta] тик 2750100, tracked: 2, files seen: 1
[10:11:13] [delta] тик 2750400, tracked: 2, files seen: 1
[10:11:17] [delta] тик 2750700, tracked: 2, files seen: 1
[10:11:20] [delta] тик 2751000, tracked: 2, files seen: 1
[10:11:23] [delta] тик 2751300, tracked: 2, files seen: 1
[10:11:26] [delta] тик 2751600, tracked: 2, files seen: 1
[10:11:29] [delta] тик 2751900, tracked: 2, files seen: 1
[10:11:32] [delta] тик 2752200, tracked: 2, files seen: 1
[10:11:35] [delta] тик 2752500, tracked: 2, files seen: 1
[10:11:38] [delta] тик 2752800, tracked: 2, files seen: 1
[10:11:41] [delta] тик 2753100, tracked: 2, files seen: 1
[10:11:44] [delta] тик 2753400, tracked: 2, files seen: 1
[10:11:48] [delta] тик 2753700, tracked: 2, files seen: 1
[10:11:51] [delta] тик 2754000, tracked: 2, files seen: 1
[10:11:54] [delta] тик 2754300, tracked: 2, files seen: 1
[10:11:57] [delta] тик 2754600, tracked: 2, files seen: 1
[10:12:00] [delta] тик 2754900, tracked: 1, files seen: 1
[10:12:03] [delta] тик 2755200, tracked: 2, files seen: 1
[10:12:06] [delta] тик 2755500, tracked: 2, files seen: 1
[10:12:09] [delta] тик 2755800, tracked: 2, files seen: 1
[10:12:12] [delta] тик 2756100, tracked: 2, files seen: 1
[10:12:15] [delta] тик 2756400, tracked: 2, files seen: 1
[10:12:19] [delta] тик 2756700, tracked: 2, files seen: 1
[10:12:22] [delta] тик 2757000, tracked: 2, files seen: 1
[10:12:25] [delta] тик 2757300, tracked: 2, files seen: 1
[10:12:28] [delta] тик 2757600, tracked: 2, files seen: 1
[10:12:31] [delta] тик 2757900, tracked: 2, files seen: 1
[10:12:34] [delta] тик 2758200, tracked: 2, files seen: 1
[10:12:37] [delta] тик 2758500, tracked: 2, files seen: 1
[10:12:40] [delta] тик 2758800, tracked: 2, files seen: 1
[10:12:43] [delta] тик 2759100, tracked: 2, files seen: 1
[10:12:47] [delta] тик 2759400, tracked: 2, files seen: 1
[10:12:50] [delta] тик 2759700, tracked: 2, files seen: 1
[10:12:53] [delta] тик 2760000, tracked: 1, files seen: 1
[10:12:56] [delta] тик 2760300, tracked: 2, files seen: 1
[10:12:59] [delta] тик 2760600, tracked: 2, files seen: 1
[10:13:02] [delta] тик 2760900, tracked: 2, files seen: 1
[10:13:05] [delta] тик 2761200, tracked: 2, files seen: 1
[10:13:08] [delta] тик 2761500, tracked: 2, files seen: 1
[10:13:11] [delta] тик 2761800, tracked: 2, files seen: 1
[10:13:14] [delta] тик 2762100, tracked: 2, files seen: 1
[10:13:18] [delta] тик 2762400, tracked: 2, files seen: 1
[10:13:21] [delta] тик 2762700, tracked: 2, files seen: 1
[10:13:24] [delta] тик 2763000, tracked: 2, files seen: 1
[10:13:27] [delta] тик 2763300, tracked: 2, files seen: 1
[10:13:30] [delta] тик 2763600, tracked: 2, files seen: 1
[10:13:33] [delta] тик 2763900, tracked: 2, files seen: 1
[10:13:36] [delta] тик 2764200, tracked: 2, files seen: 1
[10:13:39] [delta] тик 2764500, tracked: 2, files seen: 1
[10:13:42] [delta] тик 2764800, tracked: 2, files seen: 1
[10:13:46] [delta] тик 2765100, tracked: 2, files seen: 1
[10:13:49] [delta] тик 2765400, tracked: 2, files seen: 1
[10:13:52] [delta] тик 2765700, tracked: 2, files seen: 1
[10:13:55] [delta] тик 2766000, tracked: 2, files seen: 1
[10:13:58] [delta] тик 2766300, tracked: 2, files seen: 1
[10:14:01] [delta] тик 2766600, tracked: 2, files seen: 1
[10:14:04] [delta] тик 2766900, tracked: 2, files seen: 1
[10:14:07] [delta] тик 2767200, tracked: 2, files seen: 1
[10:14:10] [delta] тик 2767500, tracked: 2, files seen: 1
[10:14:13] [delta] тик 2767800, tracked: 2, files seen: 1
[10:14:17] [delta] тик 2768100, tracked: 2, files seen: 1
[10:14:20] [delta] тик 2768400, tracked: 2, files seen: 1
[10:14:23] [delta] тик 2768700, tracked: 2, files seen: 1
[10:14:26] [delta] тик 2769000, tracked: 2, files seen: 1
[10:14:29] [delta] тик 2769300, tracked: 2, files seen: 1
[10:14:32] [delta] тик 2769600, tracked: 2, files seen: 1
[10:14:35] [delta] тик 2769900, tracked: 2, files seen: 1
[10:14:38] [delta] тик 2770200, tracked: 2, files seen: 1
[10:14:41] [delta] тик 2770500, tracked: 2, files seen: 1
[10:14:44] [delta] тик 2770800, tracked: 2, files seen: 1
[10:14:48] [delta] тик 2771100, tracked: 1, files seen: 1
[10:14:51] [delta] тик 2771400, tracked: 2, files seen: 1
[10:14:54] [delta] тик 2771700, tracked: 2, files seen: 1
[10:14:57] [delta] тик 2772000, tracked: 2, files seen: 1
[10:15:00] [delta] тик 2772300, tracked: 2, files seen: 1
[10:15:03] [delta] тик 2772600, tracked: 2, files seen: 1
[10:15:06] [delta] тик 2772900, tracked: 2, files seen: 1
[10:15:09] [delta] тик 2773200, tracked: 2, files seen: 1
[10:15:12] [delta] тик 2773500, tracked: 2, files seen: 1
[10:15:15] [delta] тик 2773800, tracked: 2, files seen: 1
[10:15:19] [delta] тик 2774100, tracked: 2, files seen: 1
[10:15:22] [delta] тик 2774400, tracked: 2, files seen: 1
[10:15:25] [delta] тик 2774700, tracked: 2, files seen: 1
[10:15:28] [delta] тик 2775000, tracked: 2, files seen: 1
[10:15:31] [delta] тик 2775300, tracked: 2, files seen: 1
[10:15:34] [delta] тик 2775600, tracked: 2, files seen: 1
[10:15:37] [delta] тик 2775900, tracked: 2, files seen: 1
[10:15:40] [delta] тик 2776200, tracked: 2, files seen: 1
[10:15:43] [delta] тик 2776500, tracked: 2, files seen: 1
[10:15:46] [delta] тик 2776800, tracked: 2, files seen: 1
[10:15:50] [delta] тик 2777100, tracked: 2, files seen: 1
[10:15:53] [delta] тик 2777400, tracked: 2, files seen: 1
[10:15:56] [delta] тик 2777700, tracked: 2, files seen: 1
[10:15:59] [delta] тик 2778000, tracked: 2, files seen: 1
[10:16:02] [delta] тик 2778300, tracked: 2, files seen: 1
[10:16:05] [delta] тик 2778600, tracked: 2, files seen: 1
[10:16:08] [delta] тик 2778900, tracked: 2, files seen: 1
[10:16:11] [delta] тик 2779200, tracked: 2, files seen: 1
[10:16:14] [delta] тик 2779500, tracked: 2, files seen: 1
[10:16:18] [delta] тик 2779800, tracked: 2, files seen: 1
[10:16:21] [delta] тик 2780100, tracked: 2, files seen: 1
[10:16:24] [delta] тик 2780400, tracked: 2, files seen: 1
[10:16:27] [delta] тик 2780700, tracked: 2, files seen: 1
[10:16:30] [delta] тик 2781000, tracked: 2, files seen: 1
[10:16:33] [delta] тик 2781300, tracked: 2, files seen: 1
[10:16:36] [delta] тик 2781600, tracked: 2, files seen: 1
[10:16:39] [delta] тик 2781900, tracked: 2, files seen: 1
[10:16:42] [delta] тик 2782200, tracked: 2, files seen: 1
[10:16:45] [delta] тик 2782500, tracked: 2, files seen: 1
[10:16:49] [delta] тик 2782800, tracked: 2, files seen: 1
[10:16:52] [delta] тик 2783100, tracked: 2, files seen: 1
[10:16:55] [delta] тик 2783400, tracked: 2, files seen: 1
[10:16:58] [delta] тик 2783700, tracked: 2, files seen: 1
[10:17:01] [delta] тик 2784000, tracked: 2, files seen: 1
[10:17:04] [delta] тик 2784300, tracked: 2, files seen: 1
[10:17:07] [delta] тик 2784600, tracked: 2, files seen: 1
[10:17:10] [delta] тик 2784900, tracked: 2, files seen: 1
[10:17:13] [delta] тик 2785200, tracked: 2, files seen: 1
[10:17:17] [delta] тик 2785500, tracked: 2, files seen: 1
[10:17:20] [delta] тик 2785800, tracked: 2, files seen: 1
[10:17:23] [delta] тик 2786100, tracked: 2, files seen: 1
[10:17:26] [delta] тик 2786400, tracked: 2, files seen: 1
[10:17:29] [delta] тик 2786700, tracked: 2, files seen: 1
[10:17:32] [delta] тик 2787000, tracked: 2, files seen: 1
[10:17:35] [delta] тик 2787300, tracked: 2, files seen: 1
[10:17:38] [delta] тик 2787600, tracked: 2, files seen: 1
[10:17:41] [delta] тик 2787900, tracked: 2, files seen: 1
[10:17:44] [delta] тик 2788200, tracked: 2, files seen: 1
[10:17:48] [delta] тик 2788500, tracked: 2, files seen: 1
[10:17:51] [delta] тик 2788800, tracked: 2, files seen: 1
[10:17:54] [delta] тик 2789100, tracked: 2, files seen: 1
[10:17:57] [delta] тик 2789400, tracked: 2, files seen: 1
[10:18:00] [delta] тик 2789700, tracked: 2, files seen: 1
[10:18:03] [delta] тик 2790000, tracked: 2, files seen: 1
[10:18:06] [delta] тик 2790300, tracked: 2, files seen: 1
[10:18:09] [delta] тик 2790600, tracked: 2, files seen: 1
[10:18:12] [delta] тик 2790900, tracked: 2, files seen: 1
[10:18:16] [delta] тик 2791200, tracked: 2, files seen: 1
[10:18:19] [delta] тик 2791500, tracked: 2, files seen: 1
[10:18:22] [delta] тик 2791800, tracked: 2, files seen: 1
[10:18:25] [delta] тик 2792100, tracked: 2, files seen: 1
[10:18:28] [delta] тик 2792400, tracked: 2, files seen: 1
[10:18:31] [delta] тик 2792700, tracked: 2, files seen: 1
[10:18:34] [delta] тик 2793000, tracked: 2, files seen: 1
[10:18:37] [delta] тик 2793300, tracked: 2, files seen: 1
[10:18:40] [delta] тик 2793600, tracked: 2, files seen: 1
[10:18:43] [delta] тик 2793900, tracked: 2, files seen: 1
[10:18:47] [delta] тик 2794200, tracked: 2, files seen: 1
[10:18:50] [delta] тик 2794500, tracked: 2, files seen: 1
[10:18:53] [delta] тик 2794800, tracked: 2, files seen: 1
[10:18:56] [delta] тик 2795100, tracked: 2, files seen: 1
[10:18:59] [delta] тик 2795400, tracked: 2, files seen: 1
[10:19:02] [delta] тик 2795700, tracked: 2, files seen: 1
[10:19:05] [delta] тик 2796000, tracked: 2, files seen: 1
[10:19:08] [delta] тик 2796300, tracked: 2, files seen: 1
[10:19:11] [delta] тик 2796600, tracked: 2, files seen: 1
[10:19:14] [delta] тик 2796900, tracked: 2, files seen: 1
[10:19:18] [delta] тик 2797200, tracked: 2, files seen: 1
[10:19:21] [delta] тик 2797500, tracked: 2, files seen: 1
[10:19:24] [delta] тик 2797800, tracked: 2, files seen: 1
[10:19:27] [delta] тик 2798100, tracked: 2, files seen: 1
[10:19:30] [delta] тик 2798400, tracked: 2, files seen: 1
[10:19:33] [delta] тик 2798700, tracked: 2, files seen: 1
[10:19:36] [delta] тик 2799000, tracked: 2, files seen: 1
[10:19:39] [delta] тик 2799300, tracked: 2, files seen: 1
[10:19:42] [delta] тик 2799600, tracked: 2, files seen: 1
[10:19:45] [delta] тик 2799900, tracked: 2, files seen: 1
[10:19:48] [delta] тик 2800200, tracked: 2, files seen: 1
[10:19:52] [delta] тик 2800500, tracked: 2, files seen: 1
[10:19:55] [delta] тик 2800800, tracked: 2, files seen: 1
[10:19:58] [delta] тик 2801100, tracked: 2, files seen: 1
[10:20:01] [delta] тик 2801400, tracked: 2, files seen: 1
[10:20:04] [delta] тик 2801700, tracked: 2, files seen: 1
[10:20:07] [delta] тик 2802000, tracked: 2, files seen: 1
[10:20:10] [delta] тик 2802300, tracked: 2, files seen: 1
[10:20:13] [delta] тик 2802600, tracked: 2, files seen: 1
[10:20:16] [delta] тик 2802900, tracked: 2, files seen: 1
[10:20:20] [delta] тик 2803200, tracked: 2, files seen: 1
[10:20:23] [delta] тик 2803500, tracked: 2, files seen: 1
[10:20:26] [delta] тик 2803800, tracked: 2, files seen: 1
[10:20:29] [delta] тик 2804100, tracked: 2, files seen: 1
[10:20:32] [delta] тик 2804400, tracked: 2, files seen: 1
[10:20:35] [delta] тик 2804700, tracked: 2, files seen: 1
[10:20:38] [delta] тик 2805000, tracked: 2, files seen: 1
[10:20:41] [delta] тик 2805300, tracked: 2, files seen: 1
[10:20:44] [delta] тик 2805600, tracked: 2, files seen: 1
[10:20:47] [delta] тик 2805900, tracked: 2, files seen: 1
[10:20:51] [delta] тик 2806200, tracked: 2, files seen: 1
[10:20:54] [delta] тик 2806500, tracked: 2, files seen: 1
[10:20:57] [delta] тик 2806800, tracked: 2, files seen: 1
[10:21:00] [delta] тик 2807100, tracked: 2, files seen: 1
[10:21:03] [delta] тик 2807400, tracked: 2, files seen: 1
[10:21:06] [delta] тик 2807700, tracked: 2, files seen: 1
[10:21:09] [delta] тик 2808000, tracked: 2, files seen: 1
[10:21:12] [delta] тик 2808300, tracked: 2, files seen: 1
[10:21:15] [delta] тик 2808600, tracked: 2, files seen: 1
[10:21:18] [delta] тик 2808900, tracked: 2, files seen: 1
[10:21:22] [delta] тик 2809200, tracked: 2, files seen: 1
[10:21:25] [delta] тик 2809500, tracked: 2, files seen: 1
[10:21:28] [delta] тик 2809800, tracked: 2, files seen: 1
[10:21:31] [delta] тик 2810100, tracked: 2, files seen: 1
[10:21:34] [delta] тик 2810400, tracked: 2, files seen: 1
[10:21:37] [delta] тик 2810700, tracked: 2, files seen: 1
[10:21:40] [delta] тик 2811000, tracked: 2, files seen: 1
[10:21:43] [delta] тик 2811300, tracked: 2, files seen: 1
[10:21:46] [delta] тик 2811600, tracked: 2, files seen: 1
[10:21:50] [delta] тик 2811900, tracked: 2, files seen: 1
[10:21:53] [delta] тик 2812200, tracked: 2, files seen: 1
[10:21:56] [delta] тик 2812500, tracked: 2, files seen: 1
[10:21:59] [delta] тик 2812800, tracked: 2, files seen: 1
[10:22:02] [delta] тик 2813100, tracked: 2, files seen: 1
[10:22:05] [delta] тик 2813400, tracked: 2, files seen: 1
[10:22:08] [delta] тик 2813700, tracked: 2, files seen: 1
[10:22:11] [delta] тик 2814000, tracked: 2, files seen: 1
[10:22:14] [delta] тик 2814300, tracked: 2, files seen: 1
[10:22:17] [delta] тик 2814600, tracked: 2, files seen: 1
[10:22:21] [delta] тик 2814900, tracked: 2, files seen: 1
[10:22:24] [delta] тик 2815200, tracked: 2, files seen: 1
[10:22:27] [delta] тик 2815500, tracked: 2, files seen: 1
[10:22:30] [delta] тик 2815800, tracked: 2, files seen: 1
[10:22:33] [delta] тик 2816100, tracked: 2, files seen: 1
[10:22:36] [delta] тик 2816400, tracked: 2, files seen: 1
[10:22:39] [delta] тик 2816700, tracked: 2, files seen: 1
[10:22:42] [delta] тик 2817000, tracked: 2, files seen: 1
[10:22:45] [delta] тик 2817300, tracked: 2, files seen: 1
[10:22:48] [delta] тик 2817600, tracked: 2, files seen: 1
[10:22:52] [delta] тик 2817900, tracked: 2, files seen: 1
[10:22:55] [delta] тик 2818200, tracked: 2, files seen: 1
[10:22:58] [delta] тик 2818500, tracked: 2, files seen: 1
[10:23:01] [delta] тик 2818800, tracked: 2, files seen: 1
[10:23:04] [delta] тик 2819100, tracked: 2, files seen: 1
[10:23:07] [delta] тик 2819400, tracked: 2, files seen: 1
[10:23:10] [delta] тик 2819700, tracked: 2, files seen: 1
[10:23:13] [delta] тик 2820000, tracked: 2, files seen: 1
[10:23:16] [delta] тик 2820300, tracked: 2, files seen: 1
[10:23:20] [delta] тик 2820600, tracked: 2, files seen: 1
[10:23:23] [delta] тик 2820900, tracked: 2, files seen: 1
[10:23:26] [delta] тик 2821200, tracked: 2, files seen: 1
[10:23:29] [delta] тик 2821500, tracked: 2, files seen: 1
[10:23:32] [delta] тик 2821800, tracked: 2, files seen: 1
[10:23:35] [delta] тик 2822100, tracked: 2, files seen: 1
[10:23:39] [delta] тик 2822400, tracked: 2, files seen: 1
[10:23:42] [delta] тик 2822700, tracked: 2, files seen: 1
[10:23:45] [delta] тик 2823000, tracked: 2, files seen: 1
[10:23:48] [delta] тик 2823300, tracked: 2, files seen: 1
[10:23:51] [delta] тик 2823600, tracked: 2, files seen: 1
[10:23:54] [delta] тик 2823900, tracked: 2, files seen: 1
[10:23:57] [delta] тик 2824200, tracked: 2, files seen: 1
[10:24:00] [delta] тик 2824500, tracked: 2, files seen: 1
[10:24:03] [delta] тик 2824800, tracked: 2, files seen: 1
[10:24:06] [delta] тик 2825100, tracked: 2, files seen: 1
[10:24:10] [delta] тик 2825400, tracked: 2, files seen: 1
[10:24:13] [delta] тик 2825700, tracked: 2, files seen: 1
[10:24:16] [delta] тик 2826000, tracked: 2, files seen: 1
[10:24:19] [delta] тик 2826300, tracked: 2, files seen: 1
[10:24:22] [delta] тик 2826600, tracked: 2, files seen: 1
[10:24:25] [delta] тик 2826900, tracked: 2, files seen: 1
[10:24:28] [delta] тик 2827200, tracked: 2, files seen: 1
[10:24:31] [delta] тик 2827500, tracked: 2, files seen: 1
[10:24:34] [delta] тик 2827800, tracked: 2, files seen: 1
[10:24:38] [delta] тик 2828100, tracked: 2, files seen: 1
[10:24:41] [delta] тик 2828400, tracked: 2, files seen: 1
[10:24:44] [delta] тик 2828700, tracked: 2, files seen: 1
[10:24:47] [delta] тик 2829000, tracked: 2, files seen: 1
[10:24:50] [delta] тик 2829300, tracked: 2, files seen: 1
[10:24:53] [delta] тик 2829600, tracked: 2, files seen: 1
[10:24:56] [delta] тик 2829900, tracked: 2, files seen: 1
[10:24:59] [delta] тик 2830200, tracked: 2, files seen: 1
[10:25:02] [delta] тик 2830500, tracked: 2, files seen: 1
[10:25:05] [delta] тик 2830800, tracked: 2, files seen: 1
[10:25:09] [delta] тик 2831100, tracked: 2, files seen: 1
[10:25:12] [delta] тик 2831400, tracked: 1, files seen: 1
[10:25:15] [delta] тик 2831700, tracked: 2, files seen: 1
[10:25:18] [delta] тик 2832000, tracked: 2, files seen: 1
[10:25:21] [delta] тик 2832300, tracked: 2, files seen: 1
[10:25:24] [delta] тик 2832600, tracked: 2, files seen: 1
[10:25:27] [delta] тик 2832900, tracked: 2, files seen: 1
[10:25:30] [delta] тик 2833200, tracked: 2, files seen: 1
[10:25:33] [delta] тик 2833500, tracked: 2, files seen: 1
[10:25:36] [delta] тик 2833800, tracked: 2, files seen: 1
[10:25:40] [delta] тик 2834100, tracked: 2, files seen: 1
[10:25:43] [delta] тик 2834400, tracked: 2, files seen: 1
[10:25:46] [delta] тик 2834700, tracked: 2, files seen: 1
[10:25:49] [delta] тик 2835000, tracked: 2, files seen: 1
[10:25:52] [delta] тик 2835300, tracked: 2, files seen: 1
[10:25:55] [delta] тик 2835600, tracked: 2, files seen: 1
[10:25:58] [delta] тик 2835900, tracked: 2, files seen: 1
[10:26:01] [delta] тик 2836200, tracked: 2, files seen: 1
[10:26:04] [delta] тик 2836500, tracked: 2, files seen: 1
[10:26:07] [delta] тик 2836800, tracked: 2, files seen: 1
[10:26:10] [delta] тик 2837100, tracked: 2, files seen: 1
[10:26:14] [delta] тик 2837400, tracked: 2, files seen: 1
[10:26:17] [delta] тик 2837700, tracked: 2, files seen: 1
[10:26:20] [delta] тик 2838000, tracked: 2, files seen: 1
[10:26:23] [delta] тик 2838300, tracked: 2, files seen: 1
[10:26:26] [delta] тик 2838600, tracked: 2, files seen: 1
[10:26:29] [delta] тик 2838900, tracked: 2, files seen: 1
[10:26:32] [delta] тик 2839200, tracked: 2, files seen: 1
[10:26:35] [delta] тик 2839500, tracked: 2, files seen: 1
[10:26:38] [delta] тик 2839800, tracked: 2, files seen: 1
[10:26:41] [delta] тик 2840100, tracked: 2, files seen: 1
[10:26:45] [delta] тик 2840400, tracked: 2, files seen: 1
[10:26:48] [delta] тик 2840700, tracked: 2, files seen: 1
[10:26:51] [delta] тик 2841000, tracked: 2, files seen: 1
[10:26:54] [delta] тик 2841300, tracked: 2, files seen: 1
[10:26:57] [delta] тик 2841600, tracked: 2, files seen: 1
[10:27:00] [delta] тик 2841900, tracked: 2, files seen: 1
[10:27:03] [delta] тик 2842200, tracked: 1, files seen: 1
[10:27:06] [delta] тик 2842500, tracked: 2, files seen: 1
[10:27:09] [delta] тик 2842800, tracked: 2, files seen: 1
[10:27:12] [delta] тик 2843100, tracked: 2, files seen: 1
[10:27:16] [delta] тик 2843400, tracked: 2, files seen: 1
[10:27:19] [delta] тик 2843700, tracked: 2, files seen: 1
[10:27:22] [delta] тик 2844000, tracked: 2, files seen: 1
[10:27:25] [delta] тик 2844300, tracked: 2, files seen: 1
[10:27:28] [delta] тик 2844600, tracked: 2, files seen: 1
[10:27:31] [delta] тик 2844900, tracked: 2, files seen: 1
[10:27:34] [delta] тик 2845200, tracked: 2, files seen: 1
[10:27:37] [delta] тик 2845500, tracked: 2, files seen: 1
[10:27:40] [delta] тик 2845800, tracked: 2, files seen: 1
[10:27:43] [delta] тик 2846100, tracked: 2, files seen: 1
[10:27:47] [delta] тик 2846400, tracked: 2, files seen: 1
[10:27:50] [delta] тик 2846700, tracked: 2, files seen: 1
[10:27:53] [delta] тик 2847000, tracked: 2, files seen: 1
[10:27:56] [delta] тик 2847300, tracked: 2, files seen: 1
[10:27:59] [delta] тик 2847600, tracked: 2, files seen: 1
[10:28:02] [delta] тик 2847900, tracked: 2, files seen: 1
[10:28:05] [delta] тик 2848200, tracked: 2, files seen: 1
[10:28:08] [delta] тик 2848500, tracked: 2, files seen: 1
[10:28:11] [delta] тик 2848800, tracked: 2, files seen: 1
[10:28:14] [delta] тик 2849100, tracked: 2, files seen: 1
[10:28:18] [delta] тик 2849400, tracked: 2, files seen: 1
[10:28:21] [delta] тик 2849700, tracked: 2, files seen: 1
[10:28:24] [delta] тик 2850000, tracked: 2, files seen: 1
[10:28:27] [delta] тик 2850300, tracked: 2, files seen: 1
[10:28:30] [delta] тик 2850600, tracked: 2, files seen: 1
[10:28:33] [delta] тик 2850900, tracked: 2, files seen: 1
[10:28:36] [delta] тик 2851200, tracked: 2, files seen: 1
[10:28:39] [delta] тик 2851500, tracked: 2, files seen: 1
[10:28:42] [delta] тик 2851800, tracked: 2, files seen: 1
[10:28:45] [delta] тик 2852100, tracked: 2, files seen: 1
[10:28:49] [delta] тик 2852400, tracked: 2, files seen: 1
[10:28:52] [delta] тик 2852700, tracked: 2, files seen: 1
[10:28:55] [delta] тик 2853000, tracked: 2, files seen: 1
[10:28:58] [delta] тик 2853300, tracked: 2, files seen: 1
[10:29:01] [delta] тик 2853600, tracked: 2, files seen: 1
[10:29:04] [delta] тик 2853900, tracked: 2, files seen: 1
[10:29:07] [delta] тик 2854200, tracked: 2, files seen: 1
[10:29:10] [delta] тик 2854500, tracked: 2, files seen: 1
[10:29:13] [delta] тик 2854800, tracked: 2, files seen: 1
[10:29:16] [delta] тик 2855100, tracked: 2, files seen: 1
[10:29:20] [delta] тик 2855400, tracked: 2, files seen: 1
[10:29:23] [delta] тик 2855700, tracked: 2, files seen: 1
[10:29:26] [delta] тик 2856000, tracked: 2, files seen: 1
[10:29:29] [delta] тик 2856300, tracked: 2, files seen: 1
[10:29:32] [delta] тик 2856600, tracked: 2, files seen: 1
[10:29:35] [delta] тик 2856900, tracked: 2, files seen: 1
[10:29:38] [delta] тик 2857200, tracked: 2, files seen: 1
[10:29:41] [delta] тик 2857500, tracked: 2, files seen: 1
[10:29:44] [delta] тик 2857800, tracked: 2, files seen: 1
[10:29:47] [delta] тик 2858100, tracked: 2, files seen: 1
[10:29:51] [delta] тик 2858400, tracked: 2, files seen: 1
[10:29:54] [delta] тик 2858700, tracked: 2, files seen: 1
[10:29:57] [delta] тик 2859000, tracked: 2, files seen: 1
[10:30:00] [delta] тик 2859300, tracked: 2, files seen: 1
[10:30:03] [delta] тик 2859600, tracked: 2, files seen: 1
[10:30:06] [delta] тик 2859900, tracked: 2, files seen: 1
[10:30:09] [delta] тик 2860200, tracked: 2, files seen: 1
[10:30:12] [delta] тик 2860500, tracked: 2, files seen: 1
[10:30:15] [delta] тик 2860800, tracked: 2, files seen: 1
[10:30:18] [delta] тик 2861100, tracked: 2, files seen: 1
[10:30:22] [delta] тик 2861400, tracked: 2, files seen: 1
[10:30:25] [delta] тик 2861700, tracked: 2, files seen: 1
[10:30:28] [delta] тик 2862000, tracked: 2, files seen: 1
[10:30:31] [delta] тик 2862300, tracked: 2, files seen: 1
[10:30:34] [delta] тик 2862600, tracked: 2, files seen: 1
[10:30:37] [delta] тик 2862900, tracked: 2, files seen: 1
[10:30:40] [delta] тик 2863200, tracked: 2, files seen: 1
[10:30:43] [delta] тик 2863500, tracked: 2, files seen: 1
[10:30:46] [delta] тик 2863800, tracked: 2, files seen: 1
[10:30:49] [delta] тик 2864100, tracked: 2, files seen: 1
[10:30:53] [delta] тик 2864400, tracked: 2, files seen: 1
[10:30:56] [delta] тик 2864700, tracked: 2, files seen: 1
[10:30:59] [delta] тик 2865000, tracked: 2, files seen: 1
[10:31:02] [delta] тик 2865300, tracked: 2, files seen: 1
[10:31:05] [delta] тик 2865600, tracked: 2, files seen: 1
[10:31:08] [delta] тик 2865900, tracked: 2, files seen: 1
[10:31:11] [delta] тик 2866200, tracked: 2, files seen: 1
[10:31:14] [delta] тик 2866500, tracked: 2, files seen: 1
[10:31:17] [delta] тик 2866800, tracked: 2, files seen: 1
[10:31:20] [delta] тик 2867100, tracked: 2, files seen: 1
[10:31:24] [delta] тик 2867400, tracked: 2, files seen: 1
[10:31:27] [delta] тик 2867700, tracked: 2, files seen: 1
[10:31:30] [delta] тик 2868000, tracked: 2, files seen: 1
[10:31:33] [delta] тик 2868300, tracked: 2, files seen: 1
[10:31:36] [delta] тик 2868600, tracked: 2, files seen: 1
[10:31:39] [delta] тик 2868900, tracked: 2, files seen: 1
[10:31:42] [delta] тик 2869200, tracked: 2, files seen: 1
[10:31:45] [delta] тик 2869500, tracked: 2, files seen: 1
[10:31:48] [delta] тик 2869800, tracked: 2, files seen: 1
[10:31:51] [delta] тик 2870100, tracked: 2, files seen: 1
[10:31:54] [delta] тик 2870400, tracked: 2, files seen: 1
[10:31:58] [delta] тик 2870700, tracked: 2, files seen: 1
[10:32:01] [delta] тик 2871000, tracked: 2, files seen: 1
[10:32:04] [delta] тик 2871300, tracked: 2, files seen: 1
[10:32:07] [delta] тик 2871600, tracked: 2, files seen: 1
[10:32:10] [delta] тик 2871900, tracked: 2, files seen: 1
[10:32:13] [delta] тик 2872200, tracked: 2, files seen: 1
[10:32:16] [delta] тик 2872500, tracked: 2, files seen: 1
[10:32:19] [delta] тик 2872800, tracked: 2, files seen: 1
[10:32:22] [delta] тик 2873100, tracked: 2, files seen: 1
[10:32:25] [delta] тик 2873400, tracked: 2, files seen: 1
[10:32:29] [delta] тик 2873700, tracked: 2, files seen: 1
[10:32:32] [delta] тик 2874000, tracked: 2, files seen: 1
[10:32:35] [delta] тик 2874300, tracked: 2, files seen: 1
[10:32:38] [delta] тик 2874600, tracked: 2, files seen: 1
[10:32:41] [delta] тик 2874900, tracked: 2, files seen: 1
[10:32:44] [delta] тик 2875200, tracked: 2, files seen: 1
[10:32:47] [delta] тик 2875500, tracked: 2, files seen: 1
[10:32:50] [delta] тик 2875800, tracked: 2, files seen: 1
[10:32:53] [delta] тик 2876100, tracked: 2, files seen: 1
[10:32:57] [delta] тик 2876400, tracked: 2, files seen: 1
[10:33:00] [delta] тик 2876700, tracked: 2, files seen: 1
[10:33:03] [delta] тик 2877000, tracked: 2, files seen: 1
[10:33:06] [delta] тик 2877300, tracked: 2, files seen: 1
[10:33:09] [delta] тик 2877600, tracked: 2, files seen: 1
[10:33:12] [delta] тик 2877900, tracked: 2, files seen: 1
[10:33:15] [delta] тик 2878200, tracked: 2, files seen: 1
[10:33:18] [delta] тик 2878500, tracked: 2, files seen: 1
[10:33:21] [delta] тик 2878800, tracked: 2, files seen: 1
[10:33:24] [delta] тик 2879100, tracked: 2, files seen: 1
[10:33:27] [delta] тик 2879400, tracked: 2, files seen: 1
[10:33:31] [delta] тик 2879700, tracked: 2, files seen: 1
[10:33:34] [delta] тик 2880000, tracked: 2, files seen: 1
[10:33:37] [delta] тик 2880300, tracked: 2, files seen: 1
[10:33:40] [delta] тик 2880600, tracked: 2, files seen: 1
[10:33:43] [delta] тик 2880900, tracked: 2, files seen: 1
[10:33:46] [delta] тик 2881200, tracked: 2, files seen: 1
[10:33:49] [delta] тик 2881500, tracked: 2, files seen: 1
[10:33:52] [delta] тик 2881800, tracked: 2, files seen: 1
[10:33:55] [delta] тик 2882100, tracked: 2, files seen: 1
[10:33:58] [delta] тик 2882400, tracked: 2, files seen: 1
[10:34:02] [delta] тик 2882700, tracked: 2, files seen: 1
[10:34:05] [delta] тик 2883000, tracked: 2, files seen: 1
[10:34:08] [delta] тик 2883300, tracked: 2, files seen: 1
[10:34:11] [delta] тик 2883600, tracked: 2, files seen: 1
[10:34:14] [delta] тик 2883900, tracked: 2, files seen: 1
[10:34:17] [delta] тик 2884200, tracked: 2, files seen: 1
[10:34:20] [delta] тик 2884500, tracked: 2, files seen: 1
[10:34:23] [delta] тик 2884800, tracked: 2, files seen: 1
[10:34:26] [delta] тик 2885100, tracked: 2, files seen: 1
[10:34:30] [delta] тик 2885400, tracked: 2, files seen: 1
[10:34:33] [delta] тик 2885700, tracked: 2, files seen: 1
[10:34:36] [delta] тик 2886000, tracked: 2, files seen: 1
[10:34:39] [delta] тик 2886300, tracked: 2, files seen: 1
[10:34:42] [delta] тик 2886600, tracked: 2, files seen: 1
[10:34:45] [delta] тик 2886900, tracked: 2, files seen: 1
[10:34:48] [delta] тик 2887200, tracked: 2, files seen: 1
[10:34:51] [delta] тик 2887500, tracked: 2, files seen: 1
[10:34:54] [delta] тик 2887800, tracked: 2, files seen: 1
[10:34:57] [delta] тик 2888100, tracked: 2, files seen: 1
[10:35:00] [delta] тик 2888400, tracked: 2, files seen: 1
[10:35:04] [delta] тик 2888700, tracked: 2, files seen: 1
[10:35:07] [delta] тик 2889000, tracked: 2, files seen: 1
[10:35:10] [delta] тик 2889300, tracked: 2, files seen: 1
[10:35:13] [delta] тик 2889600, tracked: 2, files seen: 1
[10:35:16] [delta] тик 2889900, tracked: 2, files seen: 1
[10:35:19] [delta] тик 2890200, tracked: 2, files seen: 1
[10:35:22] [delta] тик 2890500, tracked: 2, files seen: 1
[10:35:25] [delta] тик 2890800, tracked: 2, files seen: 1
[10:35:28] [delta] тик 2891100, tracked: 2, files seen: 1
[10:35:31] [delta] тик 2891400, tracked: 2, files seen: 1
[10:35:35] [delta] тик 2891700, tracked: 2, files seen: 1
[10:35:38] [delta] тик 2892000, tracked: 2, files seen: 1
[10:35:41] [delta] тик 2892300, tracked: 2, files seen: 1
[10:35:44] [delta] тик 2892600, tracked: 2, files seen: 1
[10:35:47] [delta] тик 2892900, tracked: 2, files seen: 1
[10:35:50] [delta] тик 2893200, tracked: 2, files seen: 1
[10:35:53] [delta] тик 2893500, tracked: 1, files seen: 1
[10:35:56] [delta] тик 2893800, tracked: 2, files seen: 1
[10:35:59] [delta] тик 2894100, tracked: 2, files seen: 1
[10:36:02] [delta] тик 2894400, tracked: 2, files seen: 1
[10:36:06] [delta] тик 2894700, tracked: 2, files seen: 1
[10:36:09] [delta] тик 2895000, tracked: 2, files seen: 1
[10:36:12] [delta] тик 2895300, tracked: 2, files seen: 1
[10:36:15] [delta] тик 2895600, tracked: 2, files seen: 1
[10:36:18] [delta] тик 2895900, tracked: 2, files seen: 1
[10:36:21] [delta] тик 2896200, tracked: 2, files seen: 1
[10:36:24] [delta] тик 2896500, tracked: 2, files seen: 1
[10:36:27] [delta] тик 2896800, tracked: 2, files seen: 1
[10:36:30] [delta] тик 2897100, tracked: 2, files seen: 1
[10:36:33] [delta] тик 2897400, tracked: 2, files seen: 1
[10:36:37] [delta] тик 2897700, tracked: 2, files seen: 1
[10:36:40] [delta] тик 2898000, tracked: 2, files seen: 1
[10:36:43] [delta] тик 2898300, tracked: 2, files seen: 1
[10:36:46] [delta] тик 2898600, tracked: 2, files seen: 1
[10:36:49] [delta] тик 2898900, tracked: 2, files seen: 1
[10:36:52] [delta] тик 2899200, tracked: 2, files seen: 1
[10:36:55] [delta] тик 2899500, tracked: 2, files seen: 1
[10:36:58] [delta] тик 2899800, tracked: 2, files seen: 1
[10:37:01] [delta] тик 2900100, tracked: 2, files seen: 1
[10:37:05] [delta] тик 2900400, tracked: 2, files seen: 1
[10:37:08] [delta] тик 2900700, tracked: 2, files seen: 1
[10:37:11] [delta] тик 2901000, tracked: 2, files seen: 1
[10:37:14] [delta] тик 2901300, tracked: 2, files seen: 1
[10:37:17] [delta] тик 2901600, tracked: 2, files seen: 1
[10:37:20] [delta] тик 2901900, tracked: 2, files seen: 1
[10:37:23] [delta] тик 2902200, tracked: 2, files seen: 1
[10:37:26] [delta] тик 2902500, tracked: 2, files seen: 1
[10:37:29] [delta] тик 2902800, tracked: 2, files seen: 1
[10:37:32] [delta] тик 2903100, tracked: 2, files seen: 1
[10:37:36] [delta] тик 2903400, tracked: 2, files seen: 1
[10:37:39] [delta] тик 2903700, tracked: 2, files seen: 1
[10:37:42] [delta] тик 2904000, tracked: 2, files seen: 1
[10:37:45] [delta] тик 2904300, tracked: 1, files seen: 1
[10:37:48] [delta] тик 2904600, tracked: 2, files seen: 1
[10:37:51] [delta] тик 2904900, tracked: 2, files seen: 1
[10:37:54] [delta] тик 2905200, tracked: 2, files seen: 1
[10:37:57] [delta] тик 2905500, tracked: 2, files seen: 1
[10:38:00] [delta] тик 2905800, tracked: 2, files seen: 1
[10:38:03] [delta] тик 2906100, tracked: 2, files seen: 1
[10:38:07] [delta] тик 2906400, tracked: 2, files seen: 1
[10:38:10] [delta] тик 2906700, tracked: 2, files seen: 1
[10:38:13] [delta] тик 2907000, tracked: 2, files seen: 1
[10:38:16] [delta] тик 2907300, tracked: 2, files seen: 1
[10:38:19] [delta] тик 2907600, tracked: 2, files seen: 1
[10:38:22] [delta] тик 2907900, tracked: 2, files seen: 1
[10:38:25] [delta] тик 2908200, tracked: 2, files seen: 1
[10:38:28] [delta] тик 2908500, tracked: 2, files seen: 1
[10:38:31] [delta] тик 2908800, tracked: 2, files seen: 1
[10:38:34] [delta] тик 2909100, tracked: 2, files seen: 1
[10:38:38] [delta] тик 2909400, tracked: 2, files seen: 1
[10:38:41] [delta] тик 2909700, tracked: 2, files seen: 1
[10:38:44] [delta] тик 2910000, tracked: 2, files seen: 1
[10:38:47] [delta] тик 2910300, tracked: 2, files seen: 1
[10:38:50] [delta] тик 2910600, tracked: 2, files seen: 1
[10:38:53] [delta] тик 2910900, tracked: 2, files seen: 1
[10:38:56] [delta] тик 2911200, tracked: 2, files seen: 1
[10:38:59] [delta] тик 2911500, tracked: 2, files seen: 1
[10:39:02] [delta] тик 2911800, tracked: 2, files seen: 1
[10:39:05] [delta] тик 2912100, tracked: 2, files seen: 1
[10:39:08] [delta] тик 2912400, tracked: 2, files seen: 1
[10:39:12] [delta] тик 2912700, tracked: 2, files seen: 1
[10:39:15] [delta] тик 2913000, tracked: 2, files seen: 1
[10:39:18] [delta] тик 2913300, tracked: 2, files seen: 1
[10:39:21] [delta] тик 2913600, tracked: 2, files seen: 1
[10:39:24] [delta] тик 2913900, tracked: 2, files seen: 1
[10:39:27] [delta] тик 2914200, tracked: 2, files seen: 1
[10:39:30] [delta] тик 2914500, tracked: 2, files seen: 1
[10:39:33] [delta] тик 2914800, tracked: 2, files seen: 1
[10:39:36] [delta] тик 2915100, tracked: 2, files seen: 1
[10:39:39] [delta] тик 2915400, tracked: 2, files seen: 1
[10:39:43] [delta] тик 2915700, tracked: 2, files seen: 1
[10:39:46] [delta] тик 2916000, tracked: 2, files seen: 1
[10:39:49] [delta] тик 2916300, tracked: 2, files seen: 1
[10:39:52] [delta] тик 2916600, tracked: 2, files seen: 1
[10:39:55] [delta] тик 2916900, tracked: 2, files seen: 1
[10:39:58] [delta] тик 2917200, tracked: 2, files seen: 1
[10:40:01] [delta] тик 2917500, tracked: 2, files seen: 1
[10:40:04] [delta] тик 2917800, tracked: 2, files seen: 1
[10:40:07] [delta] тик 2918100, tracked: 2, files seen: 1
[10:40:10] [delta] тик 2918400, tracked: 2, files seen: 1
[10:40:14] [delta] тик 2918700, tracked: 2, files seen: 1
[10:40:17] [delta] тик 2919000, tracked: 2, files seen: 1
[10:40:20] [delta] тик 2919300, tracked: 2, files seen: 1
[10:40:23] [delta] тик 2919600, tracked: 2, files seen: 1
[10:40:26] [delta] тик 2919900, tracked: 2, files seen: 1
[10:40:29] [delta] тик 2920200, tracked: 2, files seen: 1
[10:40:32] [delta] тик 2920500, tracked: 2, files seen: 1
[10:40:35] [delta] тик 2920800, tracked: 2, files seen: 1
[10:40:38] [delta] тик 2921100, tracked: 2, files seen: 1
[10:40:41] [delta] тик 2921400, tracked: 2, files seen: 1
[10:40:45] [delta] тик 2921700, tracked: 2, files seen: 1
[10:40:48] [delta] тик 2922000, tracked: 2, files seen: 1
[10:40:51] [delta] тик 2922300, tracked: 2, files seen: 1
[10:40:54] [delta] тик 2922600, tracked: 2, files seen: 1
[10:40:57] [delta] тик 2922900, tracked: 2, files seen: 1
[10:41:00] [delta] тик 2923200, tracked: 2, files seen: 1
[10:41:03] [delta] тик 2923500, tracked: 2, files seen: 1
[10:41:06] [delta] тик 2923800, tracked: 2, files seen: 1
[10:41:09] [delta] тик 2924100, tracked: 2, files seen: 1
[10:41:12] [delta] тик 2924400, tracked: 2, files seen: 1
[10:41:16] [delta] тик 2924700, tracked: 2, files seen: 1
[10:41:19] [delta] тик 2925000, tracked: 2, files seen: 1
[10:41:22] [delta] тик 2925300, tracked: 2, files seen: 1
[10:41:25] [delta] тик 2925600, tracked: 2, files seen: 1
[10:41:28] [delta] тик 2925900, tracked: 2, files seen: 1
[10:41:31] [delta] тик 2926200, tracked: 2, files seen: 1
[10:41:34] [delta] тик 2926500, tracked: 2, files seen: 1
[10:41:37] [delta] тик 2926800, tracked: 2, files seen: 1
[10:41:40] [delta] тик 2927100, tracked: 2, files seen: 1
[10:41:43] [delta] тик 2927400, tracked: 2, files seen: 1
[10:41:47] [delta] тик 2927700, tracked: 2, files seen: 1
[10:41:50] [delta] тик 2928000, tracked: 2, files seen: 1
[10:41:53] [delta] тик 2928300, tracked: 2, files seen: 1
[10:41:56] [delta] тик 2928600, tracked: 2, files seen: 1
[10:41:59] [delta] тик 2928900, tracked: 2, files seen: 1
[10:42:02] [delta] тик 2929200, tracked: 2, files seen: 1
[10:42:05] [delta] тик 2929500, tracked: 2, files seen: 1
[10:42:08] [delta] тик 2929800, tracked: 2, files seen: 1
[10:42:11] [delta] тик 2930100, tracked: 2, files seen: 1
[10:42:15] [delta] тик 2930400, tracked: 2, files seen: 1
[10:42:18] [delta] тик 2930700, tracked: 2, files seen: 1
[10:42:21] [delta] тик 2931000, tracked: 2, files seen: 1
[10:42:24] [delta] тик 2931300, tracked: 2, files seen: 1
[10:42:27] [delta] тик 2931600, tracked: 2, files seen: 1
[10:42:30] [delta] тик 2931900, tracked: 2, files seen: 1
[10:42:33] [delta] тик 2932200, tracked: 2, files seen: 1
[10:42:36] [delta] тик 2932500, tracked: 2, files seen: 1
[10:42:39] [delta] тик 2932800, tracked: 2, files seen: 1
[10:42:42] [delta] тик 2933100, tracked: 2, files seen: 1
[10:42:46] [delta] тик 2933400, tracked: 2, files seen: 1
[10:42:49] [delta] тик 2933700, tracked: 2, files seen: 1
[10:42:52] [delta] тик 2934000, tracked: 2, files seen: 1
[10:42:55] [delta] тик 2934300, tracked: 2, files seen: 1
[10:42:58] [delta] тик 2934600, tracked: 2, files seen: 1
[10:43:01] [delta] тик 2934900, tracked: 2, files seen: 1
[10:43:04] [delta] тик 2935200, tracked: 2, files seen: 1
[10:43:07] [delta] тик 2935500, tracked: 2, files seen: 1
[10:43:10] [delta] тик 2935800, tracked: 2, files seen: 1
[10:43:13] [delta] тик 2936100, tracked: 2, files seen: 1
[10:43:17] [delta] тик 2936400, tracked: 2, files seen: 1
[10:43:20] [delta] тик 2936700, tracked: 2, files seen: 1
[10:43:23] [delta] тик 2937000, tracked: 2, files seen: 1
[10:43:26] [delta] тик 2937300, tracked: 2, files seen: 1
[10:43:29] [delta] тик 2937600, tracked: 2, files seen: 1
[10:43:32] [delta] тик 2937900, tracked: 2, files seen: 1
[10:43:35] [delta] тик 2938200, tracked: 2, files seen: 1
[10:43:38] [delta] тик 2938500, tracked: 2, files seen: 1
[10:43:41] [delta] тик 2938800, tracked: 2, files seen: 1
[10:43:44] [delta] тик 2939100, tracked: 2, files seen: 1
[10:43:48] [delta] тик 2939400, tracked: 2, files seen: 1
[10:43:51] [delta] тик 2939700, tracked: 2, files seen: 1
[10:43:54] [delta] тик 2940000, tracked: 2, files seen: 1
[10:43:57] [delta] тик 2940300, tracked: 2, files seen: 1
[10:44:00] [delta] тик 2940600, tracked: 2, files seen: 1
[10:44:03] [delta] тик 2940900, tracked: 2, files seen: 1
[10:44:06] [delta] тик 2941200, tracked: 2, files seen: 1
[10:44:09] [delta] тик 2941500, tracked: 2, files seen: 1
[10:44:12] [delta] тик 2941800, tracked: 2, files seen: 1
[10:44:15] [delta] тик 2942100, tracked: 2, files seen: 1
[10:44:18] [delta] тик 2942400, tracked: 2, files seen: 1
[10:44:22] [delta] тик 2942700, tracked: 2, files seen: 1
[10:44:25] [delta] тик 2943000, tracked: 2, files seen: 1
[10:44:28] [delta] тик 2943300, tracked: 2, files seen: 1
[10:44:31] [delta] тик 2943600, tracked: 2, files seen: 1
[10:44:34] [delta] тик 2943900, tracked: 2, files seen: 1
[10:44:37] [delta] тик 2944200, tracked: 2, files seen: 1
[10:44:40] [delta] тик 2944500, tracked: 2, files seen: 1
[10:44:43] [delta] тик 2944800, tracked: 2, files seen: 1
[10:44:46] [delta] тик 2945100, tracked: 2, files seen: 1
[10:44:49] [delta] тик 2945400, tracked: 2, files seen: 1
[10:44:53] [delta] тик 2945700, tracked: 2, files seen: 1
[10:44:56] [delta] тик 2946000, tracked: 2, files seen: 1
[10:44:59] [delta] тик 2946300, tracked: 2, files seen: 1
[10:45:02] [delta] тик 2946600, tracked: 2, files seen: 1
[10:45:05] [delta] тик 2946900, tracked: 2, files seen: 1
[10:45:08] [delta] тик 2947200, tracked: 2, files seen: 1
[10:45:11] [delta] тик 2947500, tracked: 2, files seen: 1
[10:45:14] [delta] тик 2947800, tracked: 2, files seen: 1
[10:45:17] [delta] тик 2948100, tracked: 2, files seen: 1
[10:45:21] [delta] тик 2948400, tracked: 2, files seen: 1
[10:45:24] [delta] тик 2948700, tracked: 2, files seen: 1
[10:45:27] [delta] тик 2949000, tracked: 2, files seen: 1
[10:45:30] [delta] тик 2949300, tracked: 2, files seen: 1
[10:45:33] [delta] тик 2949600, tracked: 1, files seen: 1
[10:45:36] [delta] тик 2949900, tracked: 2, files seen: 1
[10:45:39] [delta] тик 2950200, tracked: 2, files seen: 1
[10:45:42] [delta] тик 2950500, tracked: 2, files seen: 1
[10:45:45] [delta] тик 2950800, tracked: 2, files seen: 1
[10:45:48] [delta] тик 2951100, tracked: 2, files seen: 1
[10:45:52] [delta] тик 2951400, tracked: 2, files seen: 1
[10:45:55] [delta] тик 2951700, tracked: 2, files seen: 1
[10:45:58] [delta] тик 2952000, tracked: 2, files seen: 1
[10:46:01] [delta] тик 2952300, tracked: 2, files seen: 1
[10:46:04] [delta] тик 2952600, tracked: 2, files seen: 1
[10:46:07] [delta] тик 2952900, tracked: 2, files seen: 1
[10:46:10] [delta] тик 2953200, tracked: 2, files seen: 1
[10:46:13] [delta] тик 2953500, tracked: 2, files seen: 1
[10:46:16] [delta] тик 2953800, tracked: 2, files seen: 1
[10:46:19] [delta] тик 2954100, tracked: 2, files seen: 1
[10:46:23] [delta] тик 2954400, tracked: 2, files seen: 1
[10:46:26] [delta] тик 2954700, tracked: 1, files seen: 1
[10:46:29] [delta] тик 2955000, tracked: 2, files seen: 1
[10:46:32] [delta] тик 2955300, tracked: 2, files seen: 1
[10:46:35] [delta] тик 2955600, tracked: 2, files seen: 1
[10:46:38] [delta] тик 2955900, tracked: 2, files seen: 1
[10:46:41] [delta] тик 2956200, tracked: 2, files seen: 1
[10:46:44] [delta] тик 2956500, tracked: 2, files seen: 1
[10:46:47] [delta] тик 2956800, tracked: 2, files seen: 1
[10:46:50] [delta] тик 2957100, tracked: 2, files seen: 1
[10:46:54] [delta] тик 2957400, tracked: 2, files seen: 1
[10:46:57] [delta] тик 2957700, tracked: 2, files seen: 1
[10:47:00] [delta] тик 2958000, tracked: 2, files seen: 1
[10:47:03] [delta] тик 2958300, tracked: 2, files seen: 1
[10:47:06] [delta] тик 2958600, tracked: 2, files seen: 1
[10:47:09] [delta] тик 2958900, tracked: 2, files seen: 1
[10:47:12] [delta] тик 2959200, tracked: 2, files seen: 1
[10:47:15] [delta] тик 2959500, tracked: 2, files seen: 1
[10:47:18] [delta] тик 2959800, tracked: 2, files seen: 1
[10:47:22] [delta] тик 2960100, tracked: 2, files seen: 1
[10:47:25] [delta] тик 2960400, tracked: 2, files seen: 1
[10:47:28] [delta] тик 2960700, tracked: 2, files seen: 1
[10:47:31] [delta] тик 2961000, tracked: 2, files seen: 1
[10:47:34] [delta] тик 2961300, tracked: 2, files seen: 1
[10:47:37] [delta] тик 2961600, tracked: 2, files seen: 1
[10:47:40] [delta] тик 2961900, tracked: 2, files seen: 1
[10:47:43] [delta] тик 2962200, tracked: 2, files seen: 1
[10:47:46] [delta] тик 2962500, tracked: 2, files seen: 1
[10:47:49] [delta] тик 2962800, tracked: 2, files seen: 1
[10:47:52] [delta] тик 2963100, tracked: 2, files seen: 1
[10:47:56] [delta] тик 2963400, tracked: 2, files seen: 1
[10:47:59] [delta] тик 2963700, tracked: 2, files seen: 1
[10:48:02] [delta] тик 2964000, tracked: 2, files seen: 1
[10:48:05] [delta] тик 2964300, tracked: 2, files seen: 1
[10:48:08] [delta] тик 2964600, tracked: 2, files seen: 1
[10:48:11] [delta] тик 2964900, tracked: 2, files seen: 1
[10:48:14] [delta] тик 2965200, tracked: 2, files seen: 1
[10:48:17] [delta] тик 2965500, tracked: 2, files seen: 1
[10:48:20] [delta] тик 2965800, tracked: 2, files seen: 1
[10:48:23] [delta] тик 2966100, tracked: 2, files seen: 1
[10:48:27] [delta] тик 2966400, tracked: 2, files seen: 1
[10:48:30] [delta] тик 2966700, tracked: 2, files seen: 1
[10:48:33] [delta] тик 2967000, tracked: 2, files seen: 1
[10:48:36] [delta] тик 2967300, tracked: 2, files seen: 1
[10:48:39] [delta] тик 2967600, tracked: 2, files seen: 1
[10:48:42] [delta] тик 2967900, tracked: 2, files seen: 1
[10:48:45] [delta] тик 2968200, tracked: 2, files seen: 1
[10:48:48] [delta] тик 2968500, tracked: 2, files seen: 1
[10:48:51] [delta] тик 2968800, tracked: 2, files seen: 1
[10:48:55] [delta] тик 2969100, tracked: 2, files seen: 1
[10:48:58] [delta] тик 2969400, tracked: 2, files seen: 1
[10:49:01] [delta] тик 2969700, tracked: 2, files seen: 1
[10:49:04] [delta] тик 2970000, tracked: 2, files seen: 1
[10:49:07] [delta] тик 2970300, tracked: 2, files seen: 1
[10:49:10] [delta] тик 2970600, tracked: 2, files seen: 1
[10:49:13] [delta] тик 2970900, tracked: 2, files seen: 1
[10:49:16] [delta] тик 2971200, tracked: 2, files seen: 1
[10:49:19] [delta] тик 2971500, tracked: 2, files seen: 1
[10:49:22] [delta] тик 2971800, tracked: 2, files seen: 1
[10:49:26] [delta] тик 2972100, tracked: 2, files seen: 1
[10:49:29] [delta] тик 2972400, tracked: 2, files seen: 1
[10:49:32] [delta] тик 2972700, tracked: 2, files seen: 1
[10:49:35] [delta] тик 2973000, tracked: 2, files seen: 1
[10:49:38] [delta] тик 2973300, tracked: 2, files seen: 1
[10:49:41] [delta] тик 2973600, tracked: 2, files seen: 1
[10:49:44] [delta] тик 2973900, tracked: 2, files seen: 1
[10:49:47] [delta] тик 2974200, tracked: 2, files seen: 1
[10:49:50] [delta] тик 2974500, tracked: 2, files seen: 1
[10:49:53] [delta] тик 2974800, tracked: 2, files seen: 1
[10:49:57] [delta] тик 2975100, tracked: 2, files seen: 1
[10:50:00] [delta] тик 2975400, tracked: 2, files seen: 1
[10:50:03] [delta] тик 2975700, tracked: 2, files seen: 1
[10:50:06] [delta] тик 2976000, tracked: 2, files seen: 1
[10:50:09] [delta] тик 2976300, tracked: 2, files seen: 1
[10:50:12] [delta] тик 2976600, tracked: 2, files seen: 1
[10:50:15] [delta] тик 2976900, tracked: 2, files seen: 1
[10:50:18] [delta] тик 2977200, tracked: 2, files seen: 1
[10:50:21] [delta] тик 2977500, tracked: 2, files seen: 1
[10:50:24] [delta] тик 2977800, tracked: 2, files seen: 1
[10:50:28] [delta] тик 2978100, tracked: 2, files seen: 1
[10:50:31] [delta] тик 2978400, tracked: 2, files seen: 1
[10:50:34] [delta] тик 2978700, tracked: 2, files seen: 1
[10:50:37] [delta] тик 2979000, tracked: 2, files seen: 1
[10:50:40] [delta] тик 2979300, tracked: 2, files seen: 1
[10:50:43] [delta] тик 2979600, tracked: 2, files seen: 1
[10:50:46] [delta] тик 2979900, tracked: 2, files seen: 1
[10:50:49] [delta] тик 2980200, tracked: 2, files seen: 1
[10:50:52] [delta] тик 2980500, tracked: 2, files seen: 1
[10:50:55] [delta] тик 2980800, tracked: 2, files seen: 1
[10:50:59] [delta] тик 2981100, tracked: 2, files seen: 1
[10:51:02] [delta] тик 2981400, tracked: 2, files seen: 1
[10:51:05] [delta] тик 2981700, tracked: 2, files seen: 1
[10:51:08] [delta] тик 2982000, tracked: 2, files seen: 1
[10:51:11] [delta] тик 2982300, tracked: 2, files seen: 1
[10:51:14] [delta] тик 2982600, tracked: 2, files seen: 1
[10:51:17] [delta] тик 2982900, tracked: 2, files seen: 1
[10:51:20] [delta] тик 2983200, tracked: 2, files seen: 1
[10:51:23] [delta] тик 2983500, tracked: 2, files seen: 1
[10:51:26] [delta] тик 2983800, tracked: 2, files seen: 1
[10:51:29] [delta] тик 2984100, tracked: 2, files seen: 1
[10:51:33] [delta] тик 2984400, tracked: 2, files seen: 1
[10:51:36] [delta] тик 2984700, tracked: 2, files seen: 1
[10:51:39] [delta] тик 2985000, tracked: 2, files seen: 1
[10:51:42] [delta] тик 2985300, tracked: 2, files seen: 1
[10:51:45] [delta] тик 2985600, tracked: 2, files seen: 1
[10:51:48] [delta] тик 2985900, tracked: 2, files seen: 1
[10:51:51] [delta] тик 2986200, tracked: 2, files seen: 1
[10:51:54] [delta] тик 2986500, tracked: 2, files seen: 1
[10:51:57] [delta] тик 2986800, tracked: 2, files seen: 1
[10:52:00] [delta] тик 2987100, tracked: 2, files seen: 1
[10:52:04] [delta] тик 2987400, tracked: 2, files seen: 1
[10:52:07] [delta] тик 2987700, tracked: 2, files seen: 1
[10:52:10] [delta] тик 2988000, tracked: 2, files seen: 1
[10:52:13] [delta] тик 2988300, tracked: 2, files seen: 1
[10:52:16] [delta] тик 2988600, tracked: 2, files seen: 1
[10:52:19] [delta] тик 2988900, tracked: 2, files seen: 1
[10:52:22] [delta] тик 2989200, tracked: 2, files seen: 1
[10:52:25] [delta] тик 2989500, tracked: 2, files seen: 1
[10:52:28] [delta] тик 2989800, tracked: 2, files seen: 1
[10:52:32] [delta] тик 2990100, tracked: 2, files seen: 1
[10:52:35] [delta] тик 2990400, tracked: 2, files seen: 1
[10:52:38] [delta] тик 2990700, tracked: 2, files seen: 1
[10:52:41] [delta] тик 2991000, tracked: 2, files seen: 1
[10:52:44] [delta] тик 2991300, tracked: 2, files seen: 1
[10:52:47] [delta] тик 2991600, tracked: 2, files seen: 1
[10:52:50] [delta] тик 2991900, tracked: 2, files seen: 1
[10:52:53] [delta] тик 2992200, tracked: 2, files seen: 1
[10:52:56] [delta] тик 2992500, tracked: 2, files seen: 1
[10:52:59] [delta] тик 2992800, tracked: 2, files seen: 1
[10:53:03] [delta] тик 2993100, tracked: 2, files seen: 1
[10:53:06] [delta] тик 2993400, tracked: 2, files seen: 1
[10:53:09] [delta] тик 2993700, tracked: 2, files seen: 1
[10:53:12] [delta] тик 2994000, tracked: 2, files seen: 1
[10:53:15] [delta] тик 2994300, tracked: 2, files seen: 1
[10:53:18] [delta] тик 2994600, tracked: 2, files seen: 1
[10:53:21] [delta] тик 2994900, tracked: 2, files seen: 1
[10:53:24] [delta] тик 2995200, tracked: 2, files seen: 1
[10:53:27] [delta] тик 2995500, tracked: 2, files seen: 1
[10:53:30] [delta] тик 2995800, tracked: 2, files seen: 1
[10:53:34] [delta] тик 2996100, tracked: 2, files seen: 1
[10:53:37] [delta] тик 2996400, tracked: 2, files seen: 1
[10:53:40] [delta] тик 2996700, tracked: 2, files seen: 1
[10:53:43] [delta] тик 2997000, tracked: 2, files seen: 1
[10:53:46] [delta] тик 2997300, tracked: 2, files seen: 1
[10:53:49] [delta] тик 2997600, tracked: 2, files seen: 1
[10:53:52] [delta] тик 2997900, tracked: 2, files seen: 1
[10:53:55] [delta] тик 2998200, tracked: 2, files seen: 1
[10:53:58] [delta] тик 2998500, tracked: 2, files seen: 1
[10:54:02] [delta] тик 2998800, tracked: 2, files seen: 1
[10:54:05] [delta] тик 2999100, tracked: 2, files seen: 1
[10:54:08] [delta] тик 2999400, tracked: 2, files seen: 1
[10:54:11] [delta] тик 2999700, tracked: 2, files seen: 1
[10:54:14] [delta] тик 3000000, tracked: 2, files seen: 1
[10:54:17] [delta] тик 3000300, tracked: 2, files seen: 1
[10:54:20] [delta] тик 3000600, tracked: 2, files seen: 1
[10:54:23] [delta] тик 3000900, tracked: 2, files seen: 1
[10:54:26] [delta] тик 3001200, tracked: 2, files seen: 1
[10:54:29] [delta] тик 3001500, tracked: 2, files seen: 1
[10:54:33] [delta] тик 3001800, tracked: 2, files seen: 1
[10:54:36] [delta] тик 3002100, tracked: 2, files seen: 1
[10:54:39] [delta] тик 3002400, tracked: 2, files seen: 1
[10:54:42] [delta] тик 3002700, tracked: 2, files seen: 1
[10:54:45] [delta] тик 3003000, tracked: 2, files seen: 1
[10:54:48] [delta] тик 3003300, tracked: 2, files seen: 1
[10:54:51] [delta] тик 3003600, tracked: 2, files seen: 1
[10:54:54] [delta] тик 3003900, tracked: 2, files seen: 1
[10:54:57] [delta] тик 3004200, tracked: 2, files seen: 1
[10:55:00] [delta] тик 3004500, tracked: 2, files seen: 1
[10:55:04] [delta] тик 3004800, tracked: 2, files seen: 1
[10:55:07] [delta] тик 3005100, tracked: 2, files seen: 1
[10:55:10] [delta] тик 3005400, tracked: 1, files seen: 1
[10:55:13] [delta] тик 3005700, tracked: 2, files seen: 1
[10:55:16] [delta] тик 3006000, tracked: 2, files seen: 1
[10:55:19] [delta] тик 3006300, tracked: 2, files seen: 1
[10:55:22] [delta] тик 3006600, tracked: 2, files seen: 1
[10:55:25] [delta] тик 3006900, tracked: 2, files seen: 1
[10:55:28] [delta] тик 3007200, tracked: 2, files seen: 1
[10:55:31] [delta] тик 3007500, tracked: 2, files seen: 1
[10:55:35] [delta] тик 3007800, tracked: 2, files seen: 1
[10:55:38] [delta] тик 3008100, tracked: 2, files seen: 1
[10:55:41] [delta] тик 3008400, tracked: 2, files seen: 1
[10:55:44] [delta] тик 3008700, tracked: 2, files seen: 1
[10:55:47] [delta] тик 3009000, tracked: 2, files seen: 1
[10:55:50] [delta] тик 3009300, tracked: 2, files seen: 1
[10:55:53] [delta] тик 3009600, tracked: 2, files seen: 1
[10:55:56] [delta] тик 3009900, tracked: 2, files seen: 1
[10:55:59] [delta] тик 3010200, tracked: 2, files seen: 1
[10:56:03] [delta] тик 3010500, tracked: 2, files seen: 1
[10:56:06] [delta] тик 3010800, tracked: 2, files seen: 1
[10:56:09] [delta] тик 3011100, tracked: 2, files seen: 1
[10:56:12] [delta] тик 3011400, tracked: 2, files seen: 1
[10:56:15] [delta] тик 3011700, tracked: 2, files seen: 1
[10:56:18] [delta] тик 3012000, tracked: 2, files seen: 1
[10:56:21] [delta] тик 3012300, tracked: 2, files seen: 1
[10:56:24] [delta] тик 3012600, tracked: 2, files seen: 1
[10:56:27] [delta] тик 3012900, tracked: 2, files seen: 1
[10:56:30] [delta] тик 3013200, tracked: 2, files seen: 1
[10:56:34] [delta] тик 3013500, tracked: 2, files seen: 1
[10:56:37] [delta] тик 3013800, tracked: 2, files seen: 1
[10:56:40] [delta] тик 3014100, tracked: 2, files seen: 1
[10:56:43] [delta] тик 3014400, tracked: 2, files seen: 1
[10:56:46] [delta] тик 3014700, tracked: 2, files seen: 1
[10:56:49] [delta] тик 3015000, tracked: 2, files seen: 1
[10:56:52] [delta] тик 3015300, tracked: 2, files seen: 1
[10:56:55] [delta] тик 3015600, tracked: 2, files seen: 1
[10:56:58] [delta] тик 3015900, tracked: 2, files seen: 1
[10:57:01] [delta] тик 3016200, tracked: 2, files seen: 1
[10:57:05] [delta] тик 3016500, tracked: 2, files seen: 1
[10:57:08] [delta] тик 3016800, tracked: 2, files seen: 1
[10:57:11] [delta] тик 3017100, tracked: 2, files seen: 1
[10:57:14] [delta] тик 3017400, tracked: 2, files seen: 1
[10:57:17] [delta] тик 3017700, tracked: 2, files seen: 1
[10:57:20] [delta] тик 3018000, tracked: 2, files seen: 1
[10:57:23] [delta] тик 3018300, tracked: 2, files seen: 1
[10:57:26] [delta] тик 3018600, tracked: 2, files seen: 1
[10:57:29] [delta] тик 3018900, tracked: 2, files seen: 1
[10:57:32] [delta] тик 3019200, tracked: 2, files seen: 1
[10:57:36] [delta] тик 3019500, tracked: 2, files seen: 1
[10:57:39] [delta] тик 3019800, tracked: 2, files seen: 1
[10:57:42] [delta] тик 3020100, tracked: 2, files seen: 1
[10:57:45] [delta] тик 3020400, tracked: 2, files seen: 1
[10:57:48] [delta] тик 3020700, tracked: 2, files seen: 1
[10:57:51] [delta] тик 3021000, tracked: 2, files seen: 1
[10:57:54] [delta] тик 3021300, tracked: 2, files seen: 1
[10:57:57] [delta] тик 3021600, tracked: 2, files seen: 1
[10:58:00] [delta] тик 3021900, tracked: 2, files seen: 1
[10:58:04] [delta] тик 3022200, tracked: 2, files seen: 1
[10:58:07] [delta] тик 3022500, tracked: 2, files seen: 1
[10:58:10] [delta] тик 3022800, tracked: 2, files seen: 1
[10:58:13] [delta] тик 3023100, tracked: 2, files seen: 1
[10:58:16] [delta] тик 3023400, tracked: 2, files seen: 1
[10:58:19] [delta] тик 3023700, tracked: 2, files seen: 1
[10:58:22] [delta] тик 3024000, tracked: 2, files seen: 1
[10:58:25] [delta] тик 3024300, tracked: 2, files seen: 1
[10:58:28] [delta] тик 3024600, tracked: 2, files seen: 1
[10:58:31] [delta] тик 3024900, tracked: 2, files seen: 1
[10:58:35] [delta] тик 3025200, tracked: 2, files seen: 1
[10:58:38] [delta] тик 3025500, tracked: 2, files seen: 1
[10:58:41] [delta] тик 3025800, tracked: 2, files seen: 1
[10:58:44] [delta] тик 3026100, tracked: 2, files seen: 1
[10:58:47] [delta] тик 3026400, tracked: 2, files seen: 1
[10:58:50] [delta] тик 3026700, tracked: 2, files seen: 1
[10:58:53] [delta] тик 3027000, tracked: 2, files seen: 1
[10:58:56] [delta] тик 3027300, tracked: 2, files seen: 1
[10:58:59] [delta] тик 3027600, tracked: 2, files seen: 1
[10:59:03] [delta] тик 3027900, tracked: 2, files seen: 1
[10:59:06] [delta] тик 3028200, tracked: 1, files seen: 1
[10:59:09] [delta] тик 3028500, tracked: 2, files seen: 1
[10:59:12] [delta] тик 3028800, tracked: 2, files seen: 1
[10:59:15] [delta] тик 3029100, tracked: 2, files seen: 1
[10:59:18] [delta] тик 3029400, tracked: 2, files seen: 1
[10:59:21] [delta] тик 3029700, tracked: 2, files seen: 1
[10:59:24] [delta] тик 3030000, tracked: 2, files seen: 1
[10:59:27] [delta] тик 3030300, tracked: 2, files seen: 1
[10:59:30] [delta] тик 3030600, tracked: 2, files seen: 1
[10:59:34] [delta] тик 3030900, tracked: 2, files seen: 1
[10:59:37] [delta] тик 3031200, tracked: 2, files seen: 1
[10:59:40] [delta] тик 3031500, tracked: 2, files seen: 1
[10:59:43] [delta] тик 3031800, tracked: 2, files seen: 1
[10:59:46] [delta] тик 3032100, tracked: 2, files seen: 1
[10:59:49] [delta] тик 3032400, tracked: 2, files seen: 1
[10:59:52] [delta] тик 3032700, tracked: 2, files seen: 1
[10:59:55] [delta] тик 3033000, tracked: 2, files seen: 1
[10:59:58] [delta] тик 3033300, tracked: 2, files seen: 1
[11:00:01] [delta] тик 3033600, tracked: 2, files seen: 1
[11:00:05] [delta] тик 3033900, tracked: 2, files seen: 1
[11:00:08] [delta] тик 3034200, tracked: 2, files seen: 1
[11:00:11] [delta] тик 3034500, tracked: 2, files seen: 1
[11:00:14] [delta] тик 3034800, tracked: 2, files seen: 1
[11:00:17] [delta] тик 3035100, tracked: 2, files seen: 1
[11:00:20] [delta] тик 3035400, tracked: 2, files seen: 1
[11:00:23] [delta] тик 3035700, tracked: 2, files seen: 1
[11:00:26] [delta] тик 3036000, tracked: 2, files seen: 1
[11:00:29] [delta] тик 3036300, tracked: 2, files seen: 1
[11:00:33] [delta] тик 3036600, tracked: 2, files seen: 1
[11:00:36] [delta] тик 3036900, tracked: 2, files seen: 1
[11:00:39] [delta] тик 3037200, tracked: 2, files seen: 1
[11:00:42] [delta] тик 3037500, tracked: 2, files seen: 1
[11:00:45] [delta] тик 3037800, tracked: 2, files seen: 1
[11:00:48] [delta] тик 3038100, tracked: 2, files seen: 1
[11:00:51] [delta] тик 3038400, tracked: 1, files seen: 1
[11:00:54] [delta] тик 3038700, tracked: 2, files seen: 1
[11:00:57] [delta] тик 3039000, tracked: 2, files seen: 1
[11:01:00] [delta] тик 3039300, tracked: 2, files seen: 1
[11:01:04] [delta] тик 3039600, tracked: 2, files seen: 1
[11:01:07] [delta] тик 3039900, tracked: 2, files seen: 1
[11:01:10] [delta] тик 3040200, tracked: 2, files seen: 1
[11:01:13] [delta] тик 3040500, tracked: 2, files seen: 1
[11:01:16] [delta] тик 3040800, tracked: 2, files seen: 1
[11:01:19] [delta] тик 3041100, tracked: 2, files seen: 1
[11:01:22] [delta] тик 3041400, tracked: 2, files seen: 1
[11:01:25] [delta] тик 3041700, tracked: 2, files seen: 1
[11:01:28] [delta] тик 3042000, tracked: 2, files seen: 1
[11:01:32] [delta] тик 3042300, tracked: 2, files seen: 1
[11:01:35] [delta] тик 3042600, tracked: 2, files seen: 1
[11:01:38] [delta] тик 3042900, tracked: 2, files seen: 1
[11:01:41] [delta] тик 3043200, tracked: 2, files seen: 1
[11:01:44] [delta] тик 3043500, tracked: 2, files seen: 1
[11:01:47] [delta] тик 3043800, tracked: 2, files seen: 1
[11:01:50] [delta] тик 3044100, tracked: 2, files seen: 1
[11:01:53] [delta] тик 3044400, tracked: 2, files seen: 1
[11:01:56] [delta] тик 3044700, tracked: 2, files seen: 1
[11:01:59] [delta] тик 3045000, tracked: 2, files seen: 1
[11:02:03] [delta] тик 3045300, tracked: 2, files seen: 1
[11:02:06] [delta] тик 3045600, tracked: 2, files seen: 1
[11:02:09] [delta] тик 3045900, tracked: 2, files seen: 1
[11:02:12] [delta] тик 3046200, tracked: 2, files seen: 1
[11:02:15] [delta] тик 3046500, tracked: 2, files seen: 1
[11:02:18] [delta] тик 3046800, tracked: 2, files seen: 1
[11:02:21] [delta] тик 3047100, tracked: 2, files seen: 1
[11:02:24] [delta] тик 3047400, tracked: 2, files seen: 1
[11:02:27] [delta] тик 3047700, tracked: 2, files seen: 1
[11:02:30] [delta] тик 3048000, tracked: 2, files seen: 1
[11:02:34] [delta] тик 3048300, tracked: 2, files seen: 1
[11:02:37] [delta] тик 3048600, tracked: 2, files seen: 1
[11:02:40] [delta] тик 3048900, tracked: 2, files seen: 1
[11:02:43] [delta] тик 3049200, tracked: 2, files seen: 1
[11:02:46] [delta] тик 3049500, tracked: 2, files seen: 1
[11:02:49] [delta] тик 3049800, tracked: 2, files seen: 1
[11:02:52] [delta] тик 3050100, tracked: 2, files seen: 1
[11:02:55] [delta] тик 3050400, tracked: 2, files seen: 1
[11:02:58] [delta] тик 3050700, tracked: 2, files seen: 1
[11:03:01] [delta] тик 3051000, tracked: 1, files seen: 1
[11:03:05] [delta] тик 3051300, tracked: 2, files seen: 1
[11:03:08] [delta] тик 3051600, tracked: 2, files seen: 1
[11:03:11] [delta] тик 3051900, tracked: 2, files seen: 1
[11:03:14] [delta] тик 3052200, tracked: 2, files seen: 1
[11:03:17] [delta] тик 3052500, tracked: 2, files seen: 1
[11:03:20] [delta] тик 3052800, tracked: 2, files seen: 1
[11:03:23] [delta] тик 3053100, tracked: 2, files seen: 1
[11:03:26] [delta] тик 3053400, tracked: 2, files seen: 1
[11:03:29] [delta] тик 3053700, tracked: 2, files seen: 1
[11:03:32] [delta] тик 3054000, tracked: 2, files seen: 1
[11:03:36] [delta] тик 3054300, tracked: 2, files seen: 1
[11:03:39] [delta] тик 3054600, tracked: 2, files seen: 1
[11:03:42] [delta] тик 3054900, tracked: 2, files seen: 1
[11:03:45] [delta] тик 3055200, tracked: 2, files seen: 1
[11:03:48] [delta] тик 3055500, tracked: 2, files seen: 1
[11:03:51] [delta] тик 3055800, tracked: 2, files seen: 1
[11:03:54] [delta] тик 3056100, tracked: 2, files seen: 1
[11:03:57] [delta] тик 3056400, tracked: 2, files seen: 1
[11:04:00] [delta] тик 3056700, tracked: 2, files seen: 1
[11:04:04] [delta] тик 3057000, tracked: 2, files seen: 1
[11:04:07] [delta] тик 3057300, tracked: 2, files seen: 1
[11:04:10] [delta] тик 3057600, tracked: 2, files seen: 1
[11:04:13] [delta] тик 3057900, tracked: 2, files seen: 1
[11:04:16] [delta] тик 3058200, tracked: 2, files seen: 1
[11:04:19] [delta] тик 3058500, tracked: 2, files seen: 1
[11:04:22] [delta] тик 3058800, tracked: 2, files seen: 1
[11:04:25] [delta] тик 3059100, tracked: 2, files seen: 1
[11:04:28] [delta] тик 3059400, tracked: 2, files seen: 1
[11:04:31] [delta] тик 3059700, tracked: 2, files seen: 1
[11:04:35] [delta] тик 3060000, tracked: 2, files seen: 1
[11:04:38] [delta] тик 3060300, tracked: 2, files seen: 1
[11:04:41] [delta] тик 3060600, tracked: 2, files seen: 1
[11:04:44] [delta] тик 3060900, tracked: 2, files seen: 1
[11:04:47] [delta] тик 3061200, tracked: 2, files seen: 1
[11:04:50] [delta] тик 3061500, tracked: 2, files seen: 1
[11:04:53] [delta] тик 3061800, tracked: 1, files seen: 1
[11:04:56] [delta] тик 3062100, tracked: 2, files seen: 1
[11:04:59] [delta] тик 3062400, tracked: 2, files seen: 1
[11:05:02] [delta] тик 3062700, tracked: 2, files seen: 1
[11:05:06] [delta] тик 3063000, tracked: 2, files seen: 1
[11:05:09] [delta] тик 3063300, tracked: 2, files seen: 1
[11:05:12] [delta] тик 3063600, tracked: 2, files seen: 1
[11:05:15] [delta] тик 3063900, tracked: 2, files seen: 1
[11:05:18] [delta] тик 3064200, tracked: 2, files seen: 1
[11:05:21] [delta] тик 3064500, tracked: 2, files seen: 1
[11:05:24] [delta] тик 3064800, tracked: 2, files seen: 1
[11:05:27] [delta] тик 3065100, tracked: 2, files seen: 1
[11:05:30] [delta] тик 3065400, tracked: 2, files seen: 1
[11:05:34] [delta] тик 3065700, tracked: 2, files seen: 1
[11:05:37] [delta] тик 3066000, tracked: 2, files seen: 1
[11:05:40] [delta] тик 3066300, tracked: 2, files seen: 1
[11:05:43] [delta] тик 3066600, tracked: 2, files seen: 1
[11:05:46] [delta] тик 3066900, tracked: 1, files seen: 1
[11:05:49] [delta] тик 3067200, tracked: 2, files seen: 1
[11:05:52] [delta] тик 3067500, tracked: 2, files seen: 1
[11:05:55] [delta] тик 3067800, tracked: 2, files seen: 1
[11:05:58] [delta] тик 3068100, tracked: 2, files seen: 1
[11:06:01] [delta] тик 3068400, tracked: 2, files seen: 1
[11:06:05] [delta] тик 3068700, tracked: 2, files seen: 1
[11:06:08] [delta] тик 3069000, tracked: 2, files seen: 1
[11:06:11] [delta] тик 3069300, tracked: 2, files seen: 1
[11:06:14] [delta] тик 3069600, tracked: 2, files seen: 1
[11:06:17] [delta] тик 3069900, tracked: 2, files seen: 1
[11:06:20] [delta] тик 3070200, tracked: 2, files seen: 1
[11:06:23] [delta] тик 3070500, tracked: 2, files seen: 1
[11:06:26] [delta] тик 3070800, tracked: 2, files seen: 1
[11:06:29] [delta] тик 3071100, tracked: 2, files seen: 1
[11:06:32] [delta] тик 3071400, tracked: 2, files seen: 1
[11:06:36] [delta] тик 3071700, tracked: 2, files seen: 1
[11:06:39] [delta] тик 3072000, tracked: 2, files seen: 1
[11:06:42] [delta] тик 3072300, tracked: 2, files seen: 1
[11:06:45] [delta] тик 3072600, tracked: 2, files seen: 1
[11:06:48] [delta] тик 3072900, tracked: 2, files seen: 1
[11:06:51] [delta] тик 3073200, tracked: 2, files seen: 1
[11:06:54] [delta] тик 3073500, tracked: 2, files seen: 1
[11:06:57] [delta] тик 3073800, tracked: 2, files seen: 1
[11:07:00] [delta] тик 3074100, tracked: 2, files seen: 1
[11:07:04] [delta] тик 3074400, tracked: 2, files seen: 1
[11:07:07] [delta] тик 3074700, tracked: 2, files seen: 1
[11:07:10] [delta] тик 3075000, tracked: 2, files seen: 1
[11:07:13] [delta] тик 3075300, tracked: 2, files seen: 1
[11:07:16] [delta] тик 3075600, tracked: 2, files seen: 1
[11:07:19] [delta] тик 3075900, tracked: 2, files seen: 1
[11:07:22] [delta] тик 3076200, tracked: 2, files seen: 1
[11:07:25] [delta] тик 3076500, tracked: 2, files seen: 1
[11:07:28] [delta] тик 3076800, tracked: 2, files seen: 1
[11:07:31] [delta] тик 3077100, tracked: 2, files seen: 1
[11:07:35] [delta] тик 3077400, tracked: 2, files seen: 1
[11:07:38] [delta] тик 3077700, tracked: 2, files seen: 1
[11:07:41] [delta] тик 3078000, tracked: 2, files seen: 1
[11:07:44] [delta] тик 3078300, tracked: 2, files seen: 1
[11:07:47] [delta] тик 3078600, tracked: 2, files seen: 1
[11:07:50] [delta] тик 3078900, tracked: 2, files seen: 1
[11:07:53] [delta] тик 3079200, tracked: 2, files seen: 1
[11:07:56] [delta] тик 3079500, tracked: 2, files seen: 1
[11:07:59] [delta] тик 3079800, tracked: 2, files seen: 1
[11:08:02] [delta] тик 3080100, tracked: 2, files seen: 1
[11:08:06] [delta] тик 3080400, tracked: 2, files seen: 1
[11:08:09] [delta] тик 3080700, tracked: 2, files seen: 1
[11:08:12] [delta] тик 3081000, tracked: 2, files seen: 1
[11:08:15] [delta] тик 3081300, tracked: 2, files seen: 1
[11:08:18] [delta] тик 3081600, tracked: 2, files seen: 1
[11:08:21] [delta] тик 3081900, tracked: 1, files seen: 1
[11:08:24] [delta] тик 3082200, tracked: 2, files seen: 1
[11:08:27] [delta] тик 3082500, tracked: 2, files seen: 1
[11:08:30] [delta] тик 3082800, tracked: 2, files seen: 1
[11:08:34] [delta] тик 3083100, tracked: 2, files seen: 1
[11:08:37] [delta] тик 3083400, tracked: 2, files seen: 1
[11:08:40] [delta] тик 3083700, tracked: 2, files seen: 1
[11:08:43] [delta] тик 3084000, tracked: 2, files seen: 1
[11:08:46] [delta] тик 3084300, tracked: 2, files seen: 1
[11:08:49] [delta] тик 3084600, tracked: 2, files seen: 1
[11:08:52] [delta] тик 3084900, tracked: 2, files seen: 1
[11:08:55] [delta] тик 3085200, tracked: 2, files seen: 1
[11:08:58] [delta] тик 3085500, tracked: 2, files seen: 1
[11:09:01] [delta] тик 3085800, tracked: 2, files seen: 1
[11:09:05] [delta] тик 3086100, tracked: 2, files seen: 1
[11:09:08] [delta] тик 3086400, tracked: 2, files seen: 1
[11:09:11] [delta] тик 3086700, tracked: 2, files seen: 1
[11:09:14] [delta] тик 3087000, tracked: 1, files seen: 1
[11:09:17] [delta] тик 3087300, tracked: 2, files seen: 1
[11:09:20] [delta] тик 3087600, tracked: 2, files seen: 1
[11:09:23] [delta] тик 3087900, tracked: 2, files seen: 1
[11:09:26] [delta] тик 3088200, tracked: 2, files seen: 1
[11:09:29] [delta] тик 3088500, tracked: 2, files seen: 1
[11:09:33] [delta] тик 3088800, tracked: 2, files seen: 1
[11:09:36] [delta] тик 3089100, tracked: 2, files seen: 1
[11:09:39] [delta] тик 3089400, tracked: 1, files seen: 1
[11:09:42] [delta] тик 3089700, tracked: 2, files seen: 1
[11:09:45] [delta] тик 3090000, tracked: 2, files seen: 1
[11:09:48] [delta] тик 3090300, tracked: 2, files seen: 1
[11:09:51] [delta] тик 3090600, tracked: 2, files seen: 1
[11:09:54] [delta] тик 3090900, tracked: 2, files seen: 1
[11:09:57] [delta] тик 3091200, tracked: 2, files seen: 1
[11:10:01] [delta] тик 3091500, tracked: 2, files seen: 1
[11:10:04] [delta] тик 3091800, tracked: 2, files seen: 1
[11:10:07] [delta] тик 3092100, tracked: 2, files seen: 1
[11:10:10] [delta] тик 3092400, tracked: 2, files seen: 1
[11:10:13] [delta] тик 3092700, tracked: 2, files seen: 1
[11:10:16] [delta] тик 3093000, tracked: 2, files seen: 1
[11:10:19] [delta] тик 3093300, tracked: 2, files seen: 1
[11:10:22] [delta] тик 3093600, tracked: 2, files seen: 1
[11:10:25] [delta] тик 3093900, tracked: 2, files seen: 1
[11:10:28] [delta] тик 3094200, tracked: 2, files seen: 1
[11:10:32] [delta] тик 3094500, tracked: 2, files seen: 1
[11:10:35] [delta] тик 3094800, tracked: 2, files seen: 1
[11:10:38] [delta] тик 3095100, tracked: 2, files seen: 1
[11:10:41] [delta] тик 3095400, tracked: 2, files seen: 1
[11:10:44] [delta] тик 3095700, tracked: 2, files seen: 1
[11:10:47] [delta] тик 3096000, tracked: 2, files seen: 1
[11:10:50] [delta] тик 3096300, tracked: 2, files seen: 1
[11:10:53] [delta] тик 3096600, tracked: 2, files seen: 1
[11:10:56] [delta] тик 3096900, tracked: 2, files seen: 1
[11:10:59] [delta] тик 3097200, tracked: 2, files seen: 1
[11:11:03] [delta] тик 3097500, tracked: 2, files seen: 1
[11:11:06] [delta] тик 3097800, tracked: 2, files seen: 1
[11:11:09] [delta] тик 3098100, tracked: 2, files seen: 1
[11:11:12] [delta] тик 3098400, tracked: 2, files seen: 1
[11:11:15] [delta] тик 3098700, tracked: 2, files seen: 1
[11:11:18] [delta] тик 3099000, tracked: 2, files seen: 1
[11:11:21] [delta] тик 3099300, tracked: 2, files seen: 1
[11:11:24] [delta] тик 3099600, tracked: 2, files seen: 1
[11:11:27] [delta] тик 3099900, tracked: 2, files seen: 1
[11:11:31] [delta] тик 3100200, tracked: 2, files seen: 1
[11:11:34] [delta] тик 3100500, tracked: 2, files seen: 1
[11:11:37] [delta] тик 3100800, tracked: 2, files seen: 1
[11:11:40] [delta] тик 3101100, tracked: 2, files seen: 1
[11:11:43] [delta] тик 3101400, tracked: 2, files seen: 1
[11:11:46] [delta] тик 3101700, tracked: 2, files seen: 1
[11:11:49] [delta] тик 3102000, tracked: 2, files seen: 1
[11:11:52] [delta] тик 3102300, tracked: 2, files seen: 1
[11:11:55] [delta] тик 3102600, tracked: 2, files seen: 1
[11:11:58] [delta] тик 3102900, tracked: 2, files seen: 1
[11:12:02] [delta] тик 3103200, tracked: 2, files seen: 1
[11:12:05] [delta] тик 3103500, tracked: 2, files seen: 1
[11:12:08] [delta] тик 3103800, tracked: 2, files seen: 1
[11:12:11] [delta] тик 3104100, tracked: 2, files seen: 1
[11:12:14] [delta] тик 3104400, tracked: 2, files seen: 1
[11:12:17] [delta] тик 3104700, tracked: 2, files seen: 1
[11:12:20] [delta] тик 3105000, tracked: 2, files seen: 1
[11:12:23] [delta] тик 3105300, tracked: 2, files seen: 1
[11:12:26] [delta] тик 3105600, tracked: 2, files seen: 1
[11:12:30] [delta] тик 3105900, tracked: 2, files seen: 1
[11:12:33] [delta] тик 3106200, tracked: 2, files seen: 1
[11:12:36] [delta] тик 3106500, tracked: 2, files seen: 1
[11:12:39] [delta] тик 3106800, tracked: 2, files seen: 1
[11:12:42] [delta] тик 3107100, tracked: 2, files seen: 1
[11:12:45] [delta] тик 3107400, tracked: 2, files seen: 1
[11:12:48] [delta] тик 3107700, tracked: 2, files seen: 1
[11:12:51] [delta] тик 3108000, tracked: 2, files seen: 1
[11:12:54] [delta] тик 3108300, tracked: 2, files seen: 1
[11:12:57] [delta] тик 3108600, tracked: 2, files seen: 1
[11:13:01] [delta] тик 3108900, tracked: 2, files seen: 1
[11:13:04] [delta] тик 3109200, tracked: 2, files seen: 1
[11:13:07] [delta] тик 3109500, tracked: 2, files seen: 1
[11:13:10] [delta] тик 3109800, tracked: 1, files seen: 1
[11:13:13] [delta] тик 3110100, tracked: 2, files seen: 1
[11:13:16] [delta] тик 3110400, tracked: 2, files seen: 1
[11:13:19] [delta] тик 3110700, tracked: 2, files seen: 1
[11:13:22] [delta] тик 3111000, tracked: 2, files seen: 1
[11:13:25] [delta] тик 3111300, tracked: 2, files seen: 1
[11:13:28] [delta] тик 3111600, tracked: 2, files seen: 1
[11:13:32] [delta] тик 3111900, tracked: 2, files seen: 1
[11:13:35] [delta] тик 3112200, tracked: 2, files seen: 1
[11:13:38] [delta] тик 3112500, tracked: 2, files seen: 1
[11:13:41] [delta] тик 3112800, tracked: 2, files seen: 1
[11:13:44] [delta] тик 3113100, tracked: 2, files seen: 1
[11:13:47] [delta] тик 3113400, tracked: 2, files seen: 1
[11:13:50] [delta] тик 3113700, tracked: 2, files seen: 1
[11:13:53] [delta] тик 3114000, tracked: 2, files seen: 1
[11:13:56] [delta] тик 3114300, tracked: 2, files seen: 1
[11:13:59] [delta] тик 3114600, tracked: 2, files seen: 1
[11:14:03] [delta] тик 3114900, tracked: 2, files seen: 1
[11:14:06] [delta] тик 3115200, tracked: 2, files seen: 1
[11:14:09] [delta] тик 3115500, tracked: 2, files seen: 1
[11:14:12] [delta] тик 3115800, tracked: 2, files seen: 1
[11:14:15] [delta] тик 3116100, tracked: 2, files seen: 1
[11:14:18] [delta] тик 3116400, tracked: 2, files seen: 1
[11:14:21] [delta] тик 3116700, tracked: 2, files seen: 1
[11:14:24] [delta] тик 3117000, tracked: 2, files seen: 1
[11:14:27] [delta] тик 3117300, tracked: 2, files seen: 1
[11:14:30] [delta] тик 3117600, tracked: 2, files seen: 1
[11:14:34] [delta] тик 3117900, tracked: 2, files seen: 1
[11:14:37] [delta] тик 3118200, tracked: 2, files seen: 1
[11:14:40] [delta] тик 3118500, tracked: 2, files seen: 1
[11:14:43] [delta] тик 3118800, tracked: 2, files seen: 1
[11:14:46] [delta] тик 3119100, tracked: 2, files seen: 1
[11:14:49] [delta] тик 3119400, tracked: 2, files seen: 1
[11:14:52] [delta] тик 3119700, tracked: 2, files seen: 1
[11:14:55] [delta] тик 3120000, tracked: 1, files seen: 1
[11:14:58] [delta] тик 3120300, tracked: 2, files seen: 1
[11:15:02] [delta] тик 3120600, tracked: 2, files seen: 1
[11:15:05] [delta] тик 3120900, tracked: 2, files seen: 1
[11:15:08] [delta] тик 3121200, tracked: 2, files seen: 1
[11:15:11] [delta] тик 3121500, tracked: 2, files seen: 1
[11:15:14] [delta] тик 3121800, tracked: 2, files seen: 1
[11:15:17] [delta] тик 3122100, tracked: 2, files seen: 1
[11:15:20] [delta] тик 3122400, tracked: 2, files seen: 1
[11:15:23] [delta] тик 3122700, tracked: 2, files seen: 1
[11:15:26] [delta] тик 3123000, tracked: 2, files seen: 1
[11:15:29] [delta] тик 3123300, tracked: 2, files seen: 1
[11:15:33] [delta] тик 3123600, tracked: 2, files seen: 1
[11:15:36] [delta] тик 3123900, tracked: 2, files seen: 1
[11:15:39] [delta] тик 3124200, tracked: 2, files seen: 1
[11:15:42] [delta] тик 3124500, tracked: 2, files seen: 1
[11:15:45] [delta] тик 3124800, tracked: 2, files seen: 1
[11:15:48] [delta] тик 3125100, tracked: 2, files seen: 1
[11:15:51] [delta] тик 3125400, tracked: 2, files seen: 1
[11:15:54] [delta] тик 3125700, tracked: 2, files seen: 1
[11:15:57] [delta] тик 3126000, tracked: 2, files seen: 1
[11:16:01] [delta] тик 3126300, tracked: 2, files seen: 1
[11:16:04] [delta] тик 3126600, tracked: 2, files seen: 1
[11:16:07] [delta] тик 3126900, tracked: 2, files seen: 1
[11:16:10] [delta] тик 3127200, tracked: 2, files seen: 1
[11:16:13] [delta] тик 3127500, tracked: 2, files seen: 1
[11:16:16] [delta] тик 3127800, tracked: 2, files seen: 1
[11:16:19] [delta] тик 3128100, tracked: 2, files seen: 1
[11:16:22] [delta] тик 3128400, tracked: 2, files seen: 1
[11:16:25] [delta] тик 3128700, tracked: 2, files seen: 1
[11:16:29] [delta] тик 3129000, tracked: 2, files seen: 1
[11:16:32] [delta] тик 3129300, tracked: 2, files seen: 1
[11:16:35] [delta] тик 3129600, tracked: 1, files seen: 1
[11:16:38] [delta] тик 3129900, tracked: 2, files seen: 1
[11:16:41] [delta] тик 3130200, tracked: 2, files seen: 1
[11:16:44] [delta] тик 3130500, tracked: 2, files seen: 1
[11:16:47] [delta] тик 3130800, tracked: 2, files seen: 1
[11:16:50] [delta] тик 3131100, tracked: 2, files seen: 1
[11:16:53] [delta] тик 3131400, tracked: 2, files seen: 1
[11:16:56] [delta] тик 3131700, tracked: 2, files seen: 1
[11:17:00] [delta] тик 3132000, tracked: 1, files seen: 1
[11:17:03] [delta] тик 3132300, tracked: 2, files seen: 1
[11:17:06] [delta] тик 3132600, tracked: 2, files seen: 1
[11:17:09] [delta] тик 3132900, tracked: 2, files seen: 1
[11:17:12] [delta] тик 3133200, tracked: 2, files seen: 1
[11:17:15] [delta] тик 3133500, tracked: 2, files seen: 1
[11:17:18] [delta] тик 3133800, tracked: 2, files seen: 1
[11:17:21] [delta] тик 3134100, tracked: 2, files seen: 1
[11:17:24] [delta] тик 3134400, tracked: 2, files seen: 1
[11:17:28] [delta] тик 3134700, tracked: 2, files seen: 1
[11:17:31] [delta] тик 3135000, tracked: 2, files seen: 1
[11:17:34] [delta] тик 3135300, tracked: 2, files seen: 1
[11:17:37] [delta] тик 3135600, tracked: 2, files seen: 1
[11:17:40] [delta] тик 3135900, tracked: 2, files seen: 1
[11:17:43] [delta] тик 3136200, tracked: 2, files seen: 1
[11:17:46] [delta] тик 3136500, tracked: 2, files seen: 1
[11:17:49] [delta] тик 3136800, tracked: 2, files seen: 1
[11:17:52] [delta] тик 3137100, tracked: 2, files seen: 1
[11:17:55] [delta] тик 3137400, tracked: 2, files seen: 1
[11:17:59] [delta] тик 3137700, tracked: 2, files seen: 1
[11:18:02] [delta] тик 3138000, tracked: 2, files seen: 1
[11:18:05] [delta] тик 3138300, tracked: 2, files seen: 1
[11:18:08] [delta] тик 3138600, tracked: 2, files seen: 1
[11:18:11] [delta] тик 3138900, tracked: 2, files seen: 1
[11:18:14] [delta] тик 3139200, tracked: 2, files seen: 1
[11:18:17] [delta] тик 3139500, tracked: 2, files seen: 1
[11:18:20] [delta] тик 3139800, tracked: 2, files seen: 1
[11:18:23] [delta] тик 3140100, tracked: 2, files seen: 1
[11:18:26] [delta] тик 3140400, tracked: 2, files seen: 1
[11:18:30] [delta] тик 3140700, tracked: 2, files seen: 1
[11:18:33] [delta] тик 3141000, tracked: 2, files seen: 1
[11:18:36] [delta] тик 3141300, tracked: 2, files seen: 1
[11:18:39] [delta] тик 3141600, tracked: 2, files seen: 1
[11:18:42] [delta] тик 3141900, tracked: 2, files seen: 1
[11:18:45] [delta] тик 3142200, tracked: 2, files seen: 1
[11:18:48] [delta] тик 3142500, tracked: 2, files seen: 1
[11:18:51] [delta] тик 3142800, tracked: 1, files seen: 1
[11:18:54] [delta] тик 3143100, tracked: 2, files seen: 1
[11:18:57] [delta] тик 3143400, tracked: 2, files seen: 1
[11:19:01] [delta] тик 3143700, tracked: 2, files seen: 1
[11:19:04] [delta] тик 3144000, tracked: 2, files seen: 1
[11:19:07] [delta] тик 3144300, tracked: 2, files seen: 1
[11:19:10] [delta] тик 3144600, tracked: 2, files seen: 1
[11:19:13] [delta] тик 3144900, tracked: 2, files seen: 1
[11:19:16] [delta] тик 3145200, tracked: 2, files seen: 1
[11:19:19] [delta] тик 3145500, tracked: 2, files seen: 1
[11:19:22] [delta] тик 3145800, tracked: 2, files seen: 1
[11:19:25] [delta] тик 3146100, tracked: 2, files seen: 1
[11:19:29] [delta] тик 3146400, tracked: 2, files seen: 1
[11:19:32] [delta] тик 3146700, tracked: 2, files seen: 1
[11:19:35] [delta] тик 3147000, tracked: 2, files seen: 1
[11:19:38] [delta] тик 3147300, tracked: 2, files seen: 1
[11:19:41] [delta] тик 3147600, tracked: 2, files seen: 1
[11:19:44] [delta] тик 3147900, tracked: 2, files seen: 1
[11:19:47] [delta] тик 3148200, tracked: 2, files seen: 1
[11:19:50] [delta] тик 3148500, tracked: 2, files seen: 1
[11:19:53] [delta] тик 3148800, tracked: 2, files seen: 1
[11:19:57] [delta] тик 3149100, tracked: 2, files seen: 1
[11:20:00] [delta] тик 3149400, tracked: 2, files seen: 1
[11:20:03] [delta] тик 3149700, tracked: 2, files seen: 1
[11:20:06] [delta] тик 3150000, tracked: 2, files seen: 1
[11:20:09] [delta] тик 3150300, tracked: 2, files seen: 1
[11:20:12] [delta] тик 3150600, tracked: 2, files seen: 1
[11:20:15] [delta] тик 3150900, tracked: 2, files seen: 1
[11:20:18] [delta] тик 3151200, tracked: 2, files seen: 1
[11:20:21] [delta] тик 3151500, tracked: 2, files seen: 1
[11:20:24] [delta] тик 3151800, tracked: 2, files seen: 1
[11:20:28] [delta] тик 3152100, tracked: 2, files seen: 1
[11:20:31] [delta] тик 3152400, tracked: 2, files seen: 1
[11:20:34] [delta] тик 3152700, tracked: 2, files seen: 1
[11:20:37] [delta] тик 3153000, tracked: 2, files seen: 1
[11:20:40] [delta] тик 3153300, tracked: 2, files seen: 1
[11:20:43] [delta] тик 3153600, tracked: 2, files seen: 1
[11:20:46] [delta] тик 3153900, tracked: 2, files seen: 1
[11:20:49] [delta] тик 3154200, tracked: 2, files seen: 1
[11:20:52] [delta] тик 3154500, tracked: 2, files seen: 1
[11:20:55] [delta] тик 3154800, tracked: 2, files seen: 1
[11:20:59] [delta] тик 3155100, tracked: 2, files seen: 1
[11:21:02] [delta] тик 3155400, tracked: 2, files seen: 1
[11:21:05] [delta] тик 3155700, tracked: 2, files seen: 1
[11:21:08] [delta] тик 3156000, tracked: 2, files seen: 1
[11:21:11] [delta] тик 3156300, tracked: 2, files seen: 1
[11:21:14] [delta] тик 3156600, tracked: 2, files seen: 1
[11:21:17] [delta] тик 3156900, tracked: 2, files seen: 1
[11:21:20] [delta] тик 3157200, tracked: 2, files seen: 1
[11:21:23] [delta] тик 3157500, tracked: 2, files seen: 1
[11:21:26] [delta] тик 3157800, tracked: 2, files seen: 1
[11:21:30] [delta] тик 3158100, tracked: 2, files seen: 1
[11:21:33] [delta] тик 3158400, tracked: 2, files seen: 1
[11:21:36] [delta] тик 3158700, tracked: 2, files seen: 1
[11:21:39] [delta] тик 3159000, tracked: 2, files seen: 1
[11:21:42] [delta] тик 3159300, tracked: 2, files seen: 1
[11:21:45] [delta] тик 3159600, tracked: 2, files seen: 1
[11:21:48] [delta] тик 3159900, tracked: 2, files seen: 1
[11:21:51] [delta] тик 3160200, tracked: 2, files seen: 1
[11:21:54] [delta] тик 3160500, tracked: 2, files seen: 1
[11:21:57] [delta] тик 3160800, tracked: 2, files seen: 1
[11:22:01] [delta] тик 3161100, tracked: 2, files seen: 1
[11:22:04] [delta] тик 3161400, tracked: 2, files seen: 1
[11:22:07] [delta] тик 3161700, tracked: 2, files seen: 1
[11:22:10] [delta] тик 3162000, tracked: 2, files seen: 1
[11:22:13] [delta] тик 3162300, tracked: 2, files seen: 1
[11:22:16] [delta] тик 3162600, tracked: 2, files seen: 1
[11:22:19] [delta] тик 3162900, tracked: 2, files seen: 1
[11:22:22] [delta] тик 3163200, tracked: 2, files seen: 1
[11:22:25] [delta] тик 3163500, tracked: 2, files seen: 1
[11:22:28] [delta] тик 3163800, tracked: 2, files seen: 1
[11:22:32] [delta] тик 3164100, tracked: 2, files seen: 1
[11:22:35] [delta] тик 3164400, tracked: 2, files seen: 1
[11:22:38] [delta] тик 3164700, tracked: 2, files seen: 1
[11:22:41] [delta] тик 3165000, tracked: 2, files seen: 1
[11:22:44] [delta] тик 3165300, tracked: 2, files seen: 1
[11:22:47] [delta] тик 3165600, tracked: 2, files seen: 1
[11:22:50] [delta] тик 3165900, tracked: 2, files seen: 1
[11:22:53] [delta] тик 3166200, tracked: 2, files seen: 1
[11:22:56] [delta] тик 3166500, tracked: 2, files seen: 1
[11:22:59] [delta] тик 3166800, tracked: 2, files seen: 1
[11:23:03] [delta] тик 3167100, tracked: 2, files seen: 1
[11:23:06] [delta] тик 3167400, tracked: 2, files seen: 1
[11:23:09] [delta] тик 3167700, tracked: 2, files seen: 1
[11:23:12] [delta] тик 3168000, tracked: 2, files seen: 1
[11:23:15] [delta] тик 3168300, tracked: 2, files seen: 1
[11:23:18] [delta] тик 3168600, tracked: 2, files seen: 1
[11:23:21] [delta] тик 3168900, tracked: 2, files seen: 1
[11:23:25] [delta] тик 3169200, tracked: 2, files seen: 1
[11:23:28] [delta] тик 3169500, tracked: 2, files seen: 1
[11:23:31] [delta] тик 3169800, tracked: 2, files seen: 1
[11:23:34] [delta] тик 3170100, tracked: 2, files seen: 1
[11:23:37] [delta] тик 3170400, tracked: 2, files seen: 1
[11:23:40] [delta] тик 3170700, tracked: 2, files seen: 1
[11:23:43] [delta] тик 3171000, tracked: 2, files seen: 1
[11:23:46] [delta] тик 3171300, tracked: 2, files seen: 1
[11:23:49] [delta] тик 3171600, tracked: 2, files seen: 1
[11:23:53] [delta] тик 3171900, tracked: 2, files seen: 1
[11:23:56] [delta] тик 3172200, tracked: 2, files seen: 1
[11:23:59] [delta] тик 3172500, tracked: 2, files seen: 1
[11:24:02] [delta] тик 3172800, tracked: 2, files seen: 1
[11:24:05] [delta] тик 3173100, tracked: 2, files seen: 1
[11:24:08] [delta] тик 3173400, tracked: 2, files seen: 1
[11:24:11] [delta] тик 3173700, tracked: 2, files seen: 1
[11:24:14] [delta] тик 3174000, tracked: 2, files seen: 1
[11:24:17] [delta] тик 3174300, tracked: 2, files seen: 1
[11:24:21] [delta] тик 3174600, tracked: 2, files seen: 1
[11:24:24] [delta] тик 3174900, tracked: 2, files seen: 1
[11:24:27] [delta] тик 3175200, tracked: 2, files seen: 1
[11:24:30] [delta] тик 3175500, tracked: 2, files seen: 1
[11:24:33] [delta] тик 3175800, tracked: 2, files seen: 1
[11:24:36] [delta] тик 3176100, tracked: 2, files seen: 1
[11:24:39] [delta] тик 3176400, tracked: 2, files seen: 1
[11:24:42] [delta] тик 3176700, tracked: 2, files seen: 1
[11:24:45] [delta] тик 3177000, tracked: 2, files seen: 1
[11:24:48] [delta] тик 3177300, tracked: 2, files seen: 1
[11:24:52] [delta] тик 3177600, tracked: 2, files seen: 1
[11:24:55] [delta] тик 3177900, tracked: 2, files seen: 1
[11:24:58] [delta] тик 3178200, tracked: 2, files seen: 1
[11:25:01] [delta] тик 3178500, tracked: 2, files seen: 1
[11:25:04] [delta] тик 3178800, tracked: 2, files seen: 1
[11:25:07] [delta] тик 3179100, tracked: 2, files seen: 1
[11:25:10] [delta] тик 3179400, tracked: 2, files seen: 1
[11:25:13] [delta] тик 3179700, tracked: 2, files seen: 1
[11:25:16] [delta] тик 3180000, tracked: 2, files seen: 1
[11:25:19] [delta] тик 3180300, tracked: 2, files seen: 1
[11:25:23] [delta] тик 3180600, tracked: 2, files seen: 1
[11:25:26] [delta] тик 3180900, tracked: 2, files seen: 1
[11:25:29] [delta] тик 3181200, tracked: 2, files seen: 1
[11:25:32] [delta] тик 3181500, tracked: 2, files seen: 1
[11:25:35] [delta] тик 3181800, tracked: 2, files seen: 1
[11:25:38] [delta] тик 3182100, tracked: 2, files seen: 1
[11:25:41] [delta] тик 3182400, tracked: 2, files seen: 1
[11:25:44] [delta] тик 3182700, tracked: 2, files seen: 1
[11:25:47] [delta] тик 3183000, tracked: 2, files seen: 1
[11:25:50] [delta] тик 3183300, tracked: 2, files seen: 1
[11:25:54] [delta] тик 3183600, tracked: 2, files seen: 1
[11:25:57] [delta] тик 3183900, tracked: 2, files seen: 1
[11:26:00] [delta] тик 3184200, tracked: 2, files seen: 1
[11:26:03] [delta] тик 3184500, tracked: 2, files seen: 1
[11:26:06] [delta] тик 3184800, tracked: 2, files seen: 1
[11:26:09] [delta] тик 3185100, tracked: 2, files seen: 1
[11:26:12] [delta] тик 3185400, tracked: 2, files seen: 1
[11:26:15] [delta] тик 3185700, tracked: 2, files seen: 1
[11:26:18] [delta] тик 3186000, tracked: 2, files seen: 1
[11:26:22] [delta] тик 3186300, tracked: 2, files seen: 1
[11:26:25] [delta] тик 3186600, tracked: 2, files seen: 1
[11:26:28] [delta] тик 3186900, tracked: 2, files seen: 1
[11:26:31] [delta] тик 3187200, tracked: 2, files seen: 1
[11:26:34] [delta] тик 3187500, tracked: 2, files seen: 1
[11:26:37] [delta] тик 3187800, tracked: 2, files seen: 1
[11:26:40] [delta] тик 3188100, tracked: 2, files seen: 1
[11:26:43] [delta] тик 3188400, tracked: 2, files seen: 1
[11:26:46] [delta] тик 3188700, tracked: 2, files seen: 1
[11:26:49] [delta] тик 3189000, tracked: 2, files seen: 1
[11:26:53] [delta] тик 3189300, tracked: 2, files seen: 1
[11:26:56] [delta] тик 3189600, tracked: 2, files seen: 1
[11:26:59] [delta] тик 3189900, tracked: 2, files seen: 1
[11:27:02] [delta] тик 3190200, tracked: 2, files seen: 1
[11:27:05] [delta] тик 3190500, tracked: 2, files seen: 1
[11:27:08] [delta] тик 3190800, tracked: 2, files seen: 1
[11:27:11] [delta] тик 3191100, tracked: 2, files seen: 1
[11:27:14] [delta] тик 3191400, tracked: 2, files seen: 1
[11:27:17] [delta] тик 3191700, tracked: 2, files seen: 1
[11:27:21] [delta] тик 3192000, tracked: 2, files seen: 1
[11:27:24] [delta] тик 3192300, tracked: 2, files seen: 1
[11:27:27] [delta] тик 3192600, tracked: 2, files seen: 1
[11:27:30] [delta] тик 3192900, tracked: 2, files seen: 1
[11:27:33] [delta] тик 3193200, tracked: 2, files seen: 1
[11:27:36] [delta] тик 3193500, tracked: 2, files seen: 1
[11:27:39] [delta] тик 3193800, tracked: 2, files seen: 1
[11:27:42] [delta] тик 3194100, tracked: 2, files seen: 1
[11:27:45] [delta] тик 3194400, tracked: 2, files seen: 1
[11:27:48] [delta] тик 3194700, tracked: 2, files seen: 1
[11:27:52] [delta] тик 3195000, tracked: 2, files seen: 1
[11:27:55] [delta] тик 3195300, tracked: 2, files seen: 1
[11:27:58] [delta] тик 3195600, tracked: 2, files seen: 1
[11:28:01] [delta] тик 3195900, tracked: 2, files seen: 1
[11:28:04] [delta] тик 3196200, tracked: 2, files seen: 1
[11:28:07] [delta] тик 3196500, tracked: 2, files seen: 1
[11:28:10] [delta] тик 3196800, tracked: 2, files seen: 1
[11:28:13] [delta] тик 3197100, tracked: 2, files seen: 1
[11:28:16] [delta] тик 3197400, tracked: 2, files seen: 1
[11:28:19] [delta] тик 3197700, tracked: 2, files seen: 1
[11:28:23] [delta] тик 3198000, tracked: 2, files seen: 1
[11:28:26] [delta] тик 3198300, tracked: 2, files seen: 1
[11:28:29] [delta] тик 3198600, tracked: 2, files seen: 1
[11:28:32] [delta] тик 3198900, tracked: 2, files seen: 1
[11:28:35] [delta] тик 3199200, tracked: 2, files seen: 1
[11:28:38] [delta] тик 3199500, tracked: 2, files seen: 1
[11:28:41] [delta] тик 3199800, tracked: 2, files seen: 1
[11:28:44] [delta] тик 3200100, tracked: 2, files seen: 1
[11:28:47] [delta] тик 3200400, tracked: 2, files seen: 1
[11:28:50] [delta] тик 3200700, tracked: 2, files seen: 1
[11:28:54] [delta] тик 3201000, tracked: 2, files seen: 1
[11:28:57] [delta] тик 3201300, tracked: 2, files seen: 1
[11:29:00] [delta] тик 3201600, tracked: 2, files seen: 1
[11:29:03] [delta] тик 3201900, tracked: 2, files seen: 1
[11:29:06] [delta] тик 3202200, tracked: 2, files seen: 1
[11:29:09] [delta] тик 3202500, tracked: 2, files seen: 1
[11:29:12] [delta] тик 3202800, tracked: 2, files seen: 1
[11:29:15] [delta] тик 3203100, tracked: 2, files seen: 1
[11:29:18] [delta] тик 3203400, tracked: 2, files seen: 1
[11:29:21] [delta] тик 3203700, tracked: 1, files seen: 1
[11:29:25] [delta] тик 3204000, tracked: 2, files seen: 1
[11:29:28] [delta] тик 3204300, tracked: 2, files seen: 1
[11:29:31] [delta] тик 3204600, tracked: 2, files seen: 1
[11:29:34] [delta] тик 3204900, tracked: 2, files seen: 1
[11:29:37] [delta] тик 3205200, tracked: 2, files seen: 1
[11:29:40] [delta] тик 3205500, tracked: 2, files seen: 1
[11:29:43] [delta] тик 3205800, tracked: 2, files seen: 1
[11:29:46] [delta] тик 3206100, tracked: 2, files seen: 1
[11:29:49] [delta] тик 3206400, tracked: 2, files seen: 1
[11:29:52] [delta] тик 3206700, tracked: 2, files seen: 1
[11:29:56] [delta] тик 3207000, tracked: 2, files seen: 1
[11:29:59] [delta] тик 3207300, tracked: 2, files seen: 1
[11:30:02] [delta] тик 3207600, tracked: 2, files seen: 1
[11:30:05] [delta] тик 3207900, tracked: 2, files seen: 1
[11:30:08] [delta] тик 3208200, tracked: 2, files seen: 1
[11:30:11] [delta] тик 3208500, tracked: 2, files seen: 1
[11:30:14] [delta] тик 3208800, tracked: 2, files seen: 1
[11:30:17] [delta] тик 3209100, tracked: 2, files seen: 1
[11:30:20] [delta] тик 3209400, tracked: 2, files seen: 1
[11:30:24] [delta] тик 3209700, tracked: 2, files seen: 1
[11:30:27] [delta] тик 3210000, tracked: 2, files seen: 1
[11:30:30] [delta] тик 3210300, tracked: 2, files seen: 1
[11:30:33] [delta] тик 3210600, tracked: 2, files seen: 1
[11:30:36] [delta] тик 3210900, tracked: 2, files seen: 1
[11:30:39] [delta] тик 3211200, tracked: 2, files seen: 1
[11:30:42] [delta] тик 3211500, tracked: 2, files seen: 1
[11:30:45] [delta] тик 3211800, tracked: 2, files seen: 1
[11:30:49] [delta] тик 3212100, tracked: 2, files seen: 1
[11:30:52] [delta] тик 3212400, tracked: 2, files seen: 1
[11:30:55] [delta] тик 3212700, tracked: 2, files seen: 1
[11:30:58] [delta] тик 3213000, tracked: 2, files seen: 1
[11:31:01] [delta] тик 3213300, tracked: 2, files seen: 1
[11:31:04] [delta] тик 3213600, tracked: 2, files seen: 1
[11:31:07] [delta] тик 3213900, tracked: 2, files seen: 1
[11:31:10] [delta] тик 3214200, tracked: 2, files seen: 1
[11:31:14] [delta] тик 3214500, tracked: 2, files seen: 1
[11:31:17] [delta] тик 3214800, tracked: 2, files seen: 1
[11:31:20] [delta] тик 3215100, tracked: 2, files seen: 1
[11:31:23] [delta] тик 3215400, tracked: 2, files seen: 1
[11:31:26] [delta] тик 3215700, tracked: 2, files seen: 1
[11:31:29] [delta] тик 3216000, tracked: 2, files seen: 1
[11:31:32] [delta] тик 3216300, tracked: 2, files seen: 1
[11:31:35] [delta] тик 3216600, tracked: 2, files seen: 1
[11:31:38] [delta] тик 3216900, tracked: 2, files seen: 1
[11:31:42] [delta] тик 3217200, tracked: 2, files seen: 1
[11:31:45] [delta] тик 3217500, tracked: 2, files seen: 1
[11:31:48] [delta] тик 3217800, tracked: 2, files seen: 1
[11:31:51] [delta] тик 3218100, tracked: 2, files seen: 1
[11:31:54] [delta] тик 3218400, tracked: 2, files seen: 1
[11:31:57] [delta] тик 3218700, tracked: 2, files seen: 1
[11:32:00] [delta] тик 3219000, tracked: 2, files seen: 1
[11:32:03] [delta] тик 3219300, tracked: 2, files seen: 1
[11:32:07] [delta] тик 3219600, tracked: 2, files seen: 1
[11:32:10] [delta] тик 3219900, tracked: 2, files seen: 1
[11:32:13] [delta] тик 3220200, tracked: 2, files seen: 1
[11:32:16] [delta] тик 3220500, tracked: 2, files seen: 1
[11:32:19] [delta] тик 3220800, tracked: 2, files seen: 1
[11:32:22] [delta] тик 3221100, tracked: 2, files seen: 1
[11:32:25] [delta] тик 3221400, tracked: 2, files seen: 1
[11:32:28] [delta] тик 3221700, tracked: 2, files seen: 1
[11:32:32] [delta] тик 3222000, tracked: 2, files seen: 1
[11:32:35] [delta] тик 3222300, tracked: 2, files seen: 1
[11:32:38] [delta] тик 3222600, tracked: 2, files seen: 1
[11:32:41] [delta] тик 3222900, tracked: 2, files seen: 1
[11:32:44] [delta] тик 3223200, tracked: 2, files seen: 1
[11:32:47] [delta] тик 3223500, tracked: 2, files seen: 1
[11:32:50] [delta] тик 3223800, tracked: 2, files seen: 1
[11:32:53] [delta] тик 3224100, tracked: 2, files seen: 1
[11:32:56] [delta] тик 3224400, tracked: 2, files seen: 1
[11:33:00] [delta] тик 3224700, tracked: 2, files seen: 1
[11:33:03] [delta] тик 3225000, tracked: 2, files seen: 1
[11:33:06] [delta] тик 3225300, tracked: 2, files seen: 1
[11:33:09] [delta] тик 3225600, tracked: 2, files seen: 1
[11:33:12] [delta] тик 3225900, tracked: 2, files seen: 1
[11:33:15] [delta] тик 3226200, tracked: 2, files seen: 1
[11:33:18] [delta] тик 3226500, tracked: 2, files seen: 1
[11:33:21] [delta] тик 3226800, tracked: 2, files seen: 1
[11:33:25] [delta] тик 3227100, tracked: 2, files seen: 1
[11:33:28] [delta] тик 3227400, tracked: 2, files seen: 1
[11:33:31] [delta] тик 3227700, tracked: 2, files seen: 1
[11:33:34] [delta] тик 3228000, tracked: 2, files seen: 1
[11:33:37] [delta] тик 3228300, tracked: 2, files seen: 1
[11:33:40] [delta] тик 3228600, tracked: 2, files seen: 1
[11:33:43] [delta] тик 3228900, tracked: 2, files seen: 1
[11:33:46] [delta] тик 3229200, tracked: 2, files seen: 1
[11:33:50] [delta] тик 3229500, tracked: 2, files seen: 1
[11:33:53] [delta] тик 3229800, tracked: 2, files seen: 1
[11:33:56] [delta] тик 3230100, tracked: 2, files seen: 1
[11:33:59] [delta] тик 3230400, tracked: 2, files seen: 1
[11:34:02] [delta] тик 3230700, tracked: 2, files seen: 1
[11:34:05] [delta] тик 3231000, tracked: 2, files seen: 1
[11:34:08] [delta] тик 3231300, tracked: 2, files seen: 1
[11:34:11] [delta] тик 3231600, tracked: 2, files seen: 1
[11:34:14] [delta] тик 3231900, tracked: 2, files seen: 1
[11:34:18] [delta] тик 3232200, tracked: 2, files seen: 1
[11:34:21] [delta] тик 3232500, tracked: 2, files seen: 1
[11:34:24] [delta] тик 3232800, tracked: 2, files seen: 1
[11:34:27] [delta] тик 3233100, tracked: 2, files seen: 1
[11:34:30] [delta] тик 3233400, tracked: 2, files seen: 1
[11:34:33] [delta] тик 3233700, tracked: 2, files seen: 1
[11:34:36] [delta] тик 3234000, tracked: 2, files seen: 1
[11:34:39] [delta] тик 3234300, tracked: 2, files seen: 1
[11:34:43] [delta] тик 3234600, tracked: 2, files seen: 1
[11:34:46] [delta] тик 3234900, tracked: 2, files seen: 1
[11:34:49] [delta] тик 3235200, tracked: 2, files seen: 1
[11:34:52] [delta] тик 3235500, tracked: 2, files seen: 1
[11:34:55] [delta] тик 3235800, tracked: 2, files seen: 1
[11:34:58] [delta] тик 3236100, tracked: 2, files seen: 1
[11:35:01] [delta] тик 3236400, tracked: 2, files seen: 1
[11:35:04] [delta] тик 3236700, tracked: 2, files seen: 1
[11:35:07] [delta] тик 3237000, tracked: 2, files seen: 1
[11:35:11] [delta] тик 3237300, tracked: 2, files seen: 1
[11:35:14] [delta] тик 3237600, tracked: 2, files seen: 1
[11:35:17] [delta] тик 3237900, tracked: 2, files seen: 1
[11:35:20] [delta] тик 3238200, tracked: 2, files seen: 1
[11:35:23] [delta] тик 3238500, tracked: 2, files seen: 1
[11:35:26] [delta] тик 3238800, tracked: 2, files seen: 1
[11:35:29] [delta] тик 3239100, tracked: 2, files seen: 1
[11:35:32] [delta] тик 3239400, tracked: 2, files seen: 1
[11:35:36] [delta] тик 3239700, tracked: 2, files seen: 1
[11:35:39] [delta] тик 3240000, tracked: 2, files seen: 1
[11:35:42] [delta] тик 3240300, tracked: 2, files seen: 1
[11:35:45] [delta] тик 3240600, tracked: 2, files seen: 1
[11:35:48] [delta] тик 3240900, tracked: 2, files seen: 1
[11:35:51] [delta] тик 3241200, tracked: 2, files seen: 1
[11:35:54] [delta] тик 3241500, tracked: 2, files seen: 1
[11:35:57] [delta] тик 3241800, tracked: 2, files seen: 1
[11:36:00] [delta] тик 3242100, tracked: 2, files seen: 1
[11:36:04] [delta] тик 3242400, tracked: 2, files seen: 1
[11:36:07] [delta] тик 3242700, tracked: 2, files seen: 1
[11:36:10] [delta] тик 3243000, tracked: 2, files seen: 1
[11:36:13] [delta] тик 3243300, tracked: 2, files seen: 1
[11:36:16] [delta] тик 3243600, tracked: 2, files seen: 1
[11:36:19] [delta] тик 3243900, tracked: 2, files seen: 1
[11:36:22] [delta] тик 3244200, tracked: 2, files seen: 1
[11:36:25] [delta] тик 3244500, tracked: 2, files seen: 1
[11:36:29] [delta] тик 3244800, tracked: 2, files seen: 1
[11:36:32] [delta] тик 3245100, tracked: 2, files seen: 1
[11:36:35] [delta] тик 3245400, tracked: 2, files seen: 1
[11:36:38] [delta] тик 3245700, tracked: 2, files seen: 1
[11:36:41] [delta] тик 3246000, tracked: 2, files seen: 1
[11:36:44] [delta] тик 3246300, tracked: 2, files seen: 1
[11:36:47] [delta] тик 3246600, tracked: 2, files seen: 1
[11:36:50] [delta] тик 3246900, tracked: 2, files seen: 1
[11:36:53] [delta] тик 3247200, tracked: 2, files seen: 1
[11:36:57] [delta] тик 3247500, tracked: 2, files seen: 1
[11:37:00] [delta] тик 3247800, tracked: 2, files seen: 1
[11:37:03] [delta] тик 3248100, tracked: 2, files seen: 1
[11:37:06] [delta] тик 3248400, tracked: 2, files seen: 1
[11:37:09] [delta] тик 3248700, tracked: 2, files seen: 1
[11:37:12] [delta] тик 3249000, tracked: 2, files seen: 1
[11:37:15] [delta] тик 3249300, tracked: 2, files seen: 1
[11:37:18] [delta] тик 3249600, tracked: 2, files seen: 1
[11:37:21] [delta] тик 3249900, tracked: 2, files seen: 1
[11:37:25] [delta] тик 3250200, tracked: 2, files seen: 1
[11:37:28] [delta] тик 3250500, tracked: 2, files seen: 1
[11:37:31] [delta] тик 3250800, tracked: 2, files seen: 1
[11:37:34] [delta] тик 3251100, tracked: 2, files seen: 1
[11:37:37] [delta] тик 3251400, tracked: 2, files seen: 1
[11:37:40] [delta] тик 3251700, tracked: 2, files seen: 1
[11:37:43] [delta] тик 3252000, tracked: 2, files seen: 1
[11:37:46] [delta] тик 3252300, tracked: 2, files seen: 1
[11:37:50] [delta] тик 3252600, tracked: 2, files seen: 1
[11:37:53] [delta] тик 3252900, tracked: 2, files seen: 1
[11:37:56] [delta] тик 3253200, tracked: 2, files seen: 1
[11:37:59] [delta] тик 3253500, tracked: 2, files seen: 1
[11:38:02] [delta] тик 3253800, tracked: 2, files seen: 1
[11:38:05] [delta] тик 3254100, tracked: 2, files seen: 1
[11:38:08] [delta] тик 3254400, tracked: 2, files seen: 1
[11:38:11] [delta] тик 3254700, tracked: 2, files seen: 1
[11:38:15] [delta] тик 3255000, tracked: 2, files seen: 1
[11:38:18] [delta] тик 3255300, tracked: 2, files seen: 1
[11:38:21] [delta] тик 3255600, tracked: 2, files seen: 1
[11:38:24] [delta] тик 3255900, tracked: 2, files seen: 1
[11:38:27] [delta] тик 3256200, tracked: 2, files seen: 1
[11:38:30] [delta] тик 3256500, tracked: 2, files seen: 1
[11:38:33] [delta] тик 3256800, tracked: 2, files seen: 1
[11:38:36] [delta] тик 3257100, tracked: 2, files seen: 1
[11:38:40] [delta] тик 3257400, tracked: 2, files seen: 1
[11:38:43] [delta] тик 3257700, tracked: 2, files seen: 1
[11:38:46] [delta] тик 3258000, tracked: 2, files seen: 1
[11:38:49] [delta] тик 3258300, tracked: 2, files seen: 1
[11:38:52] [delta] тик 3258600, tracked: 2, files seen: 1
[11:38:55] [delta] тик 3258900, tracked: 2, files seen: 1
[11:38:58] [delta] тик 3259200, tracked: 2, files seen: 1
[11:39:01] [delta] тик 3259500, tracked: 2, files seen: 1
[11:39:04] [delta] тик 3259800, tracked: 2, files seen: 1
[11:39:08] [delta] тик 3260100, tracked: 2, files seen: 1
[11:39:11] [delta] тик 3260400, tracked: 2, files seen: 1
[11:39:14] [delta] тик 3260700, tracked: 2, files seen: 1
[11:39:17] [delta] тик 3261000, tracked: 2, files seen: 1
[11:39:20] [delta] тик 3261300, tracked: 2, files seen: 1
[11:39:23] [delta] тик 3261600, tracked: 2, files seen: 1
[11:39:26] [delta] тик 3261900, tracked: 2, files seen: 1
[11:39:29] [delta] тик 3262200, tracked: 2, files seen: 1
[11:39:33] [delta] тик 3262500, tracked: 2, files seen: 1
[11:39:36] [delta] тик 3262800, tracked: 2, files seen: 1
[11:39:39] [delta] тик 3263100, tracked: 2, files seen: 1
[11:39:42] [delta] тик 3263400, tracked: 2, files seen: 1
[11:39:45] [delta] тик 3263700, tracked: 2, files seen: 1
[11:39:48] [delta] тик 3264000, tracked: 2, files seen: 1
[11:39:51] [delta] тик 3264300, tracked: 2, files seen: 1
[11:39:54] [delta] тик 3264600, tracked: 2, files seen: 1
[11:39:57] [delta] тик 3264900, tracked: 2, files seen: 1
[11:40:01] [delta] тик 3265200, tracked: 2, files seen: 1
[11:40:04] [delta] тик 3265500, tracked: 2, files seen: 1
[11:40:07] [delta] тик 3265800, tracked: 2, files seen: 1
[11:40:10] [delta] тик 3266100, tracked: 2, files seen: 1
[11:40:13] [delta] тик 3266400, tracked: 2, files seen: 1
[11:40:16] [delta] тик 3266700, tracked: 2, files seen: 1
[11:40:19] [delta] тик 3267000, tracked: 2, files seen: 1
[11:40:22] [delta] тик 3267300, tracked: 2, files seen: 1
[11:40:26] [delta] тик 3267600, tracked: 2, files seen: 1
[11:40:29] [delta] тик 3267900, tracked: 2, files seen: 1
[11:40:32] [delta] тик 3268200, tracked: 2, files seen: 1
[11:40:35] [delta] тик 3268500, tracked: 2, files seen: 1
[11:40:38] [delta] тик 3268800, tracked: 2, files seen: 1
[11:40:41] [delta] тик 3269100, tracked: 2, files seen: 1
[11:40:44] [delta] тик 3269400, tracked: 2, files seen: 1
[11:40:47] [delta] тик 3269700, tracked: 2, files seen: 1
[11:40:50] [delta] тик 3270000, tracked: 2, files seen: 1
[11:40:54] [delta] тик 3270300, tracked: 2, files seen: 1
[11:40:57] [delta] тик 3270600, tracked: 2, files seen: 1
[11:41:00] [delta] тик 3270900, tracked: 2, files seen: 1
[11:41:03] [delta] тик 3271200, tracked: 2, files seen: 1
[11:41:06] [delta] тик 3271500, tracked: 2, files seen: 1
[11:41:09] [delta] тик 3271800, tracked: 2, files seen: 1
[11:41:12] [delta] тик 3272100, tracked: 2, files seen: 1
[11:41:15] [delta] тик 3272400, tracked: 2, files seen: 1
[11:41:19] [delta] тик 3272700, tracked: 2, files seen: 1
[11:41:22] [delta] тик 3273000, tracked: 2, files seen: 1
[11:41:25] [delta] тик 3273300, tracked: 2, files seen: 1
[11:41:28] [delta] тик 3273600, tracked: 2, files seen: 1
[11:41:31] [delta] тик 3273900, tracked: 2, files seen: 1
[11:41:34] [delta] тик 3274200, tracked: 2, files seen: 1
[11:41:37] [delta] тик 3274500, tracked: 2, files seen: 1
[11:41:40] [delta] тик 3274800, tracked: 2, files seen: 1
[11:41:43] [delta] тик 3275100, tracked: 2, files seen: 1
[11:41:47] [delta] тик 3275400, tracked: 2, files seen: 1
[11:41:50] [delta] тик 3275700, tracked: 2, files seen: 1
[11:41:53] [delta] тик 3276000, tracked: 2, files seen: 1
[11:41:56] [delta] тик 3276300, tracked: 2, files seen: 1
[11:41:59] [delta] тик 3276600, tracked: 2, files seen: 1
[11:42:02] [delta] тик 3276900, tracked: 2, files seen: 1
[11:42:05] [delta] тик 3277200, tracked: 2, files seen: 1
[11:42:08] [delta] тик 3277500, tracked: 2, files seen: 1
[11:42:12] [delta] тик 3277800, tracked: 2, files seen: 1
[11:42:15] [delta] тик 3278100, tracked: 2, files seen: 1
[11:42:18] [delta] тик 3278400, tracked: 2, files seen: 1
[11:42:21] [delta] тик 3278700, tracked: 2, files seen: 1
[11:42:24] [delta] тик 3279000, tracked: 2, files seen: 1
[11:42:27] [delta] тик 3279300, tracked: 2, files seen: 1
[11:42:30] [delta] тик 3279600, tracked: 2, files seen: 1
[11:42:33] [delta] тик 3279900, tracked: 2, files seen: 1
[11:42:37] [delta] тик 3280200, tracked: 2, files seen: 1
[11:42:40] [delta] тик 3280500, tracked: 2, files seen: 1
[11:42:43] [delta] тик 3280800, tracked: 2, files seen: 1
[11:42:46] [delta] тик 3281100, tracked: 2, files seen: 1
[11:42:49] [delta] тик 3281400, tracked: 2, files seen: 1
[11:42:52] [delta] тик 3281700, tracked: 2, files seen: 1
[11:42:55] [delta] тик 3282000, tracked: 2, files seen: 1
[11:42:58] [delta] тик 3282300, tracked: 2, files seen: 1
[11:43:01] [delta] тик 3282600, tracked: 2, files seen: 1
[11:43:05] [delta] тик 3282900, tracked: 2, files seen: 1
[11:43:08] [delta] тик 3283200, tracked: 2, files seen: 1
[11:43:11] [delta] тик 3283500, tracked: 2, files seen: 1
[11:43:14] [delta] тик 3283800, tracked: 2, files seen: 1
[11:43:17] [delta] тик 3284100, tracked: 2, files seen: 1
[11:43:20] [delta] тик 3284400, tracked: 1, files seen: 1
[11:43:23] [delta] тик 3284700, tracked: 2, files seen: 1
[11:43:26] [delta] тик 3285000, tracked: 2, files seen: 1
[11:43:30] [delta] тик 3285300, tracked: 2, files seen: 1
[11:43:33] [delta] тик 3285600, tracked: 2, files seen: 1
[11:43:36] [delta] тик 3285900, tracked: 2, files seen: 1
[11:43:39] [delta] тик 3286200, tracked: 2, files seen: 1
[11:43:42] [delta] тик 3286500, tracked: 2, files seen: 1
[11:43:45] [delta] тик 3286800, tracked: 2, files seen: 1
[11:43:48] [delta] тик 3287100, tracked: 2, files seen: 1
[11:43:51] [delta] тик 3287400, tracked: 2, files seen: 1
[11:43:54] [delta] тик 3287700, tracked: 2, files seen: 1
[11:43:58] [delta] тик 3288000, tracked: 2, files seen: 1
[11:44:01] [delta] тик 3288300, tracked: 2, files seen: 1
[11:44:04] [delta] тик 3288600, tracked: 2, files seen: 1
[11:44:07] [delta] тик 3288900, tracked: 2, files seen: 1
[11:44:10] [delta] тик 3289200, tracked: 2, files seen: 1
[11:44:13] [delta] тик 3289500, tracked: 2, files seen: 1
[11:44:16] [delta] тик 3289800, tracked: 2, files seen: 1
[11:44:19] [delta] тик 3290100, tracked: 2, files seen: 1
[11:44:23] [delta] тик 3290400, tracked: 2, files seen: 1
[11:44:26] [delta] тик 3290700, tracked: 2, files seen: 1
[11:44:29] [delta] тик 3291000, tracked: 2, files seen: 1
[11:44:32] [delta] тик 3291300, tracked: 2, files seen: 1
[11:44:35] [delta] тик 3291600, tracked: 2, files seen: 1
[11:44:38] [delta] тик 3291900, tracked: 2, files seen: 1
[11:44:41] [delta] тик 3292200, tracked: 2, files seen: 1
[11:44:44] [delta] тик 3292500, tracked: 2, files seen: 1
[11:44:47] [delta] тик 3292800, tracked: 2, files seen: 1
[11:44:51] [delta] тик 3293100, tracked: 2, files seen: 1
[11:44:54] [delta] тик 3293400, tracked: 2, files seen: 1
[11:44:57] [delta] тик 3293700, tracked: 2, files seen: 1
[11:45:00] [delta] тик 3294000, tracked: 2, files seen: 1
[11:45:03] [delta] тик 3294300, tracked: 2, files seen: 1
[11:45:06] [delta] тик 3294600, tracked: 2, files seen: 1
[11:45:09] [delta] тик 3294900, tracked: 2, files seen: 1
[11:45:12] [delta] тик 3295200, tracked: 2, files seen: 1
[11:45:16] [delta] тик 3295500, tracked: 2, files seen: 1
[11:45:19] [delta] тик 3295800, tracked: 2, files seen: 1
[11:45:22] [delta] тик 3296100, tracked: 2, files seen: 1
[11:45:25] [delta] тик 3296400, tracked: 2, files seen: 1
[11:45:28] [delta] тик 3296700, tracked: 2, files seen: 1
[11:45:31] [delta] тик 3297000, tracked: 2, files seen: 1
[11:45:34] [delta] тик 3297300, tracked: 2, files seen: 1
[11:45:37] [delta] тик 3297600, tracked: 2, files seen: 1
[11:45:40] [delta] тик 3297900, tracked: 2, files seen: 1
[11:45:44] [delta] тик 3298200, tracked: 2, files seen: 1
[11:45:47] [delta] тик 3298500, tracked: 2, files seen: 1
[11:45:50] [delta] тик 3298800, tracked: 2, files seen: 1
[11:45:53] [delta] тик 3299100, tracked: 2, files seen: 1
[11:45:56] [delta] тик 3299400, tracked: 2, files seen: 1
[11:45:59] [delta] тик 3299700, tracked: 2, files seen: 1
[11:46:02] [delta] тик 3300000, tracked: 2, files seen: 1
[11:46:05] [delta] тик 3300300, tracked: 2, files seen: 1
[11:46:09] [delta] тик 3300600, tracked: 2, files seen: 1
[11:46:12] [delta] тик 3300900, tracked: 2, files seen: 1
[11:46:15] [delta] тик 3301200, tracked: 2, files seen: 1
[11:46:18] [delta] тик 3301500, tracked: 2, files seen: 1
[11:46:21] [delta] тик 3301800, tracked: 2, files seen: 1
[11:46:24] [delta] тик 3302100, tracked: 2, files seen: 1
[11:46:27] [delta] тик 3302400, tracked: 2, files seen: 1
[11:46:30] [delta] тик 3302700, tracked: 2, files seen: 1
[11:46:33] [delta] тик 3303000, tracked: 2, files seen: 1
[11:46:37] [delta] тик 3303300, tracked: 2, files seen: 1
[11:46:40] [delta] тик 3303600, tracked: 2, files seen: 1
[11:46:43] [delta] тик 3303900, tracked: 2, files seen: 1
[11:46:46] [delta] тик 3304200, tracked: 2, files seen: 1
[11:46:49] [delta] тик 3304500, tracked: 2, files seen: 1
[11:46:52] [delta] тик 3304800, tracked: 2, files seen: 1
[11:46:55] [delta] тик 3305100, tracked: 2, files seen: 1
[11:46:58] [delta] тик 3305400, tracked: 2, files seen: 1
[11:47:02] [delta] тик 3305700, tracked: 2, files seen: 1
[11:47:05] [delta] тик 3306000, tracked: 2, files seen: 1
[11:47:08] [delta] тик 3306300, tracked: 2, files seen: 1
[11:47:11] [delta] тик 3306600, tracked: 2, files seen: 1
[11:47:14] [delta] тик 3306900, tracked: 2, files seen: 1
[11:47:17] [delta] тик 3307200, tracked: 2, files seen: 1
[11:47:20] [delta] тик 3307500, tracked: 2, files seen: 1
[11:47:23] [delta] тик 3307800, tracked: 2, files seen: 1
[11:47:26] [delta] тик 3308100, tracked: 2, files seen: 1
[11:47:30] [delta] тик 3308400, tracked: 2, files seen: 1
[11:47:33] [delta] тик 3308700, tracked: 2, files seen: 1
[11:47:36] [delta] тик 3309000, tracked: 2, files seen: 1
[11:47:39] [delta] тик 3309300, tracked: 2, files seen: 1
[11:47:42] [delta] тик 3309600, tracked: 2, files seen: 1
[11:47:45] [delta] тик 3309900, tracked: 2, files seen: 1
[11:47:48] [delta] тик 3310200, tracked: 2, files seen: 1
[11:47:51] [delta] тик 3310500, tracked: 2, files seen: 1
[11:47:54] [delta] тик 3310800, tracked: 2, files seen: 1
[11:47:58] [delta] тик 3311100, tracked: 2, files seen: 1
[11:48:01] [delta] тик 3311400, tracked: 2, files seen: 1
[11:48:04] [delta] тик 3311700, tracked: 2, files seen: 1
[11:48:07] [delta] тик 3312000, tracked: 2, files seen: 1
[11:48:10] [delta] тик 3312300, tracked: 2, files seen: 1
[11:48:13] [delta] тик 3312600, tracked: 2, files seen: 1
[11:48:16] [delta] тик 3312900, tracked: 2, files seen: 1
[11:48:19] [delta] тик 3313200, tracked: 2, files seen: 1
[11:48:23] [delta] тик 3313500, tracked: 2, files seen: 1
[11:48:26] [delta] тик 3313800, tracked: 2, files seen: 1
[11:48:29] [delta] тик 3314100, tracked: 2, files seen: 1
[11:48:32] [delta] тик 3314400, tracked: 2, files seen: 1
[11:48:35] [delta] тик 3314700, tracked: 2, files seen: 1
[11:48:38] [delta] тик 3315000, tracked: 2, files seen: 1
[11:48:41] [delta] тик 3315300, tracked: 2, files seen: 1
[11:48:44] [delta] тик 3315600, tracked: 2, files seen: 1
[11:48:47] [delta] тик 3315900, tracked: 2, files seen: 1
[11:48:51] [delta] тик 3316200, tracked: 2, files seen: 1
[11:48:54] [delta] тик 3316500, tracked: 2, files seen: 1
[11:48:57] [delta] тик 3316800, tracked: 2, files seen: 1
[11:49:00] [delta] тик 3317100, tracked: 2, files seen: 1
[11:49:03] [delta] тик 3317400, tracked: 1, files seen: 1
[11:49:06] [delta] тик 3317700, tracked: 2, files seen: 1
[11:49:09] [delta] тик 3318000, tracked: 2, files seen: 1
[11:49:12] [delta] тик 3318300, tracked: 2, files seen: 1
[11:49:16] [delta] тик 3318600, tracked: 2, files seen: 1
[11:49:19] [delta] тик 3318900, tracked: 2, files seen: 1
[11:49:22] [delta] тик 3319200, tracked: 2, files seen: 1
[11:49:25] [delta] тик 3319500, tracked: 2, files seen: 1
[11:49:28] [delta] тик 3319800, tracked: 2, files seen: 1
[11:49:31] [delta] тик 3320100, tracked: 2, files seen: 1
[11:49:34] [delta] тик 3320400, tracked: 2, files seen: 1
[11:49:37] [delta] тик 3320700, tracked: 2, files seen: 1
[11:49:41] [delta] тик 3321000, tracked: 2, files seen: 1
[11:49:44] [delta] тик 3321300, tracked: 2, files seen: 1
[11:49:47] [delta] тик 3321600, tracked: 2, files seen: 1
[11:49:50] [delta] тик 3321900, tracked: 2, files seen: 1
[11:49:53] [delta] тик 3322200, tracked: 2, files seen: 1
[11:49:56] [delta] тик 3322500, tracked: 2, files seen: 1
[11:49:59] [delta] тик 3322800, tracked: 2, files seen: 1
[11:50:02] [delta] тик 3323100, tracked: 2, files seen: 1
[11:50:06] [delta] тик 3323400, tracked: 2, files seen: 1
[11:50:09] [delta] тик 3323700, tracked: 2, files seen: 1
[11:50:12] [delta] тик 3324000, tracked: 2, files seen: 1
[11:50:15] [delta] тик 3324300, tracked: 2, files seen: 1
[11:50:18] [delta] тик 3324600, tracked: 2, files seen: 1
[11:50:21] [delta] тик 3324900, tracked: 2, files seen: 1
[11:50:24] [delta] тик 3325200, tracked: 2, files seen: 1
[11:50:27] [delta] тик 3325500, tracked: 2, files seen: 1
[11:50:30] [delta] тик 3325800, tracked: 2, files seen: 1
[11:50:34] [delta] тик 3326100, tracked: 2, files seen: 1
[11:50:37] [delta] тик 3326400, tracked: 2, files seen: 1
[11:50:40] [delta] тик 3326700, tracked: 2, files seen: 1
[11:50:43] [delta] тик 3327000, tracked: 2, files seen: 1
[11:50:46] [delta] тик 3327300, tracked: 2, files seen: 1
[11:50:49] [delta] тик 3327600, tracked: 2, files seen: 1
[11:50:52] [delta] тик 3327900, tracked: 2, files seen: 1
[11:50:55] [delta] тик 3328200, tracked: 2, files seen: 1
[11:50:58] [delta] тик 3328500, tracked: 2, files seen: 1
[11:51:02] [delta] тик 3328800, tracked: 2, files seen: 1
[11:51:05] [delta] тик 3329100, tracked: 2, files seen: 1
[11:51:08] [delta] тик 3329400, tracked: 2, files seen: 1
[11:51:11] [delta] тик 3329700, tracked: 2, files seen: 1
[11:51:14] [delta] тик 3330000, tracked: 2, files seen: 1
[11:51:17] [delta] тик 3330300, tracked: 2, files seen: 1
[11:51:20] [delta] тик 3330600, tracked: 2, files seen: 1
[11:51:23] [delta] тик 3330900, tracked: 2, files seen: 1
[11:51:27] [delta] тик 3331200, tracked: 2, files seen: 1
[11:51:30] [delta] тик 3331500, tracked: 2, files seen: 1
[11:51:33] [delta] тик 3331800, tracked: 2, files seen: 1
[11:51:36] [delta] тик 3332100, tracked: 2, files seen: 1
[11:51:39] [delta] тик 3332400, tracked: 2, files seen: 1
[11:51:42] [delta] тик 3332700, tracked: 2, files seen: 1
[11:51:45] [delta] тик 3333000, tracked: 2, files seen: 1
[11:51:48] [delta] тик 3333300, tracked: 2, files seen: 1
[11:51:51] [delta] тик 3333600, tracked: 2, files seen: 1
[11:51:55] [delta] тик 3333900, tracked: 2, files seen: 1
[11:51:58] [delta] тик 3334200, tracked: 2, files seen: 1
[11:52:01] [delta] тик 3334500, tracked: 2, files seen: 1
[11:52:04] [delta] тик 3334800, tracked: 2, files seen: 1
[11:52:07] [delta] тик 3335100, tracked: 2, files seen: 1
[11:52:10] [delta] тик 3335400, tracked: 2, files seen: 1
[11:52:13] [delta] тик 3335700, tracked: 2, files seen: 1
[11:52:16] [delta] тик 3336000, tracked: 2, files seen: 1
[11:52:20] [delta] тик 3336300, tracked: 2, files seen: 1
[11:52:23] [delta] тик 3336600, tracked: 2, files seen: 1
[11:52:26] [delta] тик 3336900, tracked: 2, files seen: 1
[11:52:29] [delta] тик 3337200, tracked: 2, files seen: 1
[11:52:32] [delta] тик 3337500, tracked: 2, files seen: 1
[11:52:35] [delta] тик 3337800, tracked: 2, files seen: 1
[11:52:38] [delta] тик 3338100, tracked: 2, files seen: 1
[11:52:41] [delta] тик 3338400, tracked: 2, files seen: 1
[11:52:45] [delta] тик 3338700, tracked: 2, files seen: 1
[11:52:48] [delta] тик 3339000, tracked: 2, files seen: 1
[11:52:51] [delta] тик 3339300, tracked: 2, files seen: 1
[11:52:54] [delta] тик 3339600, tracked: 2, files seen: 1
[11:52:57] [delta] тик 3339900, tracked: 2, files seen: 1
[11:53:00] [delta] тик 3340200, tracked: 2, files seen: 1
[11:53:03] [delta] тик 3340500, tracked: 2, files seen: 1
[11:53:06] [delta] тик 3340800, tracked: 2, files seen: 1
[11:53:09] [delta] тик 3341100, tracked: 2, files seen: 1
[11:53:13] [delta] тик 3341400, tracked: 2, files seen: 1
[11:53:16] [delta] тик 3341700, tracked: 2, files seen: 1
[11:53:19] [delta] тик 3342000, tracked: 2, files seen: 1
[11:53:22] [delta] тик 3342300, tracked: 2, files seen: 1
[11:53:25] [delta] тик 3342600, tracked: 2, files seen: 1
[11:53:28] [delta] тик 3342900, tracked: 2, files seen: 1
[11:53:31] [delta] тик 3343200, tracked: 2, files seen: 1
[11:53:34] [delta] тик 3343500, tracked: 2, files seen: 1
[11:53:38] [delta] тик 3343800, tracked: 2, files seen: 1
[11:53:41] [delta] тик 3344100, tracked: 2, files seen: 1
[11:53:44] [delta] тик 3344400, tracked: 2, files seen: 1
[11:53:47] [delta] тик 3344700, tracked: 2, files seen: 1
[11:53:50] [delta] тик 3345000, tracked: 2, files seen: 1
[11:53:53] [delta] тик 3345300, tracked: 2, files seen: 1
[11:53:56] [delta] тик 3345600, tracked: 2, files seen: 1
[11:53:59] [delta] тик 3345900, tracked: 1, files seen: 1
[11:54:02] [delta] тик 3346200, tracked: 2, files seen: 1
[11:54:06] [delta] тик 3346500, tracked: 2, files seen: 1
[11:54:09] [delta] тик 3346800, tracked: 2, files seen: 1
[11:54:12] [delta] тик 3347100, tracked: 2, files seen: 1
[11:54:15] [delta] тик 3347400, tracked: 2, files seen: 1
[11:54:18] [delta] тик 3347700, tracked: 2, files seen: 1
[11:54:21] [delta] тик 3348000, tracked: 2, files seen: 1
[11:54:24] [delta] тик 3348300, tracked: 2, files seen: 1
[11:54:27] [delta] тик 3348600, tracked: 2, files seen: 1
[11:54:31] [delta] тик 3348900, tracked: 2, files seen: 1
[11:54:34] [delta] тик 3349200, tracked: 2, files seen: 1
[11:54:37] [delta] тик 3349500, tracked: 2, files seen: 1
[11:54:40] [delta] тик 3349800, tracked: 2, files seen: 1
[11:54:43] [delta] тик 3350100, tracked: 2, files seen: 1
[11:54:46] [delta] тик 3350400, tracked: 2, files seen: 1
[11:54:49] [delta] тик 3350700, tracked: 2, files seen: 1
[11:54:52] [delta] тик 3351000, tracked: 2, files seen: 1
[11:54:56] [delta] тик 3351300, tracked: 2, files seen: 1
[11:54:59] [delta] тик 3351600, tracked: 2, files seen: 1
[11:55:02] [delta] тик 3351900, tracked: 2, files seen: 1
[11:55:05] [delta] тик 3352200, tracked: 2, files seen: 1
[11:55:08] [delta] тик 3352500, tracked: 2, files seen: 1
[11:55:11] [delta] тик 3352800, tracked: 2, files seen: 1
[11:55:14] [delta] тик 3353100, tracked: 2, files seen: 1
[11:55:17] [delta] тик 3353400, tracked: 2, files seen: 1
[11:55:21] [delta] тик 3353700, tracked: 1, files seen: 1
[11:55:24] [delta] тик 3354000, tracked: 2, files seen: 1
[11:55:27] [delta] тик 3354300, tracked: 2, files seen: 1
[11:55:30] [delta] тик 3354600, tracked: 2, files seen: 1
[11:55:33] [delta] тик 3354900, tracked: 2, files seen: 1
[11:55:36] [delta] тик 3355200, tracked: 2, files seen: 1
[11:55:39] [delta] тик 3355500, tracked: 2, files seen: 1
[11:55:42] [delta] тик 3355800, tracked: 2, files seen: 1
[11:55:45] [delta] тик 3356100, tracked: 2, files seen: 1
[11:55:49] [delta] тик 3356400, tracked: 2, files seen: 1
[11:55:52] [delta] тик 3356700, tracked: 2, files seen: 1
[11:55:55] [delta] тик 3357000, tracked: 2, files seen: 1
[11:55:58] [delta] тик 3357300, tracked: 2, files seen: 1
[11:56:01] [delta] тик 3357600, tracked: 2, files seen: 1
[11:56:04] [delta] тик 3357900, tracked: 2, files seen: 1
[11:56:07] [delta] тик 3358200, tracked: 2, files seen: 1
[11:56:10] [delta] тик 3358500, tracked: 2, files seen: 1
[11:56:14] [delta] тик 3358800, tracked: 2, files seen: 1
[11:56:17] [delta] тик 3359100, tracked: 2, files seen: 1
[11:56:20] [delta] тик 3359400, tracked: 2, files seen: 1
[11:56:23] [delta] тик 3359700, tracked: 2, files seen: 1
[11:56:26] [delta] тик 3360000, tracked: 2, files seen: 1
[11:56:29] [delta] тик 3360300, tracked: 2, files seen: 1
[11:56:32] [delta] тик 3360600, tracked: 2, files seen: 1
[11:56:35] [delta] тик 3360900, tracked: 2, files seen: 1
[11:56:38] [delta] тик 3361200, tracked: 2, files seen: 1
[11:56:42] [delta] тик 3361500, tracked: 2, files seen: 1
[11:56:45] [delta] тик 3361800, tracked: 2, files seen: 1
[11:56:48] [delta] тик 3362100, tracked: 2, files seen: 1
[11:56:51] [delta] тик 3362400, tracked: 2, files seen: 1
[11:56:54] [delta] тик 3362700, tracked: 2, files seen: 1
[11:56:57] [delta] тик 3363000, tracked: 2, files seen: 1
[11:57:00] [delta] тик 3363300, tracked: 2, files seen: 1
[11:57:03] [delta] тик 3363600, tracked: 2, files seen: 1
[11:57:07] [delta] тик 3363900, tracked: 2, files seen: 1
[11:57:10] [delta] тик 3364200, tracked: 2, files seen: 1
[11:57:13] [delta] тик 3364500, tracked: 2, files seen: 1
[11:57:16] [delta] тик 3364800, tracked: 2, files seen: 1
[11:57:19] [delta] тик 3365100, tracked: 2, files seen: 1
[11:57:22] [delta] тик 3365400, tracked: 2, files seen: 1
[11:57:25] [delta] тик 3365700, tracked: 2, files seen: 1
[11:57:28] [delta] тик 3366000, tracked: 2, files seen: 1
[11:57:31] [delta] тик 3366300, tracked: 2, files seen: 1
[11:57:35] [delta] тик 3366600, tracked: 2, files seen: 1
[11:57:38] [delta] тик 3366900, tracked: 2, files seen: 1
[11:57:41] [delta] тик 3367200, tracked: 2, files seen: 1
[11:57:44] [delta] тик 3367500, tracked: 2, files seen: 1
[11:57:47] [delta] тик 3367800, tracked: 1, files seen: 1
[11:57:50] [delta] тик 3368100, tracked: 2, files seen: 1
[11:57:53] [delta] тик 3368400, tracked: 2, files seen: 1
[11:57:56] [delta] тик 3368700, tracked: 2, files seen: 1
[11:57:59] [delta] тик 3369000, tracked: 2, files seen: 1
[11:58:03] [delta] тик 3369300, tracked: 2, files seen: 1
[11:58:06] [delta] тик 3369600, tracked: 2, files seen: 1
[11:58:09] [delta] тик 3369900, tracked: 2, files seen: 1
[11:58:12] [delta] тик 3370200, tracked: 2, files seen: 1
[11:58:15] [delta] тик 3370500, tracked: 2, files seen: 1
[11:58:18] [delta] тик 3370800, tracked: 2, files seen: 1
[11:58:21] [delta] тик 3371100, tracked: 2, files seen: 1
[11:58:24] [delta] тик 3371400, tracked: 2, files seen: 1
[11:58:28] [delta] тик 3371700, tracked: 2, files seen: 1
[11:58:31] [delta] тик 3372000, tracked: 2, files seen: 1
[11:58:34] [delta] тик 3372300, tracked: 2, files seen: 1
[11:58:37] [delta] тик 3372600, tracked: 2, files seen: 1
[11:58:40] [delta] тик 3372900, tracked: 2, files seen: 1
[11:58:43] [delta] тик 3373200, tracked: 2, files seen: 1
[11:58:46] [delta] тик 3373500, tracked: 2, files seen: 1
[11:58:49] [delta] тик 3373800, tracked: 2, files seen: 1
[11:58:52] [delta] тик 3374100, tracked: 2, files seen: 1
[11:58:56] [delta] тик 3374400, tracked: 2, files seen: 1
[11:58:59] [delta] тик 3374700, tracked: 2, files seen: 1
[11:59:02] [delta] тик 3375000, tracked: 2, files seen: 1
[11:59:05] [delta] тик 3375300, tracked: 2, files seen: 1
[11:59:08] [delta] тик 3375600, tracked: 2, files seen: 1
[11:59:11] [delta] тик 3375900, tracked: 2, files seen: 1
[11:59:14] [delta] тик 3376200, tracked: 1, files seen: 1
[11:59:17] [delta] тик 3376500, tracked: 2, files seen: 1
[11:59:21] [delta] тик 3376800, tracked: 2, files seen: 1
[11:59:24] [delta] тик 3377100, tracked: 2, files seen: 1
[11:59:27] [delta] тик 3377400, tracked: 2, files seen: 1
[11:59:30] [delta] тик 3377700, tracked: 2, files seen: 1
[11:59:33] [delta] тик 3378000, tracked: 2, files seen: 1
[11:59:36] [delta] тик 3378300, tracked: 2, files seen: 1
[11:59:39] [delta] тик 3378600, tracked: 2, files seen: 1
[11:59:42] [delta] тик 3378900, tracked: 2, files seen: 1
[11:59:45] [delta] тик 3379200, tracked: 2, files seen: 1
[11:59:49] [delta] тик 3379500, tracked: 2, files seen: 1
[11:59:52] [delta] тик 3379800, tracked: 2, files seen: 1
[11:59:55] [delta] тик 3380100, tracked: 2, files seen: 1
[11:59:58] [delta] тик 3380400, tracked: 2, files seen: 1
[12:00:01] [delta] тик 3380700, tracked: 2, files seen: 1
[12:00:04] [delta] тик 3381000, tracked: 2, files seen: 1
[12:00:07] [delta] тик 3381300, tracked: 2, files seen: 1
[12:00:10] [delta] тик 3381600, tracked: 2, files seen: 1
[12:00:13] [delta] тик 3381900, tracked: 2, files seen: 1
[12:00:17] [delta] тик 3382200, tracked: 2, files seen: 1
[12:00:20] [delta] тик 3382500, tracked: 2, files seen: 1
[12:00:23] [delta] тик 3382800, tracked: 2, files seen: 1
[12:00:26] [delta] тик 3383100, tracked: 2, files seen: 1
[12:00:29] [delta] тик 3383400, tracked: 2, files seen: 1
[12:00:32] [delta] тик 3383700, tracked: 2, files seen: 1
[12:00:35] [delta] тик 3384000, tracked: 2, files seen: 1
[12:00:38] [delta] тик 3384300, tracked: 2, files seen: 1
[12:00:42] [delta] тик 3384600, tracked: 2, files seen: 1
[12:00:45] [delta] тик 3384900, tracked: 2, files seen: 1
[12:00:48] [delta] тик 3385200, tracked: 2, files seen: 1
[12:00:51] [delta] тик 3385500, tracked: 2, files seen: 1
[12:00:54] [delta] тик 3385800, tracked: 2, files seen: 1
[12:00:57] [delta] тик 3386100, tracked: 2, files seen: 1
[12:01:00] [delta] тик 3386400, tracked: 2, files seen: 1
[12:01:03] [delta] тик 3386700, tracked: 2, files seen: 1
[12:01:07] [delta] тик 3387000, tracked: 2, files seen: 1
[12:01:10] [delta] тик 3387300, tracked: 2, files seen: 1
[12:01:13] [delta] тик 3387600, tracked: 2, files seen: 1
[12:01:16] [delta] тик 3387900, tracked: 2, files seen: 1
[12:01:19] [delta] тик 3388200, tracked: 2, files seen: 1
[12:01:22] [delta] тик 3388500, tracked: 2, files seen: 1
[12:01:25] [delta] тик 3388800, tracked: 2, files seen: 1
[12:01:28] [delta] тик 3389100, tracked: 2, files seen: 1
[12:01:32] [delta] тик 3389400, tracked: 2, files seen: 1
[12:01:35] [delta] тик 3389700, tracked: 2, files seen: 1
[12:01:38] [delta] тик 3390000, tracked: 2, files seen: 1
[12:01:41] [delta] тик 3390300, tracked: 2, files seen: 1
[12:01:44] [delta] тик 3390600, tracked: 2, files seen: 1
[12:01:47] [delta] тик 3390900, tracked: 2, files seen: 1
[12:01:50] [delta] тик 3391200, tracked: 2, files seen: 1
[12:01:53] [delta] тик 3391500, tracked: 2, files seen: 1
[12:01:57] [delta] тик 3391800, tracked: 2, files seen: 1
[12:02:00] [delta] тик 3392100, tracked: 2, files seen: 1
